Delivery_ID,Payment_ID,Order_ID,Delivery_Method,Delivery_Status,Delivery_Days,Payment_Method,Payment_Status,Customer_Rating,Review_Score,Return_Flag,Return_Reason
D00001,PAY00001,O00001,Standard,Delivered,6,Cash On Delivery,Pending,5,2,No,Late Delivery
D00002,PAY00002,O00002,Express,Returned,1,Cash On Delivery,Refunded,3,8,Yes,N/A
D00003,PAY00003,O00003,Express,Returned,1,Cash On Delivery,Refunded,2,7,No,Late Delivery
D00004,PAY00004,O00004,Same Day,Delivered,8,Apple Pay,Paid,1,1,No,Damaged
D00005,PAY00005,O00005,Express,Delivered,5,Credit Card,Refunded,2,4,No,Wrong Item
D00006,PAY00006,O00006,Same Day,Delivered,1,Mada,Paid,5,3,Yes,Damaged
D00007,PAY00007,O00007,Standard,Delivered,6,STC Pay,Paid,2,7,No,Damaged
D00008,PAY00008,O00008,Express,Returned,2,Apple Pay,Pending,1,1,No,N/A
D00009,PAY00009,O00009,Same Day,Delivered,9,Debit Card,Paid,1,5,No,Late Delivery
D00010,PAY00010,O00010,Express,In Transit,9,Debit Card,Paid,3,7,Yes,Late Delivery
D00011,PAY00011,O00011,Same Day,Delivered,5,Apple Pay,Paid,3,7,No,Late Delivery
D00012,PAY00012,O00012,Same Day,Returned,1,Mada,Refunded,3,5,No,Wrong Item
D00013,PAY00013,O00013,Express,Returned,5,Apple Pay,Paid,2,4,Yes,Wrong Item
D00014,PAY00014,O00014,Express,Returned,6,Mada,Pending,1,4,Yes,Damaged
D00015,PAY00015,O00015,Express,Delivered,3,Mada,Pending,1,10,Yes,Wrong Item
D00016,PAY00016,O00016,Standard,Delivered,6,Debit Card,Refunded,2,6,Yes,Late Delivery
D00017,PAY00017,O00017,Standard,Returned,9,Apple Pay,Refunded,3,3,Yes,Wrong Item
D00018,PAY00018,O00018,Express,Returned,5,Apple Pay,Paid,3,1,Yes,Damaged
D00019,PAY00019,O00019,Standard,In Transit,7,Cash On Delivery,Paid,4,9,Yes,Damaged
D00020,PAY00020,O00020,Standard,In Transit,6,Apple Pay,Pending,5,2,Yes,Wrong Item
D00021,PAY00021,O00021,Express,Delivered,1,Apple Pay,Paid,4,2,Yes,Damaged
D00022,PAY00022,O00022,Standard,Delivered,8,Credit Card,Refunded,3,4,Yes,Damaged
D00023,PAY00023,O00023,Same Day,Delivered,2,Debit Card,Refunded,3,3,No,N/A
D00024,PAY00024,O00024,Same Day,Returned,10,Debit Card,Refunded,2,1,No,Wrong Item
D00025,PAY00025,O00025,Same Day,Returned,10,Debit Card,Paid,1,10,Yes,N/A
D00026,PAY00026,O00026,Standard,Returned,6,Cash On Delivery,Paid,1,4,Yes,Wrong Item
D00027,PAY00027,O00027,Same Day,Delivered,8,Credit Card,Pending,1,4,Yes,Damaged
D00028,PAY00028,O00028,Standard,In Transit,8,Credit Card,Pending,5,1,No,N/A
D00029,PAY00029,O00029,Same Day,Returned,2,Credit Card,Paid,3,8,Yes,Late Delivery
D00030,PAY00030,O00030,Express,In Transit,9,Credit Card,Paid,3,1,Yes,N/A
D00031,PAY00031,O00031,Same Day,Delivered,10,Cash On Delivery,Refunded,4,3,No,Late Delivery
D00032,PAY00032,O00032,Standard,Delivered,6,Cash On Delivery,Refunded,2,4,Yes,N/A
D00033,PAY00033,O00033,Express,Delivered,10,Credit Card,Pending,5,1,Yes,Damaged
D00034,PAY00034,O00034,Standard,In Transit,3,Mada,Refunded,5,5,Yes,Wrong Item
D00035,PAY00035,O00035,Standard,Delivered,10,STC Pay,Paid,5,9,Yes,Wrong Item
D00036,PAY00036,O00036,Express,In Transit,9,Mada,Refunded,1,3,No,Wrong Item
D00037,PAY00037,O00037,Same Day,In Transit,3,Credit Card,Paid,4,7,No,N/A
D00038,PAY00038,O00038,Same Day,Returned,2,Apple Pay,Pending,4,10,No,N/A
D00039,PAY00039,O00039,Standard,In Transit,7,Debit Card,Pending,5,7,No,Late Delivery
D00040,PAY00040,O00040,Express,Returned,4,Cash On Delivery,Refunded,2,4,No,N/A
D00041,PAY00041,O00041,Same Day,Delivered,3,STC Pay,Pending,3,5,No,Damaged
D00042,PAY00042,O00042,Express,Returned,5,Cash On Delivery,Pending,3,8,Yes,N/A
D00043,PAY00043,O00043,Standard,Returned,8,Debit Card,Paid,1,2,Yes,Damaged
D00044,PAY00044,O00044,Standard,Returned,8,Mada,Pending,4,3,No,Damaged
D00045,PAY00045,O00045,Standard,Returned,8,Debit Card,Paid,1,2,No,Late Delivery
D00046,PAY00046,O00046,Same Day,Delivered,8,STC Pay,Paid,3,5,Yes,Late Delivery
D00047,PAY00047,O00047,Same Day,In Transit,7,STC Pay,Refunded,2,7,No,Damaged
D00048,PAY00048,O00048,Standard,Delivered,4,STC Pay,Refunded,2,5,No,N/A
D00049,PAY00049,O00049,Same Day,Returned,6,Apple Pay,Refunded,2,4,Yes,Wrong Item
D00050,PAY00050,O00050,Standard,In Transit,6,Debit Card,Refunded,1,3,No,Late Delivery
D00051,PAY00051,O00051,Same Day,Delivered,5,Credit Card,Refunded,3,9,No,N/A
D00052,PAY00052,O00052,Same Day,Delivered,6,Credit Card,Pending,3,2,Yes,Late Delivery
D00053,PAY00053,O00053,Express,Delivered,6,Debit Card,Pending,3,9,No,N/A
D00054,PAY00054,O00054,Express,In Transit,2,STC Pay,Pending,3,5,No,Damaged
D00055,PAY00055,O00055,Same Day,Returned,6,Mada,Pending,2,9,No,Late Delivery
D00056,PAY00056,O00056,Express,Delivered,6,Debit Card,Paid,2,3,Yes,N/A
D00057,PAY00057,O00057,Same Day,In Transit,3,Mada,Refunded,2,7,No,Damaged
D00058,PAY00058,O00058,Same Day,Returned,6,Mada,Paid,3,2,Yes,Wrong Item
D00059,PAY00059,O00059,Standard,Returned,1,STC Pay,Refunded,1,5,Yes,Late Delivery
D00060,PAY00060,O00060,Express,Delivered,5,Credit Card,Paid,4,8,No,N/A
D00061,PAY00061,O00061,Express,In Transit,9,Credit Card,Paid,1,6,Yes,Damaged
D00062,PAY00062,O00062,Same Day,In Transit,4,Mada,Refunded,4,5,Yes,Damaged
D00063,PAY00063,O00063,Same Day,Returned,6,Debit Card,Paid,2,8,No,Damaged
D00064,PAY00064,O00064,Standard,Returned,7,STC Pay,Pending,2,6,Yes,Wrong Item
D00065,PAY00065,O00065,Express,Returned,5,Apple Pay,Refunded,5,3,No,N/A
D00066,PAY00066,O00066,Same Day,Delivered,1,Credit Card,Refunded,1,3,No,Damaged
D00067,PAY00067,O00067,Standard,Returned,1,Cash On Delivery,Pending,2,6,No,N/A
D00068,PAY00068,O00068,Standard,In Transit,10,Cash On Delivery,Refunded,5,9,No,Late Delivery
D00069,PAY00069,O00069,Express,Delivered,2,STC Pay,Paid,3,10,Yes,Damaged
D00070,PAY00070,O00070,Same Day,Returned,2,Mada,Paid,5,8,No,Damaged
D00071,PAY00071,O00071,Express,Delivered,7,Cash On Delivery,Pending,4,2,No,Damaged
D00072,PAY00072,O00072,Same Day,Delivered,8,Mada,Paid,1,3,No,Late Delivery
D00073,PAY00073,O00073,Standard,Delivered,5,Mada,Paid,2,4,Yes,N/A
D00074,PAY00074,O00074,Standard,Delivered,4,Debit Card,Refunded,3,4,No,Late Delivery
D00075,PAY00075,O00075,Standard,Delivered,3,Debit Card,Pending,2,4,No,N/A
D00076,PAY00076,O00076,Same Day,Delivered,10,Mada,Refunded,1,4,No,Wrong Item
D00077,PAY00077,O00077,Standard,Delivered,4,Debit Card,Pending,3,3,No,Late Delivery
D00078,PAY00078,O00078,Standard,In Transit,8,Cash On Delivery,Refunded,2,7,No,Wrong Item
D00079,PAY00079,O00079,Same Day,In Transit,8,Debit Card,Pending,2,6,Yes,N/A
D00080,PAY00080,O00080,Same Day,Returned,3,STC Pay,Paid,2,3,No,Damaged
D00081,PAY00081,O00081,Standard,In Transit,2,Apple Pay,Refunded,4,2,Yes,Late Delivery
D00082,PAY00082,O00082,Same Day,Returned,8,Cash On Delivery,Pending,3,1,Yes,Wrong Item
D00083,PAY00083,O00083,Express,Delivered,7,Apple Pay,Refunded,3,2,No,Wrong Item
D00084,PAY00084,O00084,Same Day,Delivered,1,Mada,Refunded,5,9,Yes,Wrong Item
D00085,PAY00085,O00085,Same Day,In Transit,3,Credit Card,Pending,1,2,Yes,Late Delivery
D00086,PAY00086,O00086,Same Day,In Transit,8,Mada,Paid,1,5,No,N/A
D00087,PAY00087,O00087,Express,Returned,8,Cash On Delivery,Refunded,1,5,No,Late Delivery
D00088,PAY00088,O00088,Same Day,Delivered,5,Mada,Refunded,4,4,Yes,Damaged
D00089,PAY00089,O00089,Express,Returned,8,Mada,Paid,3,4,No,Damaged
D00090,PAY00090,O00090,Same Day,In Transit,1,Debit Card,Pending,5,5,No,Late Delivery
D00091,PAY00091,O00091,Express,In Transit,5,Mada,Refunded,5,7,Yes,Wrong Item
D00092,PAY00092,O00092,Express,Returned,2,STC Pay,Paid,3,7,Yes,Late Delivery
D00093,PAY00093,O00093,Same Day,Returned,3,Mada,Pending,4,10,Yes,Late Delivery
D00094,PAY00094,O00094,Same Day,Returned,8,Credit Card,Refunded,4,7,Yes,Damaged
D00095,PAY00095,O00095,Standard,Returned,1,Debit Card,Refunded,4,5,Yes,Late Delivery
D00096,PAY00096,O00096,Same Day,Delivered,1,Credit Card,Refunded,4,10,No,Wrong Item
D00097,PAY00097,O00097,Express,In Transit,6,Mada,Pending,1,9,Yes,Late Delivery
D00098,PAY00098,O00098,Standard,Returned,8,Credit Card,Refunded,3,7,No,Damaged
D00099,PAY00099,O00099,Same Day,Returned,7,STC Pay,Refunded,4,10,Yes,Late Delivery
D00100,PAY00100,O00100,Standard,In Transit,9,Mada,Paid,2,5,No,Late Delivery
D00101,PAY00101,O00101,Express,Returned,2,Cash On Delivery,Pending,2,7,Yes,Wrong Item
D00102,PAY00102,O00102,Standard,Returned,3,Apple Pay,Refunded,2,5,Yes,Late Delivery
D00103,PAY00103,O00103,Express,Delivered,10,Mada,Refunded,5,10,No,Wrong Item
D00104,PAY00104,O00104,Same Day,In Transit,10,Credit Card,Paid,3,9,Yes,Late Delivery
D00105,PAY00105,O00105,Express,In Transit,6,Cash On Delivery,Refunded,4,10,No,Damaged
D00106,PAY00106,O00106,Same Day,In Transit,5,STC Pay,Paid,5,2,Yes,N/A
D00107,PAY00107,O00107,Express,Returned,6,STC Pay,Pending,4,7,Yes,Damaged
D00108,PAY00108,O00108,Standard,Returned,1,Mada,Refunded,4,6,Yes,N/A
D00109,PAY00109,O00109,Standard,Returned,3,Mada,Pending,4,10,No,Wrong Item
D00110,PAY00110,O00110,Same Day,Delivered,6,Mada,Refunded,4,1,Yes,N/A
D00111,PAY00111,O00111,Same Day,Delivered,6,Mada,Pending,4,2,Yes,N/A
D00112,PAY00112,O00112,Express,Returned,3,Mada,Pending,3,8,No,Late Delivery
D00113,PAY00113,O00113,Express,In Transit,10,STC Pay,Paid,2,2,Yes,N/A
D00114,PAY00114,O00114,Standard,Delivered,5,Mada,Pending,2,5,Yes,Late Delivery
D00115,PAY00115,O00115,Express,Delivered,10,Debit Card,Pending,1,5,Yes,N/A
D00116,PAY00116,O00116,Same Day,In Transit,5,STC Pay,Refunded,3,3,No,Late Delivery
D00117,PAY00117,O00117,Same Day,In Transit,4,Credit Card,Paid,3,1,No,Damaged
D00118,PAY00118,O00118,Standard,Delivered,7,Mada,Pending,4,1,Yes,Late Delivery
D00119,PAY00119,O00119,Standard,Returned,6,Debit Card,Pending,2,10,No,Wrong Item
D00120,PAY00120,O00120,Standard,In Transit,1,Credit Card,Paid,3,4,No,Damaged
D00121,PAY00121,O00121,Express,Delivered,1,Cash On Delivery,Refunded,4,2,No,N/A
D00122,PAY00122,O00122,Same Day,Delivered,4,STC Pay,Paid,5,4,Yes,Wrong Item
D00123,PAY00123,O00123,Express,Delivered,9,Mada,Pending,2,7,No,Wrong Item
D00124,PAY00124,O00124,Standard,In Transit,1,Mada,Paid,3,5,No,Damaged
D00125,PAY00125,O00125,Same Day,In Transit,1,Apple Pay,Refunded,4,5,Yes,Wrong Item
D00126,PAY00126,O00126,Standard,Delivered,9,Cash On Delivery,Refunded,5,4,No,Late Delivery
D00127,PAY00127,O00127,Standard,Returned,6,STC Pay,Pending,1,4,Yes,Damaged
D00128,PAY00128,O00128,Same Day,Delivered,10,Apple Pay,Paid,1,5,Yes,N/A
D00129,PAY00129,O00129,Express,Delivered,7,Debit Card,Pending,2,7,Yes,Damaged
D00130,PAY00130,O00130,Same Day,Delivered,9,Cash On Delivery,Refunded,3,3,No,Wrong Item
D00131,PAY00131,O00131,Standard,Delivered,2,Debit Card,Refunded,3,10,Yes,Late Delivery
D00132,PAY00132,O00132,Standard,Returned,4,Debit Card,Paid,5,4,Yes,Late Delivery
D00133,PAY00133,O00133,Same Day,In Transit,3,Debit Card,Refunded,3,5,No,Wrong Item
D00134,PAY00134,O00134,Express,Returned,6,Mada,Pending,3,7,No,Wrong Item
D00135,PAY00135,O00135,Express,In Transit,6,Credit Card,Refunded,1,2,No,Wrong Item
D00136,PAY00136,O00136,Standard,In Transit,10,Cash On Delivery,Paid,4,2,Yes,Damaged
D00137,PAY00137,O00137,Express,In Transit,2,Apple Pay,Pending,4,8,Yes,N/A
D00138,PAY00138,O00138,Same Day,Delivered,2,Apple Pay,Refunded,4,7,No,Wrong Item
D00139,PAY00139,O00139,Same Day,Returned,7,STC Pay,Paid,3,1,Yes,Late Delivery
D00140,PAY00140,O00140,Express,Returned,7,Debit Card,Refunded,4,7,No,Damaged
D00141,PAY00141,O00141,Express,In Transit,6,STC Pay,Paid,4,9,No,Wrong Item
D00142,PAY00142,O00142,Same Day,In Transit,1,Credit Card,Paid,2,6,No,Wrong Item
D00143,PAY00143,O00143,Same Day,In Transit,6,Debit Card,Pending,1,4,Yes,Late Delivery
D00144,PAY00144,O00144,Standard,Delivered,4,Debit Card,Paid,3,9,No,Late Delivery
D00145,PAY00145,O00145,Express,Delivered,4,STC Pay,Paid,5,3,No,Damaged
D00146,PAY00146,O00146,Same Day,Delivered,10,STC Pay,Refunded,3,4,Yes,N/A
D00147,PAY00147,O00147,Express,Returned,3,Apple Pay,Pending,3,10,No,N/A
D00148,PAY00148,O00148,Same Day,Delivered,1,Debit Card,Pending,5,9,No,Wrong Item
D00149,PAY00149,O00149,Express,Returned,9,STC Pay,Paid,1,6,No,Late Delivery
D00150,PAY00150,O00150,Standard,Returned,6,Credit Card,Refunded,5,9,No,Damaged
D00151,PAY00151,O00151,Same Day,Delivered,2,Cash On Delivery,Refunded,5,6,Yes,N/A
D00152,PAY00152,O00152,Express,Delivered,6,Apple Pay,Refunded,5,6,Yes,Late Delivery
D00153,PAY00153,O00153,Express,Returned,5,Apple Pay,Refunded,1,1,No,Late Delivery
D00154,PAY00154,O00154,Express,In Transit,6,Cash On Delivery,Pending,3,7,No,Wrong Item
D00155,PAY00155,O00155,Express,Delivered,6,Apple Pay,Pending,3,2,Yes,Damaged
D00156,PAY00156,O00156,Same Day,Delivered,3,Cash On Delivery,Paid,5,7,No,Wrong Item
D00157,PAY00157,O00157,Express,Returned,3,STC Pay,Pending,5,6,No,Late Delivery
D00158,PAY00158,O00158,Express,Returned,5,Debit Card,Refunded,2,9,No,Late Delivery
D00159,PAY00159,O00159,Standard,In Transit,2,Debit Card,Paid,1,9,Yes,Late Delivery
D00160,PAY00160,O00160,Express,In Transit,10,Apple Pay,Pending,5,3,No,Damaged
D00161,PAY00161,O00161,Same Day,Delivered,1,Apple Pay,Pending,5,7,Yes,Late Delivery
D00162,PAY00162,O00162,Same Day,In Transit,9,Credit Card,Paid,1,3,No,Wrong Item
D00163,PAY00163,O00163,Standard,In Transit,6,Apple Pay,Paid,3,5,Yes,N/A
D00164,PAY00164,O00164,Standard,Returned,1,Debit Card,Refunded,5,7,Yes,Late Delivery
D00165,PAY00165,O00165,Same Day,In Transit,10,Credit Card,Pending,5,10,Yes,Wrong Item
D00166,PAY00166,O00166,Same Day,Delivered,5,Credit Card,Paid,1,2,No,Late Delivery
D00167,PAY00167,O00167,Standard,Delivered,1,Debit Card,Pending,1,10,Yes,Wrong Item
D00168,PAY00168,O00168,Same Day,Delivered,9,Debit Card,Paid,3,6,No,N/A
D00169,PAY00169,O00169,Same Day,Delivered,4,Mada,Paid,2,5,No,Wrong Item
D00170,PAY00170,O00170,Express,In Transit,2,STC Pay,Pending,3,8,No,Damaged
D00171,PAY00171,O00171,Express,In Transit,3,Debit Card,Paid,3,3,Yes,Wrong Item
D00172,PAY00172,O00172,Standard,Returned,6,Cash On Delivery,Pending,5,6,Yes,Damaged
D00173,PAY00173,O00173,Express,Returned,2,Apple Pay,Paid,1,5,No,Late Delivery
D00174,PAY00174,O00174,Standard,Returned,5,Mada,Pending,3,3,No,Late Delivery
D00175,PAY00175,O00175,Express,Delivered,1,Cash On Delivery,Refunded,5,10,Yes,Damaged
D00176,PAY00176,O00176,Same Day,Delivered,5,Debit Card,Refunded,2,7,Yes,N/A
D00177,PAY00177,O00177,Standard,In Transit,8,Mada,Pending,1,3,No,Damaged
D00178,PAY00178,O00178,Same Day,In Transit,5,Apple Pay,Paid,5,9,Yes,Wrong Item
D00179,PAY00179,O00179,Express,Returned,3,Mada,Refunded,5,10,No,Late Delivery
D00180,PAY00180,O00180,Same Day,Delivered,1,Credit Card,Paid,2,9,No,Late Delivery
D00181,PAY00181,O00181,Standard,Delivered,4,Mada,Paid,5,5,Yes,Late Delivery
D00182,PAY00182,O00182,Same Day,Returned,6,Mada,Paid,2,9,Yes,Wrong Item
D00183,PAY00183,O00183,Express,In Transit,1,Mada,Pending,1,8,Yes,N/A
D00184,PAY00184,O00184,Same Day,In Transit,6,Credit Card,Refunded,4,7,Yes,Late Delivery
D00185,PAY00185,O00185,Standard,In Transit,5,Debit Card,Refunded,4,6,Yes,Damaged
D00186,PAY00186,O00186,Same Day,In Transit,9,Debit Card,Refunded,4,7,No,Damaged
D00187,PAY00187,O00187,Same Day,Delivered,7,Debit Card,Refunded,5,8,Yes,N/A
D00188,PAY00188,O00188,Same Day,Delivered,9,STC Pay,Paid,2,3,No,N/A
D00189,PAY00189,O00189,Express,In Transit,8,Credit Card,Refunded,3,4,No,N/A
D00190,PAY00190,O00190,Same Day,In Transit,3,Credit Card,Pending,4,10,No,Wrong Item
D00191,PAY00191,O00191,Standard,Returned,9,Credit Card,Refunded,5,9,No,Late Delivery
D00192,PAY00192,O00192,Same Day,Delivered,8,Apple Pay,Refunded,4,6,No,N/A
D00193,PAY00193,O00193,Standard,Returned,4,Apple Pay,Paid,2,3,Yes,Damaged
D00194,PAY00194,O00194,Express,In Transit,2,Debit Card,Paid,1,4,Yes,Damaged
D00195,PAY00195,O00195,Same Day,Delivered,2,Debit Card,Paid,2,4,Yes,N/A
D00196,PAY00196,O00196,Same Day,Delivered,4,Apple Pay,Paid,1,5,Yes,Damaged
D00197,PAY00197,O00197,Same Day,Delivered,3,Credit Card,Paid,5,5,No,Wrong Item
D00198,PAY00198,O00198,Same Day,Returned,10,Mada,Pending,1,10,No,Wrong Item
D00199,PAY00199,O00199,Standard,Delivered,8,Apple Pay,Paid,5,10,Yes,Wrong Item
D00200,PAY00200,O00200,Standard,Delivered,4,STC Pay,Refunded,2,3,No,Late Delivery
D00201,PAY00201,O00201,Standard,Returned,5,Mada,Pending,3,1,Yes,Late Delivery
D00202,PAY00202,O00202,Standard,Returned,3,Debit Card,Pending,3,1,No,Late Delivery
D00203,PAY00203,O00203,Express,Delivered,10,STC Pay,Refunded,5,7,Yes,N/A
D00204,PAY00204,O00204,Express,Returned,3,Credit Card,Refunded,5,1,Yes,N/A
D00205,PAY00205,O00205,Same Day,Returned,2,STC Pay,Refunded,4,4,No,Damaged
D00206,PAY00206,O00206,Same Day,Delivered,2,Debit Card,Pending,1,9,Yes,Wrong Item
D00207,PAY00207,O00207,Express,Delivered,4,Cash On Delivery,Paid,2,2,Yes,N/A
D00208,PAY00208,O00208,Same Day,Delivered,8,Apple Pay,Paid,4,4,No,N/A
D00209,PAY00209,O00209,Express,In Transit,1,Credit Card,Paid,5,7,No,Late Delivery
D00210,PAY00210,O00210,Standard,Returned,1,Mada,Paid,5,8,No,N/A
D00211,PAY00211,O00211,Express,In Transit,4,Debit Card,Refunded,4,2,No,Late Delivery
D00212,PAY00212,O00212,Same Day,In Transit,1,Credit Card,Pending,2,10,No,N/A
D00213,PAY00213,O00213,Same Day,Delivered,7,Cash On Delivery,Paid,5,1,No,Damaged
D00214,PAY00214,O00214,Same Day,Returned,8,Cash On Delivery,Refunded,3,7,Yes,Late Delivery
D00215,PAY00215,O00215,Express,In Transit,9,STC Pay,Refunded,2,9,Yes,Late Delivery
D00216,PAY00216,O00216,Standard,Returned,3,Credit Card,Refunded,4,1,No,N/A
D00217,PAY00217,O00217,Standard,Delivered,4,Debit Card,Pending,2,1,No,Late Delivery
D00218,PAY00218,O00218,Express,Delivered,6,Debit Card,Refunded,1,8,Yes,Damaged
D00219,PAY00219,O00219,Standard,Returned,3,Apple Pay,Paid,3,2,No,Late Delivery
D00220,PAY00220,O00220,Same Day,Delivered,3,Debit Card,Refunded,1,2,Yes,Damaged
D00221,PAY00221,O00221,Standard,Delivered,6,Debit Card,Paid,5,6,No,N/A
D00222,PAY00222,O00222,Express,Returned,6,Mada,Refunded,4,1,No,Late Delivery
D00223,PAY00223,O00223,Same Day,Returned,6,Debit Card,Refunded,4,5,Yes,N/A
D00224,PAY00224,O00224,Same Day,Delivered,4,Apple Pay,Refunded,3,7,Yes,Wrong Item
D00225,PAY00225,O00225,Same Day,Returned,5,Cash On Delivery,Refunded,4,5,Yes,N/A
D00226,PAY00226,O00226,Standard,Delivered,1,Credit Card,Paid,4,2,Yes,Damaged
D00227,PAY00227,O00227,Same Day,Delivered,4,Debit Card,Paid,4,10,No,Damaged
D00228,PAY00228,O00228,Same Day,Returned,3,Credit Card,Paid,2,2,No,Late Delivery
D00229,PAY00229,O00229,Express,Delivered,10,Credit Card,Refunded,4,7,Yes,Damaged
D00230,PAY00230,O00230,Same Day,Delivered,10,Debit Card,Refunded,5,2,Yes,Damaged
D00231,PAY00231,O00231,Express,Returned,8,Credit Card,Refunded,4,4,No,Wrong Item
D00232,PAY00232,O00232,Express,Delivered,10,Cash On Delivery,Paid,3,7,Yes,Late Delivery
D00233,PAY00233,O00233,Standard,In Transit,4,Debit Card,Paid,2,5,No,N/A
D00234,PAY00234,O00234,Express,Returned,2,STC Pay,Refunded,3,2,No,Wrong Item
D00235,PAY00235,O00235,Express,Returned,3,Cash On Delivery,Pending,5,10,No,N/A
D00236,PAY00236,O00236,Express,Returned,2,Credit Card,Paid,2,2,No,Wrong Item
D00237,PAY00237,O00237,Same Day,Delivered,5,Credit Card,Refunded,3,9,Yes,Late Delivery
D00238,PAY00238,O00238,Same Day,Returned,2,Cash On Delivery,Refunded,2,6,Yes,Late Delivery
D00239,PAY00239,O00239,Express,Returned,1,Apple Pay,Refunded,2,8,Yes,Damaged
D00240,PAY00240,O00240,Express,In Transit,8,Debit Card,Pending,3,3,No,Damaged
D00241,PAY00241,O00241,Same Day,In Transit,7,STC Pay,Paid,4,4,No,N/A
D00242,PAY00242,O00242,Standard,In Transit,1,Debit Card,Refunded,2,1,No,Wrong Item
D00243,PAY00243,O00243,Standard,In Transit,5,Debit Card,Paid,3,7,Yes,Wrong Item
D00244,PAY00244,O00244,Standard,In Transit,3,Apple Pay,Refunded,4,6,No,Wrong Item
D00245,PAY00245,O00245,Express,Returned,6,Apple Pay,Refunded,1,6,No,Wrong Item
D00246,PAY00246,O00246,Standard,Delivered,1,Debit Card,Paid,3,7,Yes,Wrong Item
D00247,PAY00247,O00247,Standard,In Transit,3,Apple Pay,Refunded,2,1,No,Wrong Item
D00248,PAY00248,O00248,Express,Returned,2,Credit Card,Paid,5,10,Yes,Wrong Item
D00249,PAY00249,O00249,Express,In Transit,9,Apple Pay,Refunded,4,2,No,Wrong Item
D00250,PAY00250,O00250,Express,Returned,9,Apple Pay,Pending,1,10,No,Wrong Item
D00251,PAY00251,O00251,Express,Delivered,2,Debit Card,Pending,2,6,Yes,Wrong Item
D00252,PAY00252,O00252,Standard,In Transit,9,Apple Pay,Refunded,4,3,Yes,Late Delivery
D00253,PAY00253,O00253,Standard,Delivered,5,Credit Card,Paid,5,10,No,Damaged
D00254,PAY00254,O00254,Standard,In Transit,5,Debit Card,Refunded,1,6,No,Late Delivery
D00255,PAY00255,O00255,Same Day,Returned,9,Apple Pay,Refunded,5,2,No,Wrong Item
D00256,PAY00256,O00256,Express,Delivered,5,Apple Pay,Paid,2,9,Yes,Wrong Item
D00257,PAY00257,O00257,Express,Delivered,7,STC Pay,Pending,3,6,No,Damaged
D00258,PAY00258,O00258,Same Day,In Transit,8,Cash On Delivery,Paid,4,6,Yes,N/A
D00259,PAY00259,O00259,Same Day,Delivered,5,Cash On Delivery,Refunded,4,4,No,N/A
D00260,PAY00260,O00260,Same Day,Delivered,1,Apple Pay,Pending,2,6,No,Damaged
D00261,PAY00261,O00261,Same Day,In Transit,10,Debit Card,Paid,2,3,No,Late Delivery
D00262,PAY00262,O00262,Express,Delivered,5,Debit Card,Paid,4,4,Yes,N/A
D00263,PAY00263,O00263,Express,Delivered,8,Credit Card,Refunded,4,1,Yes,N/A
D00264,PAY00264,O00264,Standard,In Transit,1,Apple Pay,Refunded,4,7,No,Late Delivery
D00265,PAY00265,O00265,Same Day,Delivered,3,Cash On Delivery,Paid,4,1,Yes,Wrong Item
D00266,PAY00266,O00266,Express,Returned,2,STC Pay,Pending,4,6,Yes,Damaged
D00267,PAY00267,O00267,Standard,In Transit,3,Credit Card,Paid,2,2,No,Late Delivery
D00268,PAY00268,O00268,Same Day,Delivered,8,Cash On Delivery,Paid,3,10,No,Damaged
D00269,PAY00269,O00269,Same Day,In Transit,3,Debit Card,Refunded,4,1,No,N/A
D00270,PAY00270,O00270,Standard,Returned,7,Debit Card,Paid,2,9,Yes,Damaged
D00271,PAY00271,O00271,Standard,Delivered,6,Mada,Paid,2,1,Yes,Late Delivery
D00272,PAY00272,O00272,Same Day,Returned,6,STC Pay,Pending,1,10,No,Wrong Item
D00273,PAY00273,O00273,Express,Returned,8,Credit Card,Paid,2,1,No,N/A
D00274,PAY00274,O00274,Express,In Transit,9,STC Pay,Pending,4,4,Yes,N/A
D00275,PAY00275,O00275,Express,Delivered,4,Mada,Refunded,3,7,No,Damaged
D00276,PAY00276,O00276,Same Day,Returned,7,Apple Pay,Pending,2,2,No,Late Delivery
D00277,PAY00277,O00277,Express,Delivered,9,Cash On Delivery,Paid,3,8,Yes,Late Delivery
D00278,PAY00278,O00278,Same Day,Delivered,4,Credit Card,Pending,2,2,No,N/A
D00279,PAY00279,O00279,Standard,Returned,10,STC Pay,Refunded,1,9,No,N/A
D00280,PAY00280,O00280,Express,In Transit,7,Apple Pay,Pending,3,9,Yes,Wrong Item
D00281,PAY00281,O00281,Same Day,Delivered,9,Debit Card,Pending,3,8,Yes,N/A
D00282,PAY00282,O00282,Standard,Delivered,10,Mada,Pending,1,7,Yes,Damaged
D00283,PAY00283,O00283,Same Day,Delivered,4,Cash On Delivery,Pending,5,3,Yes,Damaged
D00284,PAY00284,O00284,Standard,Returned,6,Credit Card,Refunded,4,6,Yes,Wrong Item
D00285,PAY00285,O00285,Standard,Delivered,2,STC Pay,Refunded,3,8,No,Damaged
D00286,PAY00286,O00286,Express,In Transit,8,Debit Card,Refunded,1,7,Yes,Damaged
D00287,PAY00287,O00287,Express,In Transit,6,Mada,Refunded,1,2,No,N/A
D00288,PAY00288,O00288,Express,In Transit,8,Credit Card,Paid,5,7,Yes,Damaged
D00289,PAY00289,O00289,Same Day,Delivered,4,Mada,Paid,1,8,No,Wrong Item
D00290,PAY00290,O00290,Standard,Delivered,8,Apple Pay,Refunded,4,10,No,Late Delivery
D00291,PAY00291,O00291,Same Day,Returned,9,Cash On Delivery,Paid,3,9,No,N/A
D00292,PAY00292,O00292,Standard,Delivered,3,Apple Pay,Pending,5,4,No,Wrong Item
D00293,PAY00293,O00293,Standard,Returned,8,Apple Pay,Pending,3,8,No,Damaged
D00294,PAY00294,O00294,Express,In Transit,4,Debit Card,Paid,1,2,No,Damaged
D00295,PAY00295,O00295,Standard,Delivered,8,Mada,Pending,4,7,Yes,N/A
D00296,PAY00296,O00296,Standard,Returned,3,Credit Card,Paid,1,9,No,N/A
D00297,PAY00297,O00297,Express,In Transit,5,Mada,Refunded,4,6,No,N/A
D00298,PAY00298,O00298,Same Day,Delivered,9,STC Pay,Refunded,2,8,Yes,Wrong Item
D00299,PAY00299,O00299,Same Day,In Transit,9,Debit Card,Paid,4,2,No,Late Delivery
D00300,PAY00300,O00300,Express,Delivered,4,Cash On Delivery,Paid,5,8,No,Damaged
D00301,PAY00301,O00301,Same Day,Returned,3,Credit Card,Refunded,1,2,Yes,Damaged
D00302,PAY00302,O00302,Same Day,Returned,10,Debit Card,Paid,2,2,No,Damaged
D00303,PAY00303,O00303,Express,Delivered,4,Mada,Pending,3,5,No,N/A
D00304,PAY00304,O00304,Same Day,Delivered,2,Apple Pay,Refunded,2,5,Yes,Late Delivery
D00305,PAY00305,O00305,Express,In Transit,3,Apple Pay,Paid,3,6,No,Late Delivery
D00306,PAY00306,O00306,Same Day,In Transit,8,Apple Pay,Pending,3,10,Yes,Wrong Item
D00307,PAY00307,O00307,Express,Returned,8,Debit Card,Paid,3,8,No,Late Delivery
D00308,PAY00308,O00308,Same Day,Returned,10,Cash On Delivery,Pending,3,3,Yes,N/A
D00309,PAY00309,O00309,Same Day,In Transit,5,Apple Pay,Paid,2,8,Yes,Wrong Item
D00310,PAY00310,O00310,Express,In Transit,3,Credit Card,Pending,2,8,No,Damaged
D00311,PAY00311,O00311,Express,Delivered,8,Mada,Pending,5,7,Yes,Wrong Item
D00312,PAY00312,O00312,Same Day,In Transit,6,STC Pay,Refunded,4,2,No,Late Delivery
D00313,PAY00313,O00313,Express,Delivered,10,Mada,Refunded,3,3,Yes,Damaged
D00314,PAY00314,O00314,Express,Delivered,2,Cash On Delivery,Pending,2,8,No,N/A
D00315,PAY00315,O00315,Standard,In Transit,8,Apple Pay,Refunded,1,9,Yes,Wrong Item
D00316,PAY00316,O00316,Same Day,In Transit,1,Apple Pay,Pending,5,5,Yes,Wrong Item
D00317,PAY00317,O00317,Same Day,Returned,3,STC Pay,Pending,2,3,Yes,Damaged
D00318,PAY00318,O00318,Same Day,Delivered,7,Apple Pay,Pending,4,7,Yes,Late Delivery
D00319,PAY00319,O00319,Same Day,In Transit,9,Cash On Delivery,Pending,3,7,No,N/A
D00320,PAY00320,O00320,Same Day,Delivered,10,Debit Card,Paid,2,6,No,N/A
D00321,PAY00321,O00321,Standard,Delivered,1,Apple Pay,Paid,1,8,No,N/A
D00322,PAY00322,O00322,Same Day,Delivered,8,Debit Card,Refunded,3,10,No,Late Delivery
D00323,PAY00323,O00323,Standard,Delivered,7,Debit Card,Refunded,1,2,No,N/A
D00324,PAY00324,O00324,Express,In Transit,10,Debit Card,Pending,3,1,Yes,Wrong Item
D00325,PAY00325,O00325,Express,Delivered,9,Debit Card,Paid,1,7,Yes,N/A
D00326,PAY00326,O00326,Same Day,Returned,9,Debit Card,Refunded,4,2,Yes,Wrong Item
D00327,PAY00327,O00327,Express,In Transit,3,Apple Pay,Paid,5,7,Yes,Wrong Item
D00328,PAY00328,O00328,Express,Delivered,9,Mada,Refunded,5,10,No,N/A
D00329,PAY00329,O00329,Same Day,Returned,8,Debit Card,Pending,1,6,No,Wrong Item
D00330,PAY00330,O00330,Standard,Delivered,9,Credit Card,Pending,4,9,No,Damaged
D00331,PAY00331,O00331,Standard,In Transit,9,Debit Card,Refunded,2,6,No,Wrong Item
D00332,PAY00332,O00332,Same Day,Delivered,7,Mada,Paid,5,1,Yes,Damaged
D00333,PAY00333,O00333,Express,In Transit,10,Debit Card,Pending,3,7,No,Damaged
D00334,PAY00334,O00334,Same Day,In Transit,6,Apple Pay,Refunded,2,10,No,Late Delivery
D00335,PAY00335,O00335,Same Day,Delivered,5,Cash On Delivery,Pending,5,6,Yes,Late Delivery
D00336,PAY00336,O00336,Express,Delivered,6,Mada,Refunded,5,7,Yes,Wrong Item
D00337,PAY00337,O00337,Standard,Delivered,6,STC Pay,Refunded,1,2,No,Damaged
D00338,PAY00338,O00338,Same Day,Returned,7,Debit Card,Refunded,5,6,Yes,Wrong Item
D00339,PAY00339,O00339,Express,Returned,10,STC Pay,Pending,4,9,Yes,N/A
D00340,PAY00340,O00340,Same Day,Delivered,4,Apple Pay,Refunded,3,5,Yes,Late Delivery
D00341,PAY00341,O00341,Same Day,Delivered,7,Mada,Pending,5,6,Yes,Damaged
D00342,PAY00342,O00342,Same Day,In Transit,5,Mada,Refunded,2,9,No,Wrong Item
D00343,PAY00343,O00343,Standard,Delivered,3,Mada,Pending,1,7,No,Late Delivery
D00344,PAY00344,O00344,Same Day,Returned,3,Credit Card,Pending,5,7,Yes,N/A
D00345,PAY00345,O00345,Express,Returned,1,Apple Pay,Pending,4,6,Yes,Late Delivery
D00346,PAY00346,O00346,Same Day,In Transit,9,Apple Pay,Refunded,3,5,Yes,Wrong Item
D00347,PAY00347,O00347,Standard,Delivered,10,Debit Card,Pending,1,2,No,N/A
D00348,PAY00348,O00348,Standard,Returned,4,Debit Card,Paid,5,9,No,Wrong Item
D00349,PAY00349,O00349,Standard,In Transit,9,Credit Card,Paid,3,8,Yes,Damaged
D00350,PAY00350,O00350,Standard,Delivered,5,Cash On Delivery,Pending,4,4,No,Late Delivery
D00351,PAY00351,O00351,Express,Returned,6,Mada,Pending,1,2,Yes,Wrong Item
D00352,PAY00352,O00352,Same Day,Delivered,7,Mada,Pending,5,2,No,Wrong Item
D00353,PAY00353,O00353,Same Day,Returned,5,Apple Pay,Refunded,2,10,No,Wrong Item
D00354,PAY00354,O00354,Standard,In Transit,10,Apple Pay,Pending,4,10,No,N/A
D00355,PAY00355,O00355,Standard,Returned,5,Apple Pay,Paid,2,10,Yes,N/A
D00356,PAY00356,O00356,Same Day,Returned,2,Credit Card,Pending,3,3,No,N/A
D00357,PAY00357,O00357,Express,In Transit,7,STC Pay,Refunded,1,6,Yes,Late Delivery
D00358,PAY00358,O00358,Express,Delivered,3,Debit Card,Paid,3,2,No,Wrong Item
D00359,PAY00359,O00359,Standard,Returned,5,Debit Card,Paid,4,1,No,Late Delivery
D00360,PAY00360,O00360,Same Day,Returned,1,STC Pay,Refunded,3,6,Yes,Wrong Item
D00361,PAY00361,O00361,Same Day,Returned,2,Cash On Delivery,Refunded,2,3,No,Damaged
D00362,PAY00362,O00362,Express,Returned,10,Credit Card,Pending,4,9,Yes,Damaged
D00363,PAY00363,O00363,Same Day,In Transit,3,Apple Pay,Paid,5,4,Yes,Wrong Item
D00364,PAY00364,O00364,Same Day,Returned,6,Mada,Paid,1,9,No,Damaged
D00365,PAY00365,O00365,Same Day,In Transit,5,Mada,Refunded,4,2,Yes,Late Delivery
D00366,PAY00366,O00366,Express,Delivered,3,Cash On Delivery,Refunded,2,6,No,Damaged
D00367,PAY00367,O00367,Same Day,Returned,9,Debit Card,Pending,4,7,No,Wrong Item
D00368,PAY00368,O00368,Express,In Transit,5,Cash On Delivery,Refunded,5,8,Yes,Wrong Item
D00369,PAY00369,O00369,Same Day,Returned,9,Apple Pay,Paid,5,4,Yes,N/A
D00370,PAY00370,O00370,Standard,In Transit,6,Credit Card,Paid,4,9,Yes,N/A
D00371,PAY00371,O00371,Standard,In Transit,10,STC Pay,Refunded,4,8,Yes,N/A
D00372,PAY00372,O00372,Standard,Returned,3,Cash On Delivery,Paid,2,8,Yes,N/A
D00373,PAY00373,O00373,Standard,Delivered,7,STC Pay,Paid,2,5,Yes,Late Delivery
D00374,PAY00374,O00374,Same Day,Delivered,2,Debit Card,Paid,3,10,No,Late Delivery
D00375,PAY00375,O00375,Same Day,Delivered,10,Credit Card,Refunded,3,3,Yes,N/A
D00376,PAY00376,O00376,Same Day,Returned,2,STC Pay,Paid,2,10,No,N/A
D00377,PAY00377,O00377,Standard,In Transit,3,STC Pay,Paid,4,7,No,Late Delivery
D00378,PAY00378,O00378,Express,Delivered,9,Credit Card,Paid,2,7,No,Wrong Item
D00379,PAY00379,O00379,Same Day,In Transit,8,Apple Pay,Pending,2,3,Yes,Damaged
D00380,PAY00380,O00380,Express,In Transit,3,Apple Pay,Pending,2,10,Yes,Damaged
D00381,PAY00381,O00381,Express,Returned,10,Apple Pay,Pending,1,6,Yes,Damaged
D00382,PAY00382,O00382,Express,In Transit,8,STC Pay,Pending,4,2,No,Late Delivery
D00383,PAY00383,O00383,Standard,In Transit,8,Debit Card,Paid,1,3,No,N/A
D00384,PAY00384,O00384,Same Day,Returned,2,Debit Card,Pending,5,9,Yes,Wrong Item
D00385,PAY00385,O00385,Standard,Returned,7,Cash On Delivery,Pending,1,5,No,Late Delivery
D00386,PAY00386,O00386,Same Day,Returned,4,Debit Card,Refunded,2,8,No,N/A
D00387,PAY00387,O00387,Standard,In Transit,4,Credit Card,Pending,5,2,No,N/A
D00388,PAY00388,O00388,Same Day,Returned,8,Credit Card,Refunded,2,6,No,Wrong Item
D00389,PAY00389,O00389,Standard,In Transit,6,Credit Card,Refunded,1,7,Yes,N/A
D00390,PAY00390,O00390,Express,In Transit,10,Mada,Paid,3,1,No,Late Delivery
D00391,PAY00391,O00391,Express,In Transit,1,Mada,Refunded,5,6,No,N/A
D00392,PAY00392,O00392,Same Day,In Transit,2,Credit Card,Paid,4,5,Yes,Wrong Item
D00393,PAY00393,O00393,Express,Returned,1,Debit Card,Paid,4,7,No,Late Delivery
D00394,PAY00394,O00394,Standard,Returned,1,Mada,Refunded,4,8,Yes,N/A
D00395,PAY00395,O00395,Same Day,Delivered,1,Mada,Refunded,4,9,No,Damaged
D00396,PAY00396,O00396,Standard,In Transit,10,Apple Pay,Refunded,1,4,Yes,N/A
D00397,PAY00397,O00397,Express,Returned,9,STC Pay,Paid,4,3,No,N/A
D00398,PAY00398,O00398,Express,Returned,3,STC Pay,Refunded,1,4,No,Late Delivery
D00399,PAY00399,O00399,Standard,In Transit,6,STC Pay,Paid,3,9,No,Damaged
D00400,PAY00400,O00400,Same Day,In Transit,2,Mada,Pending,5,1,Yes,Wrong Item
D00401,PAY00401,O00401,Express,Delivered,2,STC Pay,Pending,4,9,Yes,Late Delivery
D00402,PAY00402,O00402,Standard,Returned,1,Mada,Refunded,5,2,No,Damaged
D00403,PAY00403,O00403,Express,Delivered,9,STC Pay,Pending,4,6,No,Wrong Item
D00404,PAY00404,O00404,Same Day,Returned,6,Cash On Delivery,Paid,4,3,No,Late Delivery
D00405,PAY00405,O00405,Express,In Transit,3,STC Pay,Paid,2,6,Yes,N/A
D00406,PAY00406,O00406,Express,In Transit,7,Credit Card,Refunded,1,3,Yes,Wrong Item
D00407,PAY00407,O00407,Express,In Transit,10,Cash On Delivery,Refunded,3,7,Yes,Late Delivery
D00408,PAY00408,O00408,Express,Delivered,3,Cash On Delivery,Pending,5,9,Yes,Damaged
D00409,PAY00409,O00409,Standard,Delivered,9,STC Pay,Paid,4,9,Yes,Damaged
D00410,PAY00410,O00410,Same Day,Delivered,8,Apple Pay,Paid,4,6,No,Late Delivery
D00411,PAY00411,O00411,Express,Returned,4,Apple Pay,Paid,1,5,No,Late Delivery
D00412,PAY00412,O00412,Express,Returned,1,Cash On Delivery,Refunded,2,8,Yes,Damaged
D00413,PAY00413,O00413,Express,In Transit,6,Cash On Delivery,Pending,5,4,Yes,Late Delivery
D00414,PAY00414,O00414,Standard,Delivered,3,Mada,Pending,5,7,Yes,Damaged
D00415,PAY00415,O00415,Express,In Transit,2,Debit Card,Paid,2,4,No,Damaged
D00416,PAY00416,O00416,Standard,In Transit,8,Mada,Paid,1,2,No,Late Delivery
D00417,PAY00417,O00417,Same Day,In Transit,3,Mada,Paid,4,4,No,N/A
D00418,PAY00418,O00418,Express,In Transit,2,Cash On Delivery,Pending,1,3,No,N/A
D00419,PAY00419,O00419,Express,Delivered,2,Debit Card,Refunded,3,4,No,Damaged
D00420,PAY00420,O00420,Same Day,Delivered,9,Cash On Delivery,Refunded,4,6,Yes,N/A
D00421,PAY00421,O00421,Same Day,In Transit,10,Cash On Delivery,Paid,4,4,Yes,Late Delivery
D00422,PAY00422,O00422,Express,Delivered,5,Cash On Delivery,Paid,3,6,No,Wrong Item
D00423,PAY00423,O00423,Express,In Transit,3,Debit Card,Paid,1,7,Yes,Late Delivery
D00424,PAY00424,O00424,Standard,Delivered,10,Credit Card,Refunded,4,5,Yes,Late Delivery
D00425,PAY00425,O00425,Same Day,Returned,10,STC Pay,Paid,3,3,Yes,N/A
D00426,PAY00426,O00426,Same Day,Delivered,10,Apple Pay,Paid,2,1,Yes,N/A
D00427,PAY00427,O00427,Same Day,Delivered,5,Mada,Refunded,2,2,Yes,Wrong Item
D00428,PAY00428,O00428,Express,In Transit,4,Apple Pay,Paid,2,2,No,N/A
D00429,PAY00429,O00429,Same Day,In Transit,7,Cash On Delivery,Paid,1,7,Yes,Late Delivery
D00430,PAY00430,O00430,Express,In Transit,7,Debit Card,Refunded,3,8,No,Wrong Item
D00431,PAY00431,O00431,Same Day,Returned,4,Cash On Delivery,Refunded,4,9,No,N/A
D00432,PAY00432,O00432,Express,Returned,1,Cash On Delivery,Pending,4,4,No,Wrong Item
D00433,PAY00433,O00433,Standard,Returned,4,STC Pay,Refunded,5,9,Yes,Damaged
D00434,PAY00434,O00434,Standard,In Transit,2,Cash On Delivery,Paid,1,3,No,Wrong Item
D00435,PAY00435,O00435,Standard,Delivered,1,Cash On Delivery,Paid,2,4,Yes,Damaged
D00436,PAY00436,O00436,Express,In Transit,9,Cash On Delivery,Pending,2,7,No,Wrong Item
D00437,PAY00437,O00437,Standard,Delivered,3,Debit Card,Paid,2,2,No,N/A
D00438,PAY00438,O00438,Standard,Delivered,10,STC Pay,Refunded,2,4,No,Wrong Item
D00439,PAY00439,O00439,Same Day,Returned,1,Credit Card,Pending,3,7,No,N/A
D00440,PAY00440,O00440,Express,Delivered,4,Credit Card,Paid,4,8,Yes,Wrong Item
D00441,PAY00441,O00441,Express,In Transit,2,Cash On Delivery,Paid,2,2,No,Wrong Item
D00442,PAY00442,O00442,Standard,In Transit,4,Mada,Paid,4,3,No,N/A
D00443,PAY00443,O00443,Same Day,In Transit,2,Mada,Pending,3,2,Yes,Damaged
D00444,PAY00444,O00444,Same Day,Returned,9,Cash On Delivery,Pending,4,6,No,Damaged
D00445,PAY00445,O00445,Same Day,Returned,9,Apple Pay,Refunded,5,2,No,Late Delivery
D00446,PAY00446,O00446,Same Day,In Transit,4,Debit Card,Refunded,4,6,Yes,N/A
D00447,PAY00447,O00447,Same Day,Delivered,4,Mada,Paid,3,5,No,Damaged
D00448,PAY00448,O00448,Express,In Transit,6,STC Pay,Paid,5,2,No,Damaged
D00449,PAY00449,O00449,Same Day,Returned,7,Debit Card,Paid,3,5,Yes,Damaged
D00450,PAY00450,O00450,Standard,Returned,9,Cash On Delivery,Refunded,1,1,No,Late Delivery
D00451,PAY00451,O00451,Express,In Transit,3,Apple Pay,Paid,4,6,Yes,Damaged
D00452,PAY00452,O00452,Same Day,Returned,4,Mada,Refunded,1,8,Yes,Late Delivery
D00453,PAY00453,O00453,Same Day,In Transit,7,Apple Pay,Paid,1,7,No,N/A
D00454,PAY00454,O00454,Same Day,In Transit,1,Debit Card,Paid,2,9,Yes,Damaged
D00455,PAY00455,O00455,Standard,Returned,1,Mada,Paid,1,3,No,Wrong Item
D00456,PAY00456,O00456,Standard,In Transit,4,Mada,Refunded,2,9,No,Late Delivery
D00457,PAY00457,O00457,Same Day,Delivered,3,Apple Pay,Pending,1,3,No,N/A
D00458,PAY00458,O00458,Same Day,In Transit,3,Mada,Pending,3,8,Yes,Damaged
D00459,PAY00459,O00459,Same Day,Returned,2,Apple Pay,Pending,3,9,Yes,Wrong Item
D00460,PAY00460,O00460,Same Day,Returned,9,STC Pay,Paid,4,6,No,Wrong Item
D00461,PAY00461,O00461,Standard,Delivered,1,Mada,Pending,2,9,Yes,Late Delivery
D00462,PAY00462,O00462,Standard,In Transit,8,Credit Card,Refunded,5,10,No,Late Delivery
D00463,PAY00463,O00463,Standard,In Transit,5,Debit Card,Paid,4,4,No,Damaged
D00464,PAY00464,O00464,Standard,In Transit,9,Mada,Paid,1,8,No,N/A
D00465,PAY00465,O00465,Express,In Transit,10,Cash On Delivery,Paid,4,6,Yes,Damaged
D00466,PAY00466,O00466,Express,Returned,3,Apple Pay,Refunded,3,8,Yes,Late Delivery
D00467,PAY00467,O00467,Express,Returned,2,Apple Pay,Refunded,4,10,No,Late Delivery
D00468,PAY00468,O00468,Express,In Transit,2,Credit Card,Paid,1,4,Yes,Damaged
D00469,PAY00469,O00469,Same Day,Returned,3,Apple Pay,Pending,4,3,No,Late Delivery
D00470,PAY00470,O00470,Same Day,Delivered,9,Credit Card,Paid,5,7,Yes,N/A
D00471,PAY00471,O00471,Same Day,Returned,9,Cash On Delivery,Pending,1,8,Yes,N/A
D00472,PAY00472,O00472,Standard,In Transit,9,STC Pay,Refunded,5,3,Yes,Late Delivery
D00473,PAY00473,O00473,Standard,Returned,8,Debit Card,Refunded,3,1,Yes,N/A
D00474,PAY00474,O00474,Same Day,In Transit,3,STC Pay,Paid,4,5,No,N/A
D00475,PAY00475,O00475,Express,Returned,5,STC Pay,Paid,5,2,No,Late Delivery
D00476,PAY00476,O00476,Standard,Delivered,6,Cash On Delivery,Pending,1,8,No,N/A
D00477,PAY00477,O00477,Express,Returned,9,Debit Card,Paid,3,4,No,Damaged
D00478,PAY00478,O00478,Standard,Delivered,10,Debit Card,Paid,4,10,No,Late Delivery
D00479,PAY00479,O00479,Express,Delivered,5,Apple Pay,Paid,5,2,Yes,Late Delivery
D00480,PAY00480,O00480,Standard,In Transit,1,Cash On Delivery,Pending,1,9,Yes,Wrong Item
D00481,PAY00481,O00481,Express,Delivered,2,Cash On Delivery,Refunded,2,7,No,Wrong Item
D00482,PAY00482,O00482,Express,Delivered,5,Credit Card,Refunded,1,3,Yes,N/A
D00483,PAY00483,O00483,Same Day,Returned,3,STC Pay,Paid,3,8,No,Late Delivery
D00484,PAY00484,O00484,Express,Delivered,5,Apple Pay,Pending,5,8,Yes,Late Delivery
D00485,PAY00485,O00485,Same Day,In Transit,4,Credit Card,Paid,1,4,No,Wrong Item
D00486,PAY00486,O00486,Same Day,In Transit,9,Cash On Delivery,Paid,1,10,No,Wrong Item
D00487,PAY00487,O00487,Express,Delivered,3,Apple Pay,Pending,1,8,Yes,Late Delivery
D00488,PAY00488,O00488,Standard,In Transit,5,Apple Pay,Refunded,1,4,No,N/A
D00489,PAY00489,O00489,Standard,Delivered,8,Mada,Pending,3,8,No,Damaged
D00490,PAY00490,O00490,Same Day,In Transit,10,Debit Card,Pending,2,9,No,Late Delivery
D00491,PAY00491,O00491,Express,In Transit,9,Mada,Refunded,1,8,Yes,Wrong Item
D00492,PAY00492,O00492,Express,Delivered,9,Apple Pay,Refunded,2,5,Yes,N/A
D00493,PAY00493,O00493,Same Day,Delivered,6,Debit Card,Pending,5,6,Yes,Late Delivery
D00494,PAY00494,O00494,Same Day,Returned,4,Mada,Pending,5,8,Yes,Wrong Item
D00495,PAY00495,O00495,Standard,Returned,6,Mada,Paid,1,6,Yes,Wrong Item
D00496,PAY00496,O00496,Express,In Transit,9,Mada,Refunded,3,1,Yes,Late Delivery
D00497,PAY00497,O00497,Standard,Delivered,9,Apple Pay,Refunded,4,1,No,Late Delivery
D00498,PAY00498,O00498,Express,Delivered,5,STC Pay,Pending,5,8,Yes,N/A
D00499,PAY00499,O00499,Express,In Transit,5,Mada,Pending,3,6,No,Damaged
D00500,PAY00500,O00500,Express,Returned,9,Apple Pay,Refunded,4,9,No,Wrong Item
D00501,PAY00501,O00501,Same Day,Returned,8,STC Pay,Paid,2,6,No,N/A
D00502,PAY00502,O00502,Standard,Delivered,4,STC Pay,Refunded,3,6,No,N/A
D00503,PAY00503,O00503,Express,Returned,1,Mada,Paid,4,8,Yes,N/A
D00504,PAY00504,O00504,Standard,In Transit,3,STC Pay,Paid,4,3,No,Wrong Item
D00505,PAY00505,O00505,Same Day,Delivered,5,Debit Card,Paid,2,7,Yes,N/A
D00506,PAY00506,O00506,Standard,Delivered,4,STC Pay,Pending,1,5,Yes,Late Delivery
D00507,PAY00507,O00507,Express,Delivered,9,STC Pay,Pending,5,7,No,N/A
D00508,PAY00508,O00508,Standard,Delivered,8,STC Pay,Pending,3,7,No,Wrong Item
D00509,PAY00509,O00509,Standard,In Transit,2,STC Pay,Pending,1,6,Yes,Damaged
D00510,PAY00510,O00510,Express,Returned,9,Debit Card,Pending,5,5,No,Late Delivery
D00511,PAY00511,O00511,Standard,Delivered,9,Apple Pay,Refunded,2,7,No,Wrong Item
D00512,PAY00512,O00512,Same Day,Delivered,5,STC Pay,Paid,2,7,Yes,Damaged
D00513,PAY00513,O00513,Standard,In Transit,6,Mada,Paid,4,7,No,Late Delivery
D00514,PAY00514,O00514,Standard,Delivered,9,STC Pay,Pending,3,5,No,Damaged
D00515,PAY00515,O00515,Standard,Delivered,8,Apple Pay,Refunded,2,3,Yes,Wrong Item
D00516,PAY00516,O00516,Standard,Delivered,10,Mada,Paid,3,5,No,Damaged
D00517,PAY00517,O00517,Standard,Delivered,2,Mada,Pending,1,1,Yes,Damaged
D00518,PAY00518,O00518,Standard,Delivered,9,Cash On Delivery,Pending,3,4,No,N/A
D00519,PAY00519,O00519,Same Day,Returned,3,Mada,Refunded,3,8,No,N/A
D00520,PAY00520,O00520,Express,In Transit,6,Credit Card,Pending,2,9,No,N/A
D00521,PAY00521,O00521,Same Day,In Transit,3,Credit Card,Paid,3,4,Yes,Late Delivery
D00522,PAY00522,O00522,Same Day,Returned,8,Cash On Delivery,Refunded,1,7,Yes,N/A
D00523,PAY00523,O00523,Standard,Returned,6,Apple Pay,Pending,3,9,Yes,Damaged
D00524,PAY00524,O00524,Standard,In Transit,7,Apple Pay,Pending,5,8,Yes,N/A
D00525,PAY00525,O00525,Standard,In Transit,1,Apple Pay,Refunded,3,3,Yes,Wrong Item
D00526,PAY00526,O00526,Express,Delivered,6,Mada,Pending,4,8,No,Damaged
D00527,PAY00527,O00527,Express,Returned,1,Credit Card,Pending,2,4,Yes,Wrong Item
D00528,PAY00528,O00528,Same Day,In Transit,8,Cash On Delivery,Paid,4,4,No,Wrong Item
D00529,PAY00529,O00529,Express,Delivered,6,Cash On Delivery,Pending,2,8,No,Wrong Item
D00530,PAY00530,O00530,Standard,Returned,5,Credit Card,Refunded,5,8,No,Wrong Item
D00531,PAY00531,O00531,Standard,Delivered,7,Debit Card,Pending,1,3,No,Wrong Item
D00532,PAY00532,O00532,Standard,In Transit,6,Cash On Delivery,Pending,3,2,No,Damaged
D00533,PAY00533,O00533,Standard,Returned,4,Apple Pay,Refunded,5,4,Yes,Damaged
D00534,PAY00534,O00534,Same Day,In Transit,10,Mada,Paid,1,2,Yes,N/A
D00535,PAY00535,O00535,Standard,In Transit,6,Mada,Pending,5,8,No,Wrong Item
D00536,PAY00536,O00536,Standard,In Transit,9,Cash On Delivery,Refunded,4,8,No,Wrong Item
D00537,PAY00537,O00537,Standard,Returned,9,Apple Pay,Pending,1,5,Yes,Damaged
D00538,PAY00538,O00538,Express,Delivered,6,Debit Card,Refunded,2,3,Yes,Damaged
D00539,PAY00539,O00539,Express,Delivered,1,Debit Card,Pending,1,9,No,Damaged
D00540,PAY00540,O00540,Express,Delivered,6,Debit Card,Refunded,5,7,Yes,Late Delivery
D00541,PAY00541,O00541,Standard,Delivered,3,STC Pay,Refunded,3,2,No,Late Delivery
D00542,PAY00542,O00542,Same Day,Delivered,10,Apple Pay,Pending,3,6,No,Late Delivery
D00543,PAY00543,O00543,Standard,Returned,10,Apple Pay,Refunded,2,4,No,Late Delivery
D00544,PAY00544,O00544,Same Day,In Transit,1,Cash On Delivery,Paid,3,5,Yes,Wrong Item
D00545,PAY00545,O00545,Same Day,Delivered,6,Cash On Delivery,Pending,5,7,No,Damaged
D00546,PAY00546,O00546,Same Day,In Transit,4,Credit Card,Refunded,4,5,Yes,Damaged
D00547,PAY00547,O00547,Express,In Transit,7,Credit Card,Pending,4,9,Yes,Wrong Item
D00548,PAY00548,O00548,Standard,In Transit,4,Apple Pay,Pending,3,7,No,Late Delivery
D00549,PAY00549,O00549,Express,Delivered,8,Credit Card,Paid,4,2,No,Wrong Item
D00550,PAY00550,O00550,Standard,Returned,4,Debit Card,Refunded,5,5,Yes,Late Delivery
D00551,PAY00551,O00551,Express,In Transit,1,Mada,Paid,5,4,No,Late Delivery
D00552,PAY00552,O00552,Same Day,In Transit,5,STC Pay,Paid,2,8,Yes,N/A
D00553,PAY00553,O00553,Standard,Returned,9,Apple Pay,Pending,2,10,Yes,Wrong Item
D00554,PAY00554,O00554,Same Day,Delivered,4,Cash On Delivery,Pending,3,9,No,Damaged
D00555,PAY00555,O00555,Same Day,Delivered,7,Cash On Delivery,Refunded,3,3,Yes,N/A
D00556,PAY00556,O00556,Same Day,In Transit,8,Debit Card,Paid,3,4,Yes,Damaged
D00557,PAY00557,O00557,Standard,In Transit,1,Apple Pay,Pending,2,10,Yes,Damaged
D00558,PAY00558,O00558,Express,Returned,2,Credit Card,Pending,4,8,No,Wrong Item
D00559,PAY00559,O00559,Express,In Transit,5,Cash On Delivery,Paid,5,1,No,Wrong Item
D00560,PAY00560,O00560,Standard,In Transit,8,Credit Card,Refunded,3,8,Yes,Late Delivery
D00561,PAY00561,O00561,Express,Delivered,10,Debit Card,Pending,4,8,No,Wrong Item
D00562,PAY00562,O00562,Same Day,Returned,9,Mada,Paid,1,6,No,Damaged
D00563,PAY00563,O00563,Same Day,Returned,10,Mada,Paid,3,8,No,Wrong Item
D00564,PAY00564,O00564,Express,In Transit,5,Credit Card,Pending,4,10,No,N/A
D00565,PAY00565,O00565,Express,Delivered,2,Cash On Delivery,Pending,1,3,No,Late Delivery
D00566,PAY00566,O00566,Same Day,Delivered,6,Apple Pay,Pending,4,3,Yes,N/A
D00567,PAY00567,O00567,Express,In Transit,9,Cash On Delivery,Refunded,1,2,Yes,N/A
D00568,PAY00568,O00568,Same Day,Delivered,6,Apple Pay,Paid,3,7,No,Damaged
D00569,PAY00569,O00569,Express,In Transit,4,Mada,Refunded,4,3,No,Wrong Item
D00570,PAY00570,O00570,Same Day,Returned,9,Cash On Delivery,Pending,5,9,No,Late Delivery
D00571,PAY00571,O00571,Express,Returned,5,Cash On Delivery,Pending,2,7,No,Late Delivery
D00572,PAY00572,O00572,Standard,Returned,6,Apple Pay,Pending,4,2,Yes,Damaged
D00573,PAY00573,O00573,Express,Returned,8,Credit Card,Pending,3,5,Yes,Late Delivery
D00574,PAY00574,O00574,Standard,In Transit,2,Cash On Delivery,Paid,4,3,No,N/A
D00575,PAY00575,O00575,Standard,Returned,4,Mada,Pending,2,6,No,Damaged
D00576,PAY00576,O00576,Same Day,Returned,7,Apple Pay,Pending,4,3,Yes,Late Delivery
D00577,PAY00577,O00577,Express,In Transit,4,Credit Card,Pending,5,5,Yes,N/A
D00578,PAY00578,O00578,Same Day,Delivered,10,Cash On Delivery,Pending,2,6,No,N/A
D00579,PAY00579,O00579,Same Day,In Transit,2,Mada,Refunded,1,8,Yes,Late Delivery
D00580,PAY00580,O00580,Standard,Delivered,6,Credit Card,Refunded,3,1,No,Late Delivery
D00581,PAY00581,O00581,Express,In Transit,3,Mada,Refunded,4,7,Yes,N/A
D00582,PAY00582,O00582,Express,In Transit,2,Apple Pay,Paid,2,10,No,Late Delivery
D00583,PAY00583,O00583,Express,In Transit,2,Apple Pay,Paid,1,9,Yes,Wrong Item
D00584,PAY00584,O00584,Express,Returned,7,Apple Pay,Paid,5,9,Yes,N/A
D00585,PAY00585,O00585,Express,Returned,5,Debit Card,Paid,2,4,Yes,Damaged
D00586,PAY00586,O00586,Express,Returned,6,Mada,Paid,4,6,No,Late Delivery
D00587,PAY00587,O00587,Standard,Delivered,10,Cash On Delivery,Pending,4,4,Yes,Wrong Item
D00588,PAY00588,O00588,Same Day,In Transit,10,Credit Card,Refunded,2,8,Yes,Wrong Item
D00589,PAY00589,O00589,Standard,In Transit,8,Mada,Paid,1,2,Yes,Late Delivery
D00590,PAY00590,O00590,Same Day,Delivered,2,Cash On Delivery,Pending,4,4,Yes,Damaged
D00591,PAY00591,O00591,Standard,In Transit,4,Credit Card,Pending,3,3,No,Wrong Item
D00592,PAY00592,O00592,Same Day,In Transit,8,Cash On Delivery,Refunded,4,7,Yes,Late Delivery
D00593,PAY00593,O00593,Express,In Transit,1,Mada,Refunded,5,9,No,Wrong Item
D00594,PAY00594,O00594,Express,In Transit,2,STC Pay,Pending,2,4,No,Wrong Item
D00595,PAY00595,O00595,Same Day,Delivered,7,Mada,Paid,4,5,Yes,N/A
D00596,PAY00596,O00596,Express,Returned,10,Debit Card,Pending,3,4,Yes,Damaged
D00597,PAY00597,O00597,Express,In Transit,4,Debit Card,Refunded,2,5,No,Late Delivery
D00598,PAY00598,O00598,Express,Returned,8,Debit Card,Pending,5,4,No,Wrong Item
D00599,PAY00599,O00599,Express,Delivered,8,Mada,Paid,3,4,Yes,Late Delivery
D00600,PAY00600,O00600,Same Day,In Transit,2,Apple Pay,Pending,2,10,No,N/A
D00601,PAY00601,O00601,Standard,In Transit,10,Credit Card,Refunded,3,9,Yes,Late Delivery
D00602,PAY00602,O00602,Express,Delivered,1,STC Pay,Paid,5,7,No,Damaged
D00603,PAY00603,O00603,Express,Delivered,2,Mada,Paid,2,10,No,Late Delivery
D00604,PAY00604,O00604,Express,In Transit,7,Debit Card,Paid,2,6,Yes,Late Delivery
D00605,PAY00605,O00605,Same Day,Returned,9,Cash On Delivery,Refunded,3,8,Yes,Wrong Item
D00606,PAY00606,O00606,Standard,Delivered,10,Credit Card,Paid,2,6,Yes,N/A
D00607,PAY00607,O00607,Express,Delivered,9,Apple Pay,Paid,3,8,No,Late Delivery
D00608,PAY00608,O00608,Express,Delivered,8,STC Pay,Refunded,2,1,Yes,Damaged
D00609,PAY00609,O00609,Standard,Returned,10,Credit Card,Refunded,4,6,No,N/A
D00610,PAY00610,O00610,Same Day,Returned,6,Apple Pay,Pending,3,3,No,Wrong Item
D00611,PAY00611,O00611,Standard,Returned,10,STC Pay,Pending,3,1,Yes,Damaged
D00612,PAY00612,O00612,Express,Returned,4,Cash On Delivery,Pending,4,6,Yes,N/A
D00613,PAY00613,O00613,Express,Delivered,10,Debit Card,Pending,3,7,Yes,Late Delivery
D00614,PAY00614,O00614,Standard,In Transit,10,Credit Card,Refunded,2,9,Yes,Wrong Item
D00615,PAY00615,O00615,Standard,Delivered,3,Cash On Delivery,Paid,5,5,Yes,N/A
D00616,PAY00616,O00616,Same Day,Delivered,4,Apple Pay,Refunded,5,2,No,N/A
D00617,PAY00617,O00617,Same Day,In Transit,9,Debit Card,Refunded,5,4,No,Late Delivery
D00618,PAY00618,O00618,Standard,Returned,7,Debit Card,Pending,5,5,No,Late Delivery
D00619,PAY00619,O00619,Express,Delivered,6,Debit Card,Refunded,5,3,Yes,Damaged
D00620,PAY00620,O00620,Express,In Transit,8,Apple Pay,Pending,2,2,Yes,Damaged
D00621,PAY00621,O00621,Same Day,In Transit,7,Credit Card,Paid,4,1,No,Late Delivery
D00622,PAY00622,O00622,Express,Delivered,7,Debit Card,Refunded,2,1,Yes,Late Delivery
D00623,PAY00623,O00623,Standard,Delivered,1,Mada,Paid,1,6,No,Late Delivery
D00624,PAY00624,O00624,Standard,Delivered,7,STC Pay,Pending,3,5,No,Late Delivery
D00625,PAY00625,O00625,Standard,Returned,7,Mada,Paid,4,9,No,N/A
D00626,PAY00626,O00626,Standard,Returned,1,Cash On Delivery,Pending,4,10,No,N/A
D00627,PAY00627,O00627,Same Day,Returned,4,Apple Pay,Pending,1,7,Yes,Late Delivery
D00628,PAY00628,O00628,Standard,Returned,1,Debit Card,Paid,5,3,Yes,N/A
D00629,PAY00629,O00629,Same Day,Returned,8,Credit Card,Paid,2,2,Yes,Wrong Item
D00630,PAY00630,O00630,Standard,Delivered,6,Cash On Delivery,Refunded,3,2,Yes,Late Delivery
D00631,PAY00631,O00631,Standard,Returned,4,Debit Card,Paid,1,3,No,Damaged
D00632,PAY00632,O00632,Same Day,In Transit,6,STC Pay,Paid,2,3,No,Wrong Item
D00633,PAY00633,O00633,Same Day,In Transit,2,STC Pay,Pending,4,10,Yes,Late Delivery
D00634,PAY00634,O00634,Standard,In Transit,2,Debit Card,Paid,2,3,No,Wrong Item
D00635,PAY00635,O00635,Express,Returned,10,Credit Card,Paid,1,9,Yes,Wrong Item
D00636,PAY00636,O00636,Express,In Transit,3,Mada,Paid,2,4,No,Wrong Item
D00637,PAY00637,O00637,Same Day,Delivered,8,Debit Card,Paid,2,3,Yes,Wrong Item
D00638,PAY00638,O00638,Standard,Returned,1,Cash On Delivery,Pending,4,7,No,Late Delivery
D00639,PAY00639,O00639,Same Day,In Transit,6,STC Pay,Paid,2,8,No,Damaged
D00640,PAY00640,O00640,Express,In Transit,3,Cash On Delivery,Refunded,3,4,Yes,Late Delivery
D00641,PAY00641,O00641,Standard,Returned,4,Cash On Delivery,Pending,5,7,No,Late Delivery
D00642,PAY00642,O00642,Express,Delivered,10,Credit Card,Paid,4,10,Yes,Damaged
D00643,PAY00643,O00643,Same Day,In Transit,2,STC Pay,Pending,5,10,No,Wrong Item
D00644,PAY00644,O00644,Same Day,Delivered,10,Mada,Paid,2,3,No,Late Delivery
D00645,PAY00645,O00645,Same Day,In Transit,5,Cash On Delivery,Paid,5,5,No,Wrong Item
D00646,PAY00646,O00646,Same Day,In Transit,1,Apple Pay,Refunded,2,4,No,N/A
D00647,PAY00647,O00647,Same Day,In Transit,6,Debit Card,Paid,5,7,Yes,N/A
D00648,PAY00648,O00648,Standard,Delivered,9,Credit Card,Pending,4,3,No,Damaged
D00649,PAY00649,O00649,Same Day,In Transit,6,Credit Card,Paid,3,5,Yes,Damaged
D00650,PAY00650,O00650,Standard,Delivered,1,Apple Pay,Refunded,3,3,No,Wrong Item
D00651,PAY00651,O00651,Express,Returned,3,Credit Card,Refunded,2,9,Yes,Late Delivery
D00652,PAY00652,O00652,Same Day,In Transit,3,Mada,Paid,5,3,No,Damaged
D00653,PAY00653,O00653,Standard,Returned,4,Credit Card,Paid,2,6,No,Late Delivery
D00654,PAY00654,O00654,Same Day,Delivered,5,Mada,Paid,2,5,Yes,Damaged
D00655,PAY00655,O00655,Same Day,Returned,5,Cash On Delivery,Pending,1,3,No,Wrong Item
D00656,PAY00656,O00656,Express,In Transit,10,Mada,Pending,2,2,Yes,Damaged
D00657,PAY00657,O00657,Same Day,In Transit,8,Apple Pay,Pending,5,5,Yes,N/A
D00658,PAY00658,O00658,Standard,In Transit,7,Mada,Paid,3,7,No,N/A
D00659,PAY00659,O00659,Express,In Transit,10,Credit Card,Pending,3,7,Yes,N/A
D00660,PAY00660,O00660,Express,Delivered,3,Debit Card,Paid,2,5,Yes,N/A
D00661,PAY00661,O00661,Same Day,In Transit,3,Credit Card,Paid,4,1,Yes,Late Delivery
D00662,PAY00662,O00662,Same Day,In Transit,8,Debit Card,Pending,4,4,Yes,Wrong Item
D00663,PAY00663,O00663,Express,Returned,5,Mada,Refunded,4,5,No,Wrong Item
D00664,PAY00664,O00664,Same Day,Returned,2,Cash On Delivery,Refunded,1,5,No,Late Delivery
D00665,PAY00665,O00665,Express,Delivered,5,STC Pay,Pending,1,4,No,N/A
D00666,PAY00666,O00666,Same Day,Delivered,7,Credit Card,Refunded,2,4,Yes,Wrong Item
D00667,PAY00667,O00667,Express,Returned,7,Debit Card,Pending,4,1,No,Late Delivery
D00668,PAY00668,O00668,Express,Returned,6,Credit Card,Pending,1,7,Yes,N/A
D00669,PAY00669,O00669,Express,Returned,5,Apple Pay,Paid,4,2,No,N/A
D00670,PAY00670,O00670,Same Day,In Transit,1,STC Pay,Refunded,2,8,No,N/A
D00671,PAY00671,O00671,Express,In Transit,9,Credit Card,Refunded,2,9,No,Damaged
D00672,PAY00672,O00672,Same Day,Delivered,8,Credit Card,Pending,5,7,No,Late Delivery
D00673,PAY00673,O00673,Express,Returned,10,STC Pay,Pending,1,5,No,Late Delivery
D00674,PAY00674,O00674,Standard,Delivered,10,Mada,Pending,1,1,Yes,N/A
D00675,PAY00675,O00675,Standard,In Transit,5,Apple Pay,Refunded,4,6,Yes,Damaged
D00676,PAY00676,O00676,Standard,In Transit,9,Cash On Delivery,Refunded,4,9,No,Wrong Item
D00677,PAY00677,O00677,Standard,In Transit,1,Mada,Refunded,4,6,No,Wrong Item
D00678,PAY00678,O00678,Same Day,In Transit,7,STC Pay,Pending,5,3,No,N/A
D00679,PAY00679,O00679,Standard,In Transit,4,STC Pay,Paid,5,2,No,Wrong Item
D00680,PAY00680,O00680,Same Day,Delivered,9,STC Pay,Pending,5,5,No,N/A
D00681,PAY00681,O00681,Same Day,In Transit,4,Mada,Paid,2,1,Yes,Wrong Item
D00682,PAY00682,O00682,Same Day,Returned,2,STC Pay,Refunded,1,9,Yes,Wrong Item
D00683,PAY00683,O00683,Standard,Delivered,3,Apple Pay,Refunded,3,10,Yes,Late Delivery
D00684,PAY00684,O00684,Express,Returned,5,Mada,Refunded,2,9,Yes,N/A
D00685,PAY00685,O00685,Express,Delivered,2,Credit Card,Paid,3,1,Yes,Wrong Item
D00686,PAY00686,O00686,Same Day,In Transit,9,Credit Card,Paid,3,8,Yes,Damaged
D00687,PAY00687,O00687,Same Day,Returned,8,Debit Card,Paid,3,7,No,N/A
D00688,PAY00688,O00688,Standard,Returned,7,STC Pay,Pending,4,3,No,N/A
D00689,PAY00689,O00689,Express,Returned,3,STC Pay,Pending,2,8,Yes,Late Delivery
D00690,PAY00690,O00690,Standard,Returned,2,STC Pay,Refunded,2,10,No,Wrong Item
D00691,PAY00691,O00691,Same Day,Delivered,6,Mada,Paid,2,7,No,Damaged
D00692,PAY00692,O00692,Express,Delivered,3,STC Pay,Pending,1,7,No,Wrong Item
D00693,PAY00693,O00693,Express,In Transit,5,Credit Card,Pending,4,2,No,Damaged
D00694,PAY00694,O00694,Standard,In Transit,1,Credit Card,Paid,4,1,Yes,Wrong Item
D00695,PAY00695,O00695,Standard,Returned,6,Mada,Refunded,2,8,Yes,N/A
D00696,PAY00696,O00696,Standard,Delivered,7,Credit Card,Paid,4,6,Yes,Damaged
D00697,PAY00697,O00697,Same Day,In Transit,9,Debit Card,Pending,2,2,No,Late Delivery
D00698,PAY00698,O00698,Same Day,Delivered,9,Apple Pay,Pending,3,7,No,Damaged
D00699,PAY00699,O00699,Standard,Returned,3,Apple Pay,Pending,1,9,Yes,Late Delivery
D00700,PAY00700,O00700,Same Day,In Transit,6,Credit Card,Paid,3,1,Yes,Late Delivery
D00701,PAY00701,O00701,Standard,Delivered,4,Debit Card,Refunded,5,6,Yes,Wrong Item
D00702,PAY00702,O00702,Standard,Returned,3,Apple Pay,Refunded,5,9,No,Wrong Item
D00703,PAY00703,O00703,Standard,Returned,5,Mada,Pending,1,2,Yes,Late Delivery
D00704,PAY00704,O00704,Standard,Returned,4,Cash On Delivery,Pending,4,10,No,Wrong Item
D00705,PAY00705,O00705,Standard,Returned,8,Credit Card,Paid,5,7,No,Wrong Item
D00706,PAY00706,O00706,Express,In Transit,5,Cash On Delivery,Paid,5,8,No,Damaged
D00707,PAY00707,O00707,Express,Returned,7,Mada,Paid,2,2,No,Damaged
D00708,PAY00708,O00708,Standard,Delivered,3,Apple Pay,Pending,3,3,No,Late Delivery
D00709,PAY00709,O00709,Same Day,Returned,7,Apple Pay,Refunded,1,9,No,Late Delivery
D00710,PAY00710,O00710,Same Day,In Transit,9,Apple Pay,Pending,4,5,Yes,Late Delivery
D00711,PAY00711,O00711,Same Day,In Transit,1,Mada,Paid,4,9,No,N/A
D00712,PAY00712,O00712,Standard,Returned,10,Apple Pay,Pending,2,7,No,N/A
D00713,PAY00713,O00713,Standard,Returned,1,Cash On Delivery,Pending,4,2,Yes,N/A
D00714,PAY00714,O00714,Express,Returned,9,Cash On Delivery,Paid,1,7,Yes,Late Delivery
D00715,PAY00715,O00715,Same Day,In Transit,9,Mada,Pending,5,8,No,Damaged
D00716,PAY00716,O00716,Standard,In Transit,2,Mada,Refunded,1,10,Yes,Late Delivery
D00717,PAY00717,O00717,Standard,Returned,10,Apple Pay,Paid,1,2,No,Wrong Item
D00718,PAY00718,O00718,Same Day,Delivered,10,Credit Card,Paid,1,2,Yes,Wrong Item
D00719,PAY00719,O00719,Express,Returned,2,Cash On Delivery,Paid,4,1,Yes,Late Delivery
D00720,PAY00720,O00720,Standard,Delivered,7,STC Pay,Pending,3,4,No,Late Delivery
D00721,PAY00721,O00721,Same Day,Delivered,4,Credit Card,Refunded,3,4,Yes,N/A
D00722,PAY00722,O00722,Same Day,Delivered,6,STC Pay,Paid,5,7,Yes,Wrong Item
D00723,PAY00723,O00723,Express,Delivered,7,Debit Card,Paid,1,8,No,N/A
D00724,PAY00724,O00724,Same Day,Delivered,9,STC Pay,Refunded,5,1,No,Wrong Item
D00725,PAY00725,O00725,Express,In Transit,4,Debit Card,Refunded,3,6,No,Late Delivery
D00726,PAY00726,O00726,Standard,In Transit,10,Apple Pay,Paid,1,5,No,Damaged
D00727,PAY00727,O00727,Express,Delivered,6,STC Pay,Paid,4,9,No,Wrong Item
D00728,PAY00728,O00728,Express,Delivered,5,Apple Pay,Pending,1,6,Yes,Wrong Item
D00729,PAY00729,O00729,Standard,Delivered,9,Mada,Paid,1,1,No,Wrong Item
D00730,PAY00730,O00730,Same Day,Returned,9,Credit Card,Paid,2,4,Yes,Late Delivery
D00731,PAY00731,O00731,Same Day,Delivered,9,Mada,Refunded,5,10,No,Wrong Item
D00732,PAY00732,O00732,Same Day,In Transit,7,Cash On Delivery,Paid,2,9,Yes,Late Delivery
D00733,PAY00733,O00733,Standard,Returned,1,Debit Card,Paid,2,7,Yes,Late Delivery
D00734,PAY00734,O00734,Same Day,Returned,10,Debit Card,Paid,2,5,Yes,Damaged
D00735,PAY00735,O00735,Same Day,Returned,8,STC Pay,Paid,1,9,No,Wrong Item
D00736,PAY00736,O00736,Same Day,In Transit,8,STC Pay,Pending,1,1,No,Damaged
D00737,PAY00737,O00737,Same Day,Returned,2,Apple Pay,Paid,3,2,Yes,Wrong Item
D00738,PAY00738,O00738,Standard,Delivered,8,Cash On Delivery,Paid,5,10,No,Late Delivery
D00739,PAY00739,O00739,Standard,Returned,8,Apple Pay,Pending,1,5,Yes,Wrong Item
D00740,PAY00740,O00740,Standard,Delivered,6,Debit Card,Pending,4,8,No,Late Delivery
D00741,PAY00741,O00741,Express,Returned,4,Apple Pay,Pending,3,8,Yes,N/A
D00742,PAY00742,O00742,Same Day,In Transit,9,Credit Card,Paid,1,1,No,Damaged
D00743,PAY00743,O00743,Same Day,Returned,2,Mada,Pending,4,9,No,Damaged
D00744,PAY00744,O00744,Standard,In Transit,3,Mada,Paid,1,9,Yes,N/A
D00745,PAY00745,O00745,Same Day,Delivered,8,Cash On Delivery,Pending,3,2,Yes,Wrong Item
D00746,PAY00746,O00746,Same Day,In Transit,5,Apple Pay,Pending,3,4,No,N/A
D00747,PAY00747,O00747,Same Day,Returned,5,Mada,Refunded,3,7,No,Damaged
D00748,PAY00748,O00748,Same Day,Delivered,7,Mada,Pending,4,8,No,Damaged
D00749,PAY00749,O00749,Standard,In Transit,2,Mada,Paid,4,3,No,Late Delivery
D00750,PAY00750,O00750,Same Day,Returned,2,Mada,Refunded,2,6,Yes,Damaged
D00751,PAY00751,O00751,Same Day,Returned,3,Mada,Pending,2,2,No,Wrong Item
D00752,PAY00752,O00752,Same Day,Delivered,10,Cash On Delivery,Refunded,4,6,No,Damaged
D00753,PAY00753,O00753,Express,In Transit,3,Mada,Paid,1,10,No,Wrong Item
D00754,PAY00754,O00754,Standard,Returned,5,Debit Card,Pending,2,3,Yes,Late Delivery
D00755,PAY00755,O00755,Express,In Transit,5,Mada,Refunded,5,9,No,Wrong Item
D00756,PAY00756,O00756,Standard,Returned,8,Cash On Delivery,Paid,1,10,No,Late Delivery
D00757,PAY00757,O00757,Same Day,Returned,5,Cash On Delivery,Refunded,2,3,No,Wrong Item
D00758,PAY00758,O00758,Same Day,Delivered,10,Credit Card,Pending,1,9,Yes,N/A
D00759,PAY00759,O00759,Express,Delivered,6,Debit Card,Pending,3,2,No,Late Delivery
D00760,PAY00760,O00760,Express,In Transit,6,STC Pay,Pending,2,1,No,Wrong Item
D00761,PAY00761,O00761,Express,Delivered,3,Debit Card,Pending,5,6,No,N/A
D00762,PAY00762,O00762,Express,Returned,10,STC Pay,Refunded,1,4,Yes,N/A
D00763,PAY00763,O00763,Express,In Transit,9,STC Pay,Pending,2,8,No,Late Delivery
D00764,PAY00764,O00764,Same Day,Returned,1,STC Pay,Paid,3,8,No,Late Delivery
D00765,PAY00765,O00765,Same Day,Delivered,8,Mada,Refunded,4,3,No,Damaged
D00766,PAY00766,O00766,Standard,Returned,9,STC Pay,Pending,2,3,No,N/A
D00767,PAY00767,O00767,Standard,In Transit,1,Credit Card,Paid,1,5,No,Wrong Item
D00768,PAY00768,O00768,Express,In Transit,4,Cash On Delivery,Paid,3,9,No,Wrong Item
D00769,PAY00769,O00769,Express,In Transit,2,Credit Card,Paid,3,3,No,Damaged
D00770,PAY00770,O00770,Express,Delivered,7,Credit Card,Refunded,3,3,Yes,Wrong Item
D00771,PAY00771,O00771,Same Day,Delivered,9,Mada,Paid,3,2,Yes,Late Delivery
D00772,PAY00772,O00772,Express,Delivered,5,Debit Card,Paid,3,8,No,Damaged
D00773,PAY00773,O00773,Same Day,Returned,2,Mada,Refunded,4,4,No,N/A
D00774,PAY00774,O00774,Same Day,In Transit,9,Mada,Refunded,5,2,Yes,Damaged
D00775,PAY00775,O00775,Standard,Returned,1,Debit Card,Pending,3,10,No,Damaged
D00776,PAY00776,O00776,Express,Delivered,4,STC Pay,Refunded,5,5,No,Damaged
D00777,PAY00777,O00777,Same Day,Returned,7,Mada,Paid,4,8,Yes,Damaged
D00778,PAY00778,O00778,Express,Returned,4,STC Pay,Pending,3,9,Yes,Damaged
D00779,PAY00779,O00779,Same Day,In Transit,8,Mada,Paid,3,3,Yes,Damaged
D00780,PAY00780,O00780,Standard,Delivered,5,Debit Card,Pending,5,3,No,Late Delivery
D00781,PAY00781,O00781,Express,Delivered,10,Credit Card,Refunded,2,5,Yes,N/A
D00782,PAY00782,O00782,Express,In Transit,9,Debit Card,Pending,1,8,No,Damaged
D00783,PAY00783,O00783,Same Day,Returned,9,Credit Card,Paid,1,2,No,Late Delivery
D00784,PAY00784,O00784,Express,In Transit,2,Cash On Delivery,Refunded,4,7,No,Wrong Item
D00785,PAY00785,O00785,Express,In Transit,4,Mada,Pending,5,4,Yes,Wrong Item
D00786,PAY00786,O00786,Same Day,Delivered,4,Apple Pay,Pending,5,2,Yes,Wrong Item
D00787,PAY00787,O00787,Same Day,Delivered,1,Debit Card,Paid,2,2,No,Wrong Item
D00788,PAY00788,O00788,Same Day,Returned,1,Cash On Delivery,Pending,1,8,No,N/A
D00789,PAY00789,O00789,Standard,Returned,9,Credit Card,Refunded,1,7,No,Damaged
D00790,PAY00790,O00790,Express,Delivered,2,Debit Card,Paid,1,7,Yes,Wrong Item
D00791,PAY00791,O00791,Express,Delivered,6,Debit Card,Pending,3,9,No,Damaged
D00792,PAY00792,O00792,Same Day,Delivered,5,STC Pay,Paid,4,10,No,Late Delivery
D00793,PAY00793,O00793,Standard,Delivered,7,Credit Card,Paid,3,10,Yes,Late Delivery
D00794,PAY00794,O00794,Express,Returned,10,Mada,Pending,1,1,No,Late Delivery
D00795,PAY00795,O00795,Standard,Returned,8,Apple Pay,Paid,5,9,Yes,Wrong Item
D00796,PAY00796,O00796,Same Day,Returned,5,Credit Card,Paid,1,6,No,N/A
D00797,PAY00797,O00797,Express,Delivered,5,Apple Pay,Paid,4,3,No,Wrong Item
D00798,PAY00798,O00798,Express,In Transit,9,Debit Card,Paid,4,9,Yes,Wrong Item
D00799,PAY00799,O00799,Standard,In Transit,7,Apple Pay,Refunded,1,1,No,N/A
D00800,PAY00800,O00800,Standard,Delivered,3,Credit Card,Pending,4,7,Yes,Damaged
D00801,PAY00801,O00801,Express,Returned,4,Cash On Delivery,Pending,2,3,Yes,Wrong Item
D00802,PAY00802,O00802,Standard,In Transit,7,Mada,Paid,3,6,Yes,N/A
D00803,PAY00803,O00803,Express,Returned,9,Apple Pay,Paid,5,2,No,N/A
D00804,PAY00804,O00804,Express,Returned,6,Debit Card,Paid,5,9,Yes,Damaged
D00805,PAY00805,O00805,Same Day,Returned,9,Cash On Delivery,Paid,1,3,No,N/A
D00806,PAY00806,O00806,Standard,Returned,4,Credit Card,Pending,4,3,Yes,N/A
D00807,PAY00807,O00807,Same Day,Returned,3,Apple Pay,Paid,4,2,Yes,Damaged
D00808,PAY00808,O00808,Standard,In Transit,5,Cash On Delivery,Refunded,3,2,No,Damaged
D00809,PAY00809,O00809,Standard,Delivered,2,STC Pay,Refunded,5,2,Yes,Wrong Item
D00810,PAY00810,O00810,Standard,Delivered,2,Credit Card,Refunded,4,5,No,Late Delivery
D00811,PAY00811,O00811,Express,Delivered,5,Mada,Refunded,1,7,No,Wrong Item
D00812,PAY00812,O00812,Express,Delivered,1,Cash On Delivery,Pending,1,3,Yes,Damaged
D00813,PAY00813,O00813,Express,In Transit,5,Cash On Delivery,Pending,4,10,Yes,Wrong Item
D00814,PAY00814,O00814,Standard,In Transit,8,STC Pay,Refunded,1,8,Yes,N/A
D00815,PAY00815,O00815,Same Day,Returned,9,Cash On Delivery,Pending,3,10,No,Late Delivery
D00816,PAY00816,O00816,Express,Returned,9,Apple Pay,Paid,5,9,Yes,Wrong Item
D00817,PAY00817,O00817,Same Day,Returned,5,Apple Pay,Pending,5,1,No,Wrong Item
D00818,PAY00818,O00818,Standard,In Transit,9,Cash On Delivery,Refunded,4,3,No,Wrong Item
D00819,PAY00819,O00819,Same Day,In Transit,6,Credit Card,Paid,5,4,Yes,Late Delivery
D00820,PAY00820,O00820,Same Day,Returned,2,Mada,Pending,1,6,No,Wrong Item
D00821,PAY00821,O00821,Express,Delivered,5,Credit Card,Pending,1,3,Yes,Late Delivery
D00822,PAY00822,O00822,Standard,Delivered,1,Cash On Delivery,Refunded,1,3,No,N/A
D00823,PAY00823,O00823,Same Day,In Transit,10,Apple Pay,Pending,4,7,No,Late Delivery
D00824,PAY00824,O00824,Standard,In Transit,4,Mada,Refunded,3,9,Yes,Wrong Item
D00825,PAY00825,O00825,Same Day,Returned,3,Credit Card,Paid,2,7,No,Wrong Item
D00826,PAY00826,O00826,Standard,In Transit,10,Apple Pay,Refunded,5,9,No,Wrong Item
D00827,PAY00827,O00827,Same Day,Delivered,1,Credit Card,Pending,1,8,Yes,Wrong Item
D00828,PAY00828,O00828,Standard,In Transit,8,Credit Card,Pending,1,7,Yes,Late Delivery
D00829,PAY00829,O00829,Express,Returned,6,Apple Pay,Refunded,1,10,No,Damaged
D00830,PAY00830,O00830,Express,Returned,4,Mada,Pending,1,5,No,Damaged
D00831,PAY00831,O00831,Same Day,Delivered,5,Debit Card,Paid,2,6,Yes,Wrong Item
D00832,PAY00832,O00832,Same Day,Returned,8,Credit Card,Pending,3,9,Yes,N/A
D00833,PAY00833,O00833,Standard,Returned,10,Cash On Delivery,Paid,2,10,Yes,Damaged
D00834,PAY00834,O00834,Standard,Delivered,1,STC Pay,Pending,1,5,No,Damaged
D00835,PAY00835,O00835,Express,Delivered,2,Debit Card,Refunded,2,4,Yes,Wrong Item
D00836,PAY00836,O00836,Express,Returned,5,Apple Pay,Paid,3,10,Yes,Wrong Item
D00837,PAY00837,O00837,Express,Returned,2,Credit Card,Pending,2,7,No,N/A
D00838,PAY00838,O00838,Standard,Returned,1,Apple Pay,Pending,2,4,No,Late Delivery
D00839,PAY00839,O00839,Express,In Transit,9,Mada,Paid,5,7,Yes,N/A
D00840,PAY00840,O00840,Standard,Returned,9,Cash On Delivery,Paid,3,4,No,Late Delivery
D00841,PAY00841,O00841,Same Day,In Transit,2,Mada,Paid,3,3,Yes,Wrong Item
D00842,PAY00842,O00842,Express,Returned,6,Cash On Delivery,Paid,4,1,Yes,Damaged
D00843,PAY00843,O00843,Same Day,Returned,1,Credit Card,Paid,4,2,Yes,Wrong Item
D00844,PAY00844,O00844,Express,In Transit,9,Debit Card,Paid,2,10,Yes,Wrong Item
D00845,PAY00845,O00845,Standard,Returned,9,STC Pay,Pending,4,2,No,Damaged
D00846,PAY00846,O00846,Express,In Transit,5,Mada,Paid,4,1,No,Wrong Item
D00847,PAY00847,O00847,Express,Delivered,3,Cash On Delivery,Refunded,2,4,No,Late Delivery
D00848,PAY00848,O00848,Same Day,Delivered,3,Cash On Delivery,Refunded,2,2,Yes,Damaged
D00849,PAY00849,O00849,Same Day,Delivered,3,Credit Card,Paid,5,2,Yes,N/A
D00850,PAY00850,O00850,Standard,In Transit,1,Apple Pay,Paid,3,1,No,N/A
D00851,PAY00851,O00851,Express,Delivered,10,Apple Pay,Refunded,2,10,No,Damaged
D00852,PAY00852,O00852,Standard,In Transit,4,Credit Card,Paid,3,7,Yes,Damaged
D00853,PAY00853,O00853,Standard,Delivered,6,Credit Card,Refunded,3,9,No,N/A
D00854,PAY00854,O00854,Standard,Delivered,10,Debit Card,Refunded,5,4,No,Damaged
D00855,PAY00855,O00855,Express,Delivered,5,Debit Card,Refunded,3,4,Yes,N/A
D00856,PAY00856,O00856,Express,Delivered,4,STC Pay,Refunded,1,8,No,Wrong Item
D00857,PAY00857,O00857,Standard,In Transit,5,Mada,Refunded,4,8,Yes,Wrong Item
D00858,PAY00858,O00858,Standard,Delivered,9,Cash On Delivery,Paid,3,1,Yes,N/A
D00859,PAY00859,O00859,Same Day,Returned,7,Mada,Refunded,4,10,Yes,Damaged
D00860,PAY00860,O00860,Express,Delivered,7,Credit Card,Refunded,5,9,No,N/A
D00861,PAY00861,O00861,Express,In Transit,7,STC Pay,Pending,3,1,No,Late Delivery
D00862,PAY00862,O00862,Express,Returned,2,STC Pay,Pending,5,8,Yes,N/A
D00863,PAY00863,O00863,Standard,Delivered,2,STC Pay,Refunded,4,4,Yes,Damaged
D00864,PAY00864,O00864,Express,Returned,8,Debit Card,Paid,3,5,No,N/A
D00865,PAY00865,O00865,Standard,Returned,5,Apple Pay,Pending,4,8,Yes,Damaged
D00866,PAY00866,O00866,Same Day,Delivered,3,STC Pay,Refunded,4,6,No,Wrong Item
D00867,PAY00867,O00867,Express,Delivered,7,Mada,Pending,3,6,No,Damaged
D00868,PAY00868,O00868,Same Day,Returned,1,Cash On Delivery,Pending,5,9,No,Damaged
D00869,PAY00869,O00869,Standard,In Transit,4,Mada,Refunded,4,3,Yes,N/A
D00870,PAY00870,O00870,Standard,Delivered,4,STC Pay,Refunded,4,6,Yes,Damaged
D00871,PAY00871,O00871,Express,Returned,10,Cash On Delivery,Pending,4,10,Yes,N/A
D00872,PAY00872,O00872,Same Day,Returned,1,Cash On Delivery,Paid,1,5,Yes,Late Delivery
D00873,PAY00873,O00873,Express,In Transit,10,Mada,Refunded,3,10,No,Wrong Item
D00874,PAY00874,O00874,Standard,Delivered,9,STC Pay,Pending,1,5,No,Late Delivery
D00875,PAY00875,O00875,Express,Delivered,6,Cash On Delivery,Paid,4,9,No,Wrong Item
D00876,PAY00876,O00876,Express,Delivered,4,Credit Card,Refunded,4,7,No,Wrong Item
D00877,PAY00877,O00877,Standard,In Transit,1,Apple Pay,Refunded,2,6,Yes,Damaged
D00878,PAY00878,O00878,Same Day,In Transit,7,Credit Card,Refunded,1,8,No,N/A
D00879,PAY00879,O00879,Same Day,Delivered,5,Mada,Refunded,4,4,Yes,Damaged
D00880,PAY00880,O00880,Express,Delivered,7,Apple Pay,Pending,5,7,Yes,N/A
D00881,PAY00881,O00881,Same Day,In Transit,6,Mada,Paid,1,6,No,N/A
D00882,PAY00882,O00882,Express,In Transit,10,Cash On Delivery,Paid,2,9,Yes,Damaged
D00883,PAY00883,O00883,Same Day,Delivered,2,Mada,Pending,1,4,No,N/A
D00884,PAY00884,O00884,Standard,Returned,5,Cash On Delivery,Paid,4,6,Yes,N/A
D00885,PAY00885,O00885,Same Day,In Transit,7,Debit Card,Refunded,2,8,Yes,Damaged
D00886,PAY00886,O00886,Standard,Delivered,1,STC Pay,Refunded,3,1,No,Wrong Item
D00887,PAY00887,O00887,Express,In Transit,8,STC Pay,Pending,5,8,No,Damaged
D00888,PAY00888,O00888,Same Day,In Transit,3,Cash On Delivery,Paid,5,2,No,N/A
D00889,PAY00889,O00889,Same Day,Returned,6,STC Pay,Refunded,1,9,No,Late Delivery
D00890,PAY00890,O00890,Express,Delivered,4,Mada,Refunded,5,3,No,Wrong Item
D00891,PAY00891,O00891,Express,In Transit,6,STC Pay,Pending,2,6,Yes,N/A
D00892,PAY00892,O00892,Express,Delivered,5,Apple Pay,Pending,2,5,No,Wrong Item
D00893,PAY00893,O00893,Express,Delivered,10,Mada,Pending,2,8,Yes,Late Delivery
D00894,PAY00894,O00894,Same Day,In Transit,5,Debit Card,Refunded,3,10,Yes,N/A
D00895,PAY00895,O00895,Express,In Transit,10,Apple Pay,Pending,1,7,No,Wrong Item
D00896,PAY00896,O00896,Express,In Transit,10,Debit Card,Pending,1,9,Yes,Late Delivery
D00897,PAY00897,O00897,Express,Returned,7,Credit Card,Paid,3,3,Yes,N/A
D00898,PAY00898,O00898,Express,In Transit,5,Mada,Paid,2,7,No,N/A
D00899,PAY00899,O00899,Standard,In Transit,10,Debit Card,Paid,3,1,Yes,N/A
D00900,PAY00900,O00900,Same Day,In Transit,3,Mada,Pending,1,7,No,Damaged
D00901,PAY00901,O00901,Express,In Transit,7,Debit Card,Refunded,3,8,Yes,Damaged
D00902,PAY00902,O00902,Standard,In Transit,9,Mada,Pending,2,2,Yes,N/A
D00903,PAY00903,O00903,Standard,In Transit,1,Apple Pay,Refunded,1,1,No,Wrong Item
D00904,PAY00904,O00904,Express,Returned,8,Mada,Refunded,3,2,Yes,Late Delivery
D00905,PAY00905,O00905,Same Day,Returned,2,STC Pay,Paid,4,4,Yes,Late Delivery
D00906,PAY00906,O00906,Standard,Delivered,6,Cash On Delivery,Pending,3,1,No,Late Delivery
D00907,PAY00907,O00907,Standard,In Transit,8,Apple Pay,Paid,1,10,No,Late Delivery
D00908,PAY00908,O00908,Same Day,Delivered,5,Apple Pay,Pending,4,2,Yes,Damaged
D00909,PAY00909,O00909,Same Day,Delivered,3,Credit Card,Paid,2,7,Yes,Wrong Item
D00910,PAY00910,O00910,Express,Returned,3,Mada,Paid,2,4,Yes,Damaged
D00911,PAY00911,O00911,Same Day,Returned,9,STC Pay,Pending,2,9,No,Damaged
D00912,PAY00912,O00912,Standard,Returned,1,Mada,Pending,5,2,Yes,Late Delivery
D00913,PAY00913,O00913,Express,In Transit,7,STC Pay,Pending,4,3,Yes,Wrong Item
D00914,PAY00914,O00914,Express,In Transit,1,Mada,Pending,5,10,No,Damaged
D00915,PAY00915,O00915,Express,Delivered,2,Apple Pay,Pending,4,2,Yes,Late Delivery
D00916,PAY00916,O00916,Standard,Returned,5,Apple Pay,Refunded,1,7,Yes,Late Delivery
D00917,PAY00917,O00917,Express,Returned,7,Cash On Delivery,Paid,1,7,Yes,N/A
D00918,PAY00918,O00918,Express,In Transit,10,STC Pay,Paid,3,5,No,Wrong Item
D00919,PAY00919,O00919,Standard,In Transit,8,Apple Pay,Pending,4,7,No,Wrong Item
D00920,PAY00920,O00920,Same Day,In Transit,5,Credit Card,Refunded,5,4,Yes,Damaged
D00921,PAY00921,O00921,Standard,Returned,6,STC Pay,Paid,3,4,Yes,N/A
D00922,PAY00922,O00922,Same Day,Delivered,5,STC Pay,Pending,5,4,No,N/A
D00923,PAY00923,O00923,Standard,In Transit,2,Debit Card,Pending,2,1,Yes,Wrong Item
D00924,PAY00924,O00924,Standard,Delivered,3,Apple Pay,Paid,5,5,Yes,Damaged
D00925,PAY00925,O00925,Express,Delivered,7,Cash On Delivery,Pending,1,1,Yes,N/A
D00926,PAY00926,O00926,Standard,Returned,1,Mada,Paid,4,8,Yes,Damaged
D00927,PAY00927,O00927,Standard,Returned,1,STC Pay,Pending,4,3,No,Damaged
D00928,PAY00928,O00928,Express,Delivered,1,Debit Card,Paid,3,5,Yes,Late Delivery
D00929,PAY00929,O00929,Express,In Transit,3,Credit Card,Pending,2,8,Yes,Wrong Item
D00930,PAY00930,O00930,Same Day,Returned,5,Credit Card,Paid,3,4,No,Damaged
D00931,PAY00931,O00931,Express,Delivered,7,Debit Card,Paid,3,7,Yes,Late Delivery
D00932,PAY00932,O00932,Express,Returned,3,Credit Card,Refunded,1,6,Yes,Late Delivery
D00933,PAY00933,O00933,Same Day,Returned,3,Apple Pay,Pending,1,10,Yes,Late Delivery
D00934,PAY00934,O00934,Standard,Delivered,9,Credit Card,Paid,3,6,Yes,Wrong Item
D00935,PAY00935,O00935,Express,Returned,7,Mada,Refunded,5,4,Yes,Late Delivery
D00936,PAY00936,O00936,Express,Returned,6,Debit Card,Refunded,2,5,No,N/A
D00937,PAY00937,O00937,Same Day,Returned,5,Cash On Delivery,Pending,2,9,No,Late Delivery
D00938,PAY00938,O00938,Standard,Returned,4,Apple Pay,Pending,2,10,Yes,Late Delivery
D00939,PAY00939,O00939,Standard,In Transit,8,Cash On Delivery,Paid,3,1,No,Late Delivery
D00940,PAY00940,O00940,Express,Returned,9,Apple Pay,Refunded,4,5,Yes,Late Delivery
D00941,PAY00941,O00941,Same Day,In Transit,1,Cash On Delivery,Refunded,3,5,Yes,Wrong Item
D00942,PAY00942,O00942,Same Day,In Transit,2,STC Pay,Refunded,3,9,Yes,N/A
D00943,PAY00943,O00943,Express,Returned,5,Apple Pay,Refunded,2,5,No,Damaged
D00944,PAY00944,O00944,Express,Delivered,9,Mada,Refunded,1,1,Yes,Wrong Item
D00945,PAY00945,O00945,Standard,Returned,2,Cash On Delivery,Refunded,2,5,Yes,Wrong Item
D00946,PAY00946,O00946,Same Day,In Transit,7,STC Pay,Refunded,3,3,Yes,N/A
D00947,PAY00947,O00947,Express,Delivered,8,Apple Pay,Paid,4,4,Yes,N/A
D00948,PAY00948,O00948,Express,In Transit,4,Credit Card,Paid,2,8,No,N/A
D00949,PAY00949,O00949,Express,Delivered,1,Cash On Delivery,Pending,2,6,Yes,Late Delivery
D00950,PAY00950,O00950,Standard,Returned,7,STC Pay,Paid,2,4,Yes,Damaged
D00951,PAY00951,O00951,Express,In Transit,10,Cash On Delivery,Pending,2,1,Yes,N/A
D00952,PAY00952,O00952,Express,In Transit,5,Mada,Pending,1,1,No,Damaged
D00953,PAY00953,O00953,Standard,Returned,5,Cash On Delivery,Refunded,3,2,Yes,N/A
D00954,PAY00954,O00954,Express,In Transit,2,STC Pay,Pending,5,8,Yes,N/A
D00955,PAY00955,O00955,Same Day,Returned,5,Cash On Delivery,Paid,5,9,No,Damaged
D00956,PAY00956,O00956,Standard,In Transit,6,Debit Card,Pending,5,5,No,Wrong Item
D00957,PAY00957,O00957,Express,Returned,6,STC Pay,Pending,3,1,No,Wrong Item
D00958,PAY00958,O00958,Same Day,Delivered,7,STC Pay,Refunded,2,3,No,N/A
D00959,PAY00959,O00959,Standard,In Transit,9,Credit Card,Refunded,2,6,Yes,N/A
D00960,PAY00960,O00960,Same Day,Delivered,7,Debit Card,Refunded,3,1,Yes,N/A
D00961,PAY00961,O00961,Standard,Delivered,2,Apple Pay,Pending,5,7,Yes,Wrong Item
D00962,PAY00962,O00962,Same Day,Delivered,7,Apple Pay,Refunded,1,4,No,N/A
D00963,PAY00963,O00963,Same Day,In Transit,5,Mada,Refunded,2,9,No,Late Delivery
D00964,PAY00964,O00964,Standard,In Transit,7,STC Pay,Refunded,5,1,Yes,N/A
D00965,PAY00965,O00965,Express,In Transit,3,Mada,Pending,2,6,No,Damaged
D00966,PAY00966,O00966,Same Day,Delivered,10,Mada,Refunded,3,4,No,N/A
D00967,PAY00967,O00967,Standard,Returned,2,Mada,Refunded,4,7,No,N/A
D00968,PAY00968,O00968,Express,In Transit,2,Mada,Paid,5,3,No,N/A
D00969,PAY00969,O00969,Standard,Returned,5,Credit Card,Paid,4,7,Yes,Damaged
D00970,PAY00970,O00970,Same Day,Returned,10,Debit Card,Pending,5,10,Yes,Wrong Item
D00971,PAY00971,O00971,Express,Returned,4,Debit Card,Pending,2,5,No,Damaged
D00972,PAY00972,O00972,Express,In Transit,8,Debit Card,Pending,1,8,Yes,Late Delivery
D00973,PAY00973,O00973,Express,Delivered,9,Mada,Paid,3,7,No,Late Delivery
D00974,PAY00974,O00974,Same Day,Returned,9,Credit Card,Refunded,2,9,Yes,Wrong Item
D00975,PAY00975,O00975,Express,Delivered,10,Cash On Delivery,Refunded,4,9,No,N/A
D00976,PAY00976,O00976,Same Day,Returned,8,Debit Card,Paid,5,2,No,N/A
D00977,PAY00977,O00977,Same Day,In Transit,9,Credit Card,Paid,3,8,Yes,Wrong Item
D00978,PAY00978,O00978,Same Day,Delivered,3,Apple Pay,Pending,3,8,No,Late Delivery
D00979,PAY00979,O00979,Same Day,Returned,9,Credit Card,Pending,3,7,No,N/A
D00980,PAY00980,O00980,Express,Returned,1,Mada,Refunded,2,2,Yes,N/A
D00981,PAY00981,O00981,Express,Returned,3,Credit Card,Paid,1,5,Yes,Wrong Item
D00982,PAY00982,O00982,Same Day,In Transit,10,Mada,Pending,2,6,Yes,N/A
D00983,PAY00983,O00983,Standard,In Transit,5,Cash On Delivery,Paid,4,3,No,Late Delivery
D00984,PAY00984,O00984,Same Day,Delivered,5,Cash On Delivery,Refunded,2,2,Yes,Late Delivery
D00985,PAY00985,O00985,Express,In Transit,8,STC Pay,Pending,3,10,No,Late Delivery
D00986,PAY00986,O00986,Standard,Returned,7,STC Pay,Pending,2,8,No,N/A
D00987,PAY00987,O00987,Standard,In Transit,1,Cash On Delivery,Pending,2,4,Yes,Wrong Item
D00988,PAY00988,O00988,Same Day,Returned,8,Credit Card,Refunded,4,10,Yes,Damaged
D00989,PAY00989,O00989,Same Day,Delivered,7,STC Pay,Pending,2,9,Yes,Damaged
D00990,PAY00990,O00990,Express,Delivered,1,STC Pay,Paid,2,9,Yes,Damaged
D00991,PAY00991,O00991,Standard,Returned,10,Debit Card,Refunded,1,8,No,N/A
D00992,PAY00992,O00992,Same Day,Returned,5,Cash On Delivery,Pending,3,6,No,N/A
D00993,PAY00993,O00993,Standard,Returned,5,Mada,Paid,3,1,Yes,N/A
D00994,PAY00994,O00994,Same Day,Delivered,3,Apple Pay,Paid,4,10,No,Wrong Item
D00995,PAY00995,O00995,Same Day,Delivered,10,Credit Card,Pending,2,9,No,Late Delivery
D00996,PAY00996,O00996,Same Day,Delivered,2,Debit Card,Pending,5,5,Yes,Wrong Item
D00997,PAY00997,O00997,Same Day,In Transit,9,Cash On Delivery,Refunded,5,2,Yes,Late Delivery
D00998,PAY00998,O00998,Express,Delivered,5,Debit Card,Pending,2,1,Yes,Late Delivery
D00999,PAY00999,O00999,Express,Delivered,5,Cash On Delivery,Refunded,1,7,Yes,N/A
D01000,PAY01000,O01000,Standard,Returned,8,Cash On Delivery,Pending,5,1,No,N/A
D01001,PAY01001,O01001,Same Day,Returned,1,Mada,Paid,2,6,Yes,N/A
D01002,PAY01002,O01002,Express,Delivered,10,Credit Card,Refunded,3,9,Yes,N/A
D01003,PAY01003,O01003,Same Day,Delivered,10,STC Pay,Refunded,5,2,No,Wrong Item
D01004,PAY01004,O01004,Standard,In Transit,1,Cash On Delivery,Paid,5,6,No,Late Delivery
D01005,PAY01005,O01005,Express,In Transit,3,Cash On Delivery,Paid,5,1,Yes,Wrong Item
D01006,PAY01006,O01006,Standard,Delivered,4,STC Pay,Paid,5,4,Yes,Damaged
D01007,PAY01007,O01007,Same Day,Delivered,10,Credit Card,Refunded,4,1,No,Damaged
D01008,PAY01008,O01008,Express,Delivered,2,Apple Pay,Pending,5,1,No,Wrong Item
D01009,PAY01009,O01009,Express,In Transit,2,Cash On Delivery,Paid,3,3,No,N/A
D01010,PAY01010,O01010,Express,Delivered,8,Credit Card,Pending,5,6,Yes,Wrong Item
D01011,PAY01011,O01011,Same Day,In Transit,7,Apple Pay,Paid,3,3,No,N/A
D01012,PAY01012,O01012,Same Day,In Transit,6,Credit Card,Pending,4,2,No,Damaged
D01013,PAY01013,O01013,Express,Returned,7,Debit Card,Paid,5,2,No,Late Delivery
D01014,PAY01014,O01014,Same Day,Delivered,6,Apple Pay,Paid,2,10,No,N/A
D01015,PAY01015,O01015,Same Day,Delivered,10,Credit Card,Paid,5,5,No,N/A
D01016,PAY01016,O01016,Standard,In Transit,3,Debit Card,Refunded,5,3,No,Damaged
D01017,PAY01017,O01017,Standard,Delivered,4,Apple Pay,Paid,5,1,Yes,Wrong Item
D01018,PAY01018,O01018,Express,Returned,9,Cash On Delivery,Refunded,5,2,No,N/A
D01019,PAY01019,O01019,Same Day,In Transit,2,STC Pay,Paid,2,2,Yes,Late Delivery
D01020,PAY01020,O01020,Express,Delivered,8,Cash On Delivery,Pending,2,2,No,Damaged
D01021,PAY01021,O01021,Express,Delivered,9,Mada,Paid,1,3,No,Damaged
D01022,PAY01022,O01022,Standard,Returned,1,Debit Card,Pending,2,2,Yes,N/A
D01023,PAY01023,O01023,Standard,Returned,4,Cash On Delivery,Refunded,4,8,No,Late Delivery
D01024,PAY01024,O01024,Express,Returned,4,Cash On Delivery,Paid,5,3,Yes,Damaged
D01025,PAY01025,O01025,Standard,Returned,2,STC Pay,Pending,1,8,Yes,Late Delivery
D01026,PAY01026,O01026,Express,In Transit,5,Apple Pay,Refunded,5,1,Yes,Damaged
D01027,PAY01027,O01027,Standard,In Transit,10,Debit Card,Refunded,4,7,Yes,Late Delivery
D01028,PAY01028,O01028,Same Day,In Transit,8,STC Pay,Paid,5,8,Yes,N/A
D01029,PAY01029,O01029,Express,In Transit,2,Apple Pay,Refunded,4,2,No,Late Delivery
D01030,PAY01030,O01030,Same Day,Delivered,10,Debit Card,Pending,3,2,Yes,N/A
D01031,PAY01031,O01031,Express,In Transit,5,Apple Pay,Refunded,2,6,No,Damaged
D01032,PAY01032,O01032,Express,In Transit,1,Mada,Pending,3,8,Yes,Damaged
D01033,PAY01033,O01033,Same Day,Returned,1,Mada,Pending,3,6,Yes,Damaged
D01034,PAY01034,O01034,Same Day,In Transit,6,Cash On Delivery,Paid,5,7,Yes,Damaged
D01035,PAY01035,O01035,Same Day,In Transit,5,Mada,Refunded,4,1,No,N/A
D01036,PAY01036,O01036,Same Day,Delivered,2,Mada,Pending,5,6,No,N/A
D01037,PAY01037,O01037,Same Day,Returned,8,Cash On Delivery,Refunded,2,2,Yes,Late Delivery
D01038,PAY01038,O01038,Same Day,Returned,10,STC Pay,Refunded,5,7,No,Damaged
D01039,PAY01039,O01039,Standard,Delivered,10,Apple Pay,Paid,4,1,Yes,Wrong Item
D01040,PAY01040,O01040,Standard,In Transit,7,Credit Card,Paid,1,1,Yes,Wrong Item
D01041,PAY01041,O01041,Express,Delivered,2,Mada,Refunded,2,3,Yes,Wrong Item
D01042,PAY01042,O01042,Express,Delivered,2,Cash On Delivery,Refunded,1,9,No,Wrong Item
D01043,PAY01043,O01043,Express,Delivered,10,Apple Pay,Paid,1,10,Yes,N/A
D01044,PAY01044,O01044,Express,In Transit,10,Debit Card,Refunded,5,2,Yes,Wrong Item
D01045,PAY01045,O01045,Same Day,In Transit,10,Apple Pay,Pending,1,3,Yes,N/A
D01046,PAY01046,O01046,Standard,Returned,4,Credit Card,Pending,3,8,Yes,Late Delivery
D01047,PAY01047,O01047,Standard,Returned,8,Apple Pay,Pending,2,10,Yes,N/A
D01048,PAY01048,O01048,Standard,Delivered,4,Credit Card,Paid,5,7,Yes,Wrong Item
D01049,PAY01049,O01049,Standard,Delivered,1,Debit Card,Refunded,5,5,No,Late Delivery
D01050,PAY01050,O01050,Express,Returned,1,Apple Pay,Paid,3,7,No,Damaged
D01051,PAY01051,O01051,Standard,In Transit,8,STC Pay,Pending,5,2,Yes,Late Delivery
D01052,PAY01052,O01052,Express,Returned,5,STC Pay,Pending,4,10,Yes,Damaged
D01053,PAY01053,O01053,Standard,Delivered,6,Credit Card,Refunded,1,1,No,Late Delivery
D01054,PAY01054,O01054,Express,In Transit,6,Debit Card,Paid,3,6,Yes,Damaged
D01055,PAY01055,O01055,Standard,In Transit,2,Apple Pay,Refunded,1,2,No,N/A
D01056,PAY01056,O01056,Express,Delivered,3,Apple Pay,Paid,5,9,No,Wrong Item
D01057,PAY01057,O01057,Express,Returned,2,Apple Pay,Pending,2,8,Yes,N/A
D01058,PAY01058,O01058,Same Day,Delivered,3,Credit Card,Refunded,1,4,Yes,Late Delivery
D01059,PAY01059,O01059,Express,Delivered,1,STC Pay,Pending,1,10,Yes,Damaged
D01060,PAY01060,O01060,Standard,Returned,8,Cash On Delivery,Refunded,4,5,No,Late Delivery
D01061,PAY01061,O01061,Same Day,Delivered,9,Cash On Delivery,Pending,2,4,Yes,Late Delivery
D01062,PAY01062,O01062,Standard,In Transit,7,Credit Card,Refunded,5,7,No,Wrong Item
D01063,PAY01063,O01063,Standard,Delivered,4,STC Pay,Paid,3,2,Yes,Wrong Item
D01064,PAY01064,O01064,Same Day,In Transit,9,Credit Card,Paid,1,3,No,Damaged
D01065,PAY01065,O01065,Express,In Transit,7,Credit Card,Refunded,5,7,No,Late Delivery
D01066,PAY01066,O01066,Express,Returned,3,Credit Card,Refunded,2,5,Yes,Late Delivery
D01067,PAY01067,O01067,Express,Returned,1,Apple Pay,Refunded,2,1,Yes,N/A
D01068,PAY01068,O01068,Express,In Transit,1,Credit Card,Pending,3,7,Yes,Late Delivery
D01069,PAY01069,O01069,Same Day,Returned,3,STC Pay,Paid,3,6,Yes,Wrong Item
D01070,PAY01070,O01070,Standard,In Transit,7,Debit Card,Pending,2,4,No,Late Delivery
D01071,PAY01071,O01071,Standard,In Transit,2,Cash On Delivery,Refunded,5,9,Yes,Late Delivery
D01072,PAY01072,O01072,Same Day,Returned,6,STC Pay,Refunded,3,2,Yes,Wrong Item
D01073,PAY01073,O01073,Same Day,Returned,3,STC Pay,Refunded,1,2,Yes,Wrong Item
D01074,PAY01074,O01074,Same Day,Delivered,8,Credit Card,Pending,4,3,Yes,Late Delivery
D01075,PAY01075,O01075,Express,Returned,1,Credit Card,Pending,3,3,Yes,N/A
D01076,PAY01076,O01076,Express,Returned,8,Apple Pay,Paid,2,10,Yes,Wrong Item
D01077,PAY01077,O01077,Standard,Returned,9,STC Pay,Pending,4,1,No,N/A
D01078,PAY01078,O01078,Same Day,Delivered,2,Mada,Paid,1,10,No,N/A
D01079,PAY01079,O01079,Standard,In Transit,8,Apple Pay,Paid,2,6,Yes,N/A
D01080,PAY01080,O01080,Standard,In Transit,3,Apple Pay,Paid,4,6,Yes,Damaged
D01081,PAY01081,O01081,Express,Delivered,3,Mada,Pending,5,3,Yes,Damaged
D01082,PAY01082,O01082,Standard,Delivered,8,Cash On Delivery,Paid,2,6,Yes,Damaged
D01083,PAY01083,O01083,Same Day,Returned,3,Mada,Pending,2,3,No,Damaged
D01084,PAY01084,O01084,Standard,Delivered,9,Mada,Paid,4,10,Yes,Damaged
D01085,PAY01085,O01085,Same Day,Delivered,7,STC Pay,Refunded,2,5,No,Wrong Item
D01086,PAY01086,O01086,Same Day,In Transit,4,Mada,Paid,5,8,No,Late Delivery
D01087,PAY01087,O01087,Standard,In Transit,4,STC Pay,Paid,3,10,Yes,Damaged
D01088,PAY01088,O01088,Same Day,Delivered,10,Cash On Delivery,Refunded,4,2,Yes,N/A
D01089,PAY01089,O01089,Standard,Delivered,4,STC Pay,Pending,4,3,Yes,Late Delivery
D01090,PAY01090,O01090,Same Day,Delivered,4,STC Pay,Pending,4,7,No,Wrong Item
D01091,PAY01091,O01091,Same Day,In Transit,7,Cash On Delivery,Pending,5,3,Yes,N/A
D01092,PAY01092,O01092,Standard,Returned,2,Cash On Delivery,Paid,2,5,No,Late Delivery
D01093,PAY01093,O01093,Standard,In Transit,9,Apple Pay,Pending,1,3,Yes,Damaged
D01094,PAY01094,O01094,Standard,Delivered,4,STC Pay,Pending,5,4,Yes,Damaged
D01095,PAY01095,O01095,Same Day,Returned,1,Credit Card,Paid,5,5,No,Late Delivery
D01096,PAY01096,O01096,Same Day,Returned,1,STC Pay,Paid,2,10,Yes,N/A
D01097,PAY01097,O01097,Express,In Transit,5,Mada,Refunded,2,4,Yes,Wrong Item
D01098,PAY01098,O01098,Standard,In Transit,4,Apple Pay,Paid,5,8,No,Late Delivery
D01099,PAY01099,O01099,Express,In Transit,7,Debit Card,Refunded,4,5,No,Late Delivery
D01100,PAY01100,O01100,Express,Returned,5,STC Pay,Refunded,4,9,Yes,Damaged
D01101,PAY01101,O01101,Same Day,Delivered,7,Cash On Delivery,Paid,3,8,Yes,N/A
D01102,PAY01102,O01102,Standard,Returned,7,Mada,Paid,3,8,Yes,Wrong Item
D01103,PAY01103,O01103,Express,In Transit,8,Credit Card,Pending,3,4,No,N/A
D01104,PAY01104,O01104,Same Day,Delivered,1,Cash On Delivery,Pending,3,1,No,Late Delivery
D01105,PAY01105,O01105,Standard,Returned,5,Credit Card,Refunded,2,2,No,Late Delivery
D01106,PAY01106,O01106,Standard,Delivered,10,Cash On Delivery,Pending,4,1,No,Damaged
D01107,PAY01107,O01107,Same Day,Returned,9,Mada,Pending,4,4,Yes,Wrong Item
D01108,PAY01108,O01108,Express,Delivered,1,Mada,Pending,3,2,No,N/A
D01109,PAY01109,O01109,Same Day,Delivered,3,Credit Card,Refunded,3,2,Yes,Late Delivery
D01110,PAY01110,O01110,Standard,In Transit,10,Mada,Pending,4,10,Yes,Late Delivery
D01111,PAY01111,O01111,Express,Delivered,6,Mada,Pending,4,1,Yes,Late Delivery
D01112,PAY01112,O01112,Standard,Returned,9,STC Pay,Pending,3,10,Yes,Late Delivery
D01113,PAY01113,O01113,Same Day,Returned,1,Credit Card,Paid,2,7,Yes,Damaged
D01114,PAY01114,O01114,Same Day,In Transit,10,Cash On Delivery,Paid,2,6,No,Damaged
D01115,PAY01115,O01115,Express,Delivered,9,Mada,Paid,5,9,No,Late Delivery
D01116,PAY01116,O01116,Express,In Transit,4,Credit Card,Pending,4,10,Yes,N/A
D01117,PAY01117,O01117,Standard,Delivered,8,Mada,Refunded,3,9,Yes,Late Delivery
D01118,PAY01118,O01118,Standard,Returned,7,Debit Card,Paid,3,5,Yes,Damaged
D01119,PAY01119,O01119,Express,Delivered,4,Cash On Delivery,Paid,3,10,No,Wrong Item
D01120,PAY01120,O01120,Standard,In Transit,1,Apple Pay,Pending,4,10,Yes,N/A
D01121,PAY01121,O01121,Express,In Transit,9,Debit Card,Pending,2,5,Yes,Late Delivery
D01122,PAY01122,O01122,Same Day,In Transit,10,Mada,Pending,3,6,Yes,Wrong Item
D01123,PAY01123,O01123,Express,Returned,6,STC Pay,Paid,4,3,Yes,N/A
D01124,PAY01124,O01124,Standard,Delivered,7,Mada,Paid,5,10,Yes,Damaged
D01125,PAY01125,O01125,Same Day,Returned,10,Mada,Pending,1,9,No,Damaged
D01126,PAY01126,O01126,Same Day,In Transit,2,Debit Card,Pending,4,5,Yes,N/A
D01127,PAY01127,O01127,Express,Delivered,1,Cash On Delivery,Refunded,4,10,No,Wrong Item
D01128,PAY01128,O01128,Same Day,Returned,10,Cash On Delivery,Pending,4,4,Yes,N/A
D01129,PAY01129,O01129,Same Day,Delivered,6,Apple Pay,Paid,1,9,Yes,Damaged
D01130,PAY01130,O01130,Same Day,Delivered,10,Mada,Pending,2,2,No,Damaged
D01131,PAY01131,O01131,Express,Returned,1,Cash On Delivery,Pending,1,1,Yes,N/A
D01132,PAY01132,O01132,Same Day,In Transit,10,Mada,Paid,1,8,No,Late Delivery
D01133,PAY01133,O01133,Same Day,Delivered,1,Credit Card,Refunded,1,9,Yes,Wrong Item
D01134,PAY01134,O01134,Standard,Returned,3,Debit Card,Pending,5,1,No,Damaged
D01135,PAY01135,O01135,Same Day,Delivered,1,Apple Pay,Refunded,5,2,No,Wrong Item
D01136,PAY01136,O01136,Same Day,Delivered,4,STC Pay,Pending,2,8,Yes,Late Delivery
D01137,PAY01137,O01137,Standard,Returned,8,Cash On Delivery,Paid,2,1,No,N/A
D01138,PAY01138,O01138,Express,In Transit,9,Mada,Refunded,2,1,Yes,N/A
D01139,PAY01139,O01139,Express,Returned,2,Mada,Pending,4,4,No,Late Delivery
D01140,PAY01140,O01140,Same Day,In Transit,3,Apple Pay,Refunded,2,10,No,Damaged
D01141,PAY01141,O01141,Same Day,Returned,5,STC Pay,Refunded,5,4,Yes,Late Delivery
D01142,PAY01142,O01142,Standard,Delivered,1,Debit Card,Paid,2,10,No,Damaged
D01143,PAY01143,O01143,Same Day,In Transit,10,STC Pay,Pending,3,10,No,Wrong Item
D01144,PAY01144,O01144,Express,Returned,1,Mada,Paid,4,6,No,N/A
D01145,PAY01145,O01145,Express,In Transit,7,Cash On Delivery,Paid,1,8,No,Damaged
D01146,PAY01146,O01146,Express,Returned,1,Debit Card,Refunded,4,2,No,Damaged
D01147,PAY01147,O01147,Express,Delivered,9,Cash On Delivery,Refunded,3,10,No,Wrong Item
D01148,PAY01148,O01148,Standard,Delivered,9,STC Pay,Refunded,2,1,Yes,Wrong Item
D01149,PAY01149,O01149,Standard,Returned,7,Apple Pay,Refunded,5,6,Yes,Late Delivery
D01150,PAY01150,O01150,Express,In Transit,1,Apple Pay,Pending,1,10,Yes,Wrong Item
D01151,PAY01151,O01151,Express,In Transit,5,STC Pay,Paid,4,10,No,N/A
D01152,PAY01152,O01152,Same Day,In Transit,10,Apple Pay,Pending,2,4,No,Wrong Item
D01153,PAY01153,O01153,Standard,In Transit,4,STC Pay,Refunded,3,3,No,Late Delivery
D01154,PAY01154,O01154,Standard,In Transit,2,Mada,Pending,3,10,No,Late Delivery
D01155,PAY01155,O01155,Standard,Returned,8,STC Pay,Pending,3,4,Yes,N/A
D01156,PAY01156,O01156,Express,In Transit,4,Debit Card,Pending,2,7,Yes,Late Delivery
D01157,PAY01157,O01157,Express,In Transit,8,Cash On Delivery,Pending,3,6,Yes,Wrong Item
D01158,PAY01158,O01158,Standard,Returned,9,Credit Card,Refunded,5,5,Yes,Damaged
D01159,PAY01159,O01159,Express,Returned,4,Apple Pay,Paid,1,5,Yes,Wrong Item
D01160,PAY01160,O01160,Standard,Returned,6,Apple Pay,Pending,2,6,No,Wrong Item
D01161,PAY01161,O01161,Express,Returned,6,Debit Card,Refunded,1,6,Yes,N/A
D01162,PAY01162,O01162,Same Day,Delivered,6,STC Pay,Refunded,3,10,No,Late Delivery
D01163,PAY01163,O01163,Standard,Delivered,5,STC Pay,Paid,4,2,No,Wrong Item
D01164,PAY01164,O01164,Express,Delivered,4,Mada,Pending,3,9,Yes,Late Delivery
D01165,PAY01165,O01165,Express,In Transit,7,Apple Pay,Pending,4,3,No,Late Delivery
D01166,PAY01166,O01166,Same Day,Returned,4,Cash On Delivery,Pending,2,9,No,Damaged
D01167,PAY01167,O01167,Standard,Returned,4,STC Pay,Pending,3,3,No,N/A
D01168,PAY01168,O01168,Express,Returned,2,STC Pay,Pending,3,5,Yes,Wrong Item
D01169,PAY01169,O01169,Standard,Returned,7,Cash On Delivery,Paid,4,7,Yes,Wrong Item
D01170,PAY01170,O01170,Standard,Returned,5,Debit Card,Paid,1,6,No,Damaged
D01171,PAY01171,O01171,Express,In Transit,8,Cash On Delivery,Refunded,2,9,No,Damaged
D01172,PAY01172,O01172,Express,Returned,4,Mada,Pending,4,3,No,Late Delivery
D01173,PAY01173,O01173,Standard,Returned,7,Cash On Delivery,Refunded,2,3,No,Wrong Item
D01174,PAY01174,O01174,Standard,Returned,3,Debit Card,Pending,4,5,Yes,Wrong Item
D01175,PAY01175,O01175,Standard,In Transit,3,STC Pay,Refunded,2,3,No,Late Delivery
D01176,PAY01176,O01176,Same Day,Returned,10,Credit Card,Paid,5,3,No,N/A
D01177,PAY01177,O01177,Same Day,Delivered,3,Mada,Paid,5,4,Yes,Wrong Item
D01178,PAY01178,O01178,Same Day,In Transit,3,STC Pay,Paid,2,9,No,Wrong Item
D01179,PAY01179,O01179,Standard,Returned,4,Credit Card,Refunded,1,8,Yes,Wrong Item
D01180,PAY01180,O01180,Express,Returned,9,Apple Pay,Paid,5,4,Yes,Late Delivery
D01181,PAY01181,O01181,Same Day,In Transit,8,Debit Card,Refunded,1,5,No,Wrong Item
D01182,PAY01182,O01182,Express,Returned,6,Cash On Delivery,Paid,1,9,No,Wrong Item
D01183,PAY01183,O01183,Same Day,Returned,1,Debit Card,Refunded,1,5,No,Late Delivery
D01184,PAY01184,O01184,Same Day,Returned,3,Credit Card,Pending,5,9,Yes,Late Delivery
D01185,PAY01185,O01185,Standard,In Transit,2,Credit Card,Paid,1,3,No,Damaged
D01186,PAY01186,O01186,Express,Delivered,3,Mada,Refunded,1,2,No,Wrong Item
D01187,PAY01187,O01187,Standard,Delivered,2,Credit Card,Pending,2,6,Yes,Wrong Item
D01188,PAY01188,O01188,Same Day,Returned,5,Mada,Paid,4,4,No,Late Delivery
D01189,PAY01189,O01189,Express,In Transit,2,Debit Card,Refunded,5,1,No,Wrong Item
D01190,PAY01190,O01190,Express,Returned,7,Credit Card,Paid,3,6,Yes,Wrong Item
D01191,PAY01191,O01191,Standard,Returned,2,Debit Card,Paid,4,5,Yes,Damaged
D01192,PAY01192,O01192,Express,In Transit,10,STC Pay,Pending,5,7,No,N/A
D01193,PAY01193,O01193,Same Day,Returned,3,STC Pay,Refunded,2,10,No,Wrong Item
D01194,PAY01194,O01194,Standard,In Transit,1,Apple Pay,Pending,1,9,No,Damaged
D01195,PAY01195,O01195,Express,Delivered,2,STC Pay,Refunded,1,7,Yes,Wrong Item
D01196,PAY01196,O01196,Same Day,In Transit,7,Apple Pay,Refunded,4,5,No,N/A
D01197,PAY01197,O01197,Standard,In Transit,5,Mada,Refunded,5,4,No,Wrong Item
D01198,PAY01198,O01198,Express,Returned,6,Debit Card,Paid,4,2,Yes,Wrong Item
D01199,PAY01199,O01199,Standard,Delivered,6,Mada,Refunded,2,7,Yes,Late Delivery
D01200,PAY01200,O01200,Standard,In Transit,8,STC Pay,Refunded,1,4,No,Wrong Item
D01201,PAY01201,O01201,Same Day,In Transit,3,Cash On Delivery,Pending,4,8,Yes,N/A
D01202,PAY01202,O01202,Same Day,Delivered,1,Mada,Pending,2,8,Yes,Wrong Item
D01203,PAY01203,O01203,Standard,Returned,9,Apple Pay,Refunded,2,4,No,Wrong Item
D01204,PAY01204,O01204,Same Day,In Transit,1,Cash On Delivery,Refunded,5,8,Yes,Wrong Item
D01205,PAY01205,O01205,Standard,Delivered,4,Credit Card,Paid,5,6,Yes,Damaged
D01206,PAY01206,O01206,Express,Returned,4,Credit Card,Refunded,2,6,Yes,Wrong Item
D01207,PAY01207,O01207,Same Day,Delivered,8,STC Pay,Refunded,3,6,No,Wrong Item
D01208,PAY01208,O01208,Standard,Delivered,8,Debit Card,Refunded,4,8,No,Wrong Item
D01209,PAY01209,O01209,Same Day,In Transit,8,STC Pay,Paid,4,10,No,Damaged
D01210,PAY01210,O01210,Standard,Delivered,4,Mada,Paid,2,6,Yes,Late Delivery
D01211,PAY01211,O01211,Standard,Delivered,6,Debit Card,Paid,1,3,Yes,Late Delivery
D01212,PAY01212,O01212,Standard,Returned,8,Cash On Delivery,Refunded,4,3,Yes,Late Delivery
D01213,PAY01213,O01213,Same Day,In Transit,2,Apple Pay,Paid,4,1,No,N/A
D01214,PAY01214,O01214,Same Day,Returned,2,Mada,Pending,1,2,Yes,Wrong Item
D01215,PAY01215,O01215,Express,In Transit,9,STC Pay,Paid,3,9,Yes,N/A
D01216,PAY01216,O01216,Express,Returned,8,Credit Card,Refunded,2,4,Yes,Wrong Item
D01217,PAY01217,O01217,Standard,Returned,10,Cash On Delivery,Pending,5,4,Yes,Late Delivery
D01218,PAY01218,O01218,Same Day,Returned,6,STC Pay,Pending,1,6,Yes,Wrong Item
D01219,PAY01219,O01219,Standard,Delivered,7,Mada,Refunded,2,4,Yes,N/A
D01220,PAY01220,O01220,Same Day,In Transit,7,Apple Pay,Paid,1,7,No,N/A
D01221,PAY01221,O01221,Express,In Transit,10,Apple Pay,Refunded,5,1,No,Damaged
D01222,PAY01222,O01222,Same Day,Returned,5,STC Pay,Paid,4,7,No,N/A
D01223,PAY01223,O01223,Express,Delivered,7,Debit Card,Pending,3,10,Yes,Late Delivery
D01224,PAY01224,O01224,Standard,Delivered,10,Credit Card,Pending,5,7,No,Wrong Item
D01225,PAY01225,O01225,Same Day,Returned,7,Credit Card,Refunded,4,1,No,Damaged
D01226,PAY01226,O01226,Standard,Delivered,2,Mada,Pending,2,3,No,N/A
D01227,PAY01227,O01227,Express,Returned,2,Debit Card,Pending,2,5,No,Late Delivery
D01228,PAY01228,O01228,Express,Returned,10,Credit Card,Refunded,3,1,Yes,Late Delivery
D01229,PAY01229,O01229,Standard,Delivered,7,Cash On Delivery,Refunded,2,4,Yes,N/A
D01230,PAY01230,O01230,Express,Delivered,9,Apple Pay,Pending,5,3,Yes,Damaged
D01231,PAY01231,O01231,Same Day,Returned,6,Credit Card,Paid,3,10,Yes,Wrong Item
D01232,PAY01232,O01232,Express,In Transit,1,Apple Pay,Refunded,1,9,Yes,Wrong Item
D01233,PAY01233,O01233,Same Day,In Transit,10,Credit Card,Paid,3,1,No,N/A
D01234,PAY01234,O01234,Same Day,Returned,6,Apple Pay,Paid,1,9,No,Wrong Item
D01235,PAY01235,O01235,Standard,Returned,9,Mada,Pending,4,10,No,Wrong Item
D01236,PAY01236,O01236,Standard,Returned,2,STC Pay,Pending,1,5,Yes,Late Delivery
D01237,PAY01237,O01237,Standard,In Transit,1,Cash On Delivery,Paid,1,9,Yes,Late Delivery
D01238,PAY01238,O01238,Standard,Delivered,7,STC Pay,Refunded,4,10,Yes,Wrong Item
D01239,PAY01239,O01239,Express,Delivered,9,Apple Pay,Pending,3,4,No,Late Delivery
D01240,PAY01240,O01240,Same Day,Delivered,9,Mada,Pending,1,3,Yes,Damaged
D01241,PAY01241,O01241,Express,Returned,1,Debit Card,Paid,3,7,Yes,Wrong Item
D01242,PAY01242,O01242,Standard,In Transit,8,Debit Card,Refunded,4,1,No,N/A
D01243,PAY01243,O01243,Same Day,Delivered,2,Mada,Paid,1,8,Yes,N/A
D01244,PAY01244,O01244,Express,In Transit,10,Credit Card,Pending,1,5,Yes,Late Delivery
D01245,PAY01245,O01245,Standard,Returned,6,Credit Card,Refunded,3,2,Yes,Wrong Item
D01246,PAY01246,O01246,Same Day,Delivered,1,Cash On Delivery,Refunded,2,5,No,N/A
D01247,PAY01247,O01247,Same Day,In Transit,6,STC Pay,Paid,1,5,Yes,N/A
D01248,PAY01248,O01248,Same Day,Returned,3,STC Pay,Pending,1,10,Yes,Wrong Item
D01249,PAY01249,O01249,Standard,Returned,10,Credit Card,Paid,2,8,No,N/A
D01250,PAY01250,O01250,Express,Returned,6,Mada,Paid,3,5,Yes,Wrong Item
D01251,PAY01251,O01251,Express,Returned,2,Debit Card,Pending,3,6,No,Late Delivery
D01252,PAY01252,O01252,Same Day,Returned,1,Debit Card,Pending,4,1,No,Late Delivery
D01253,PAY01253,O01253,Same Day,Returned,1,Apple Pay,Refunded,1,6,No,Late Delivery
D01254,PAY01254,O01254,Express,Returned,1,Cash On Delivery,Refunded,2,2,Yes,Damaged
D01255,PAY01255,O01255,Same Day,In Transit,9,Credit Card,Pending,1,4,No,Late Delivery
D01256,PAY01256,O01256,Same Day,Delivered,7,STC Pay,Paid,2,10,No,Damaged
D01257,PAY01257,O01257,Express,Delivered,5,Apple Pay,Paid,5,10,Yes,Late Delivery
D01258,PAY01258,O01258,Same Day,Delivered,9,Apple Pay,Pending,1,1,No,N/A
D01259,PAY01259,O01259,Express,In Transit,8,Credit Card,Paid,1,1,No,Wrong Item
D01260,PAY01260,O01260,Standard,In Transit,4,Credit Card,Refunded,1,2,Yes,Wrong Item
D01261,PAY01261,O01261,Express,In Transit,9,Debit Card,Pending,4,9,Yes,N/A
D01262,PAY01262,O01262,Same Day,Delivered,1,Apple Pay,Paid,3,6,No,Damaged
D01263,PAY01263,O01263,Same Day,Returned,7,Mada,Pending,2,2,Yes,Damaged
D01264,PAY01264,O01264,Standard,Delivered,9,STC Pay,Pending,3,8,Yes,Wrong Item
D01265,PAY01265,O01265,Standard,Delivered,9,Cash On Delivery,Pending,2,10,No,Damaged
D01266,PAY01266,O01266,Express,Delivered,5,Credit Card,Refunded,2,3,Yes,Wrong Item
D01267,PAY01267,O01267,Standard,Returned,4,Credit Card,Paid,2,7,No,Late Delivery
D01268,PAY01268,O01268,Express,Delivered,10,STC Pay,Paid,2,1,No,Late Delivery
D01269,PAY01269,O01269,Same Day,Delivered,3,STC Pay,Paid,5,1,No,Late Delivery
D01270,PAY01270,O01270,Same Day,Delivered,7,Debit Card,Pending,3,1,No,N/A
D01271,PAY01271,O01271,Standard,Returned,6,Credit Card,Paid,4,5,Yes,Wrong Item
D01272,PAY01272,O01272,Express,Returned,7,Apple Pay,Pending,4,2,No,Damaged
D01273,PAY01273,O01273,Express,Delivered,10,Apple Pay,Refunded,2,1,Yes,Wrong Item
D01274,PAY01274,O01274,Standard,Delivered,4,Debit Card,Paid,4,6,No,Late Delivery
D01275,PAY01275,O01275,Standard,In Transit,2,Credit Card,Paid,3,8,No,Wrong Item
D01276,PAY01276,O01276,Same Day,In Transit,8,STC Pay,Refunded,4,3,Yes,Wrong Item
D01277,PAY01277,O01277,Express,Returned,2,Debit Card,Pending,2,1,Yes,N/A
D01278,PAY01278,O01278,Express,In Transit,4,STC Pay,Pending,1,9,Yes,N/A
D01279,PAY01279,O01279,Same Day,In Transit,8,Mada,Paid,4,10,Yes,N/A
D01280,PAY01280,O01280,Express,Delivered,2,Apple Pay,Paid,2,4,No,N/A
D01281,PAY01281,O01281,Standard,Returned,7,STC Pay,Paid,2,1,No,Wrong Item
D01282,PAY01282,O01282,Same Day,In Transit,7,Mada,Refunded,4,3,Yes,Late Delivery
D01283,PAY01283,O01283,Same Day,Delivered,7,Apple Pay,Refunded,5,5,Yes,Wrong Item
D01284,PAY01284,O01284,Same Day,Returned,1,Credit Card,Pending,5,2,Yes,N/A
D01285,PAY01285,O01285,Standard,Returned,10,Credit Card,Refunded,2,1,Yes,N/A
D01286,PAY01286,O01286,Express,Returned,4,Debit Card,Pending,4,4,No,Late Delivery
D01287,PAY01287,O01287,Same Day,In Transit,9,Debit Card,Refunded,3,1,Yes,Wrong Item
D01288,PAY01288,O01288,Standard,In Transit,7,Cash On Delivery,Paid,2,8,No,Wrong Item
D01289,PAY01289,O01289,Express,Delivered,10,Debit Card,Refunded,2,1,Yes,Late Delivery
D01290,PAY01290,O01290,Express,In Transit,6,Cash On Delivery,Refunded,1,8,Yes,N/A
D01291,PAY01291,O01291,Express,Delivered,5,Mada,Refunded,4,4,Yes,Late Delivery
D01292,PAY01292,O01292,Same Day,In Transit,9,Cash On Delivery,Paid,2,1,No,Wrong Item
D01293,PAY01293,O01293,Same Day,Returned,7,Cash On Delivery,Paid,4,2,No,Wrong Item
D01294,PAY01294,O01294,Standard,Delivered,7,Credit Card,Pending,1,7,Yes,Late Delivery
D01295,PAY01295,O01295,Express,Returned,6,Mada,Pending,2,9,Yes,Late Delivery
D01296,PAY01296,O01296,Same Day,Returned,6,Credit Card,Pending,5,6,No,Late Delivery
D01297,PAY01297,O01297,Express,In Transit,9,Credit Card,Pending,2,2,Yes,Late Delivery
D01298,PAY01298,O01298,Express,Delivered,8,Debit Card,Refunded,1,3,No,Wrong Item
D01299,PAY01299,O01299,Same Day,Delivered,5,Apple Pay,Pending,5,8,Yes,Damaged
D01300,PAY01300,O01300,Same Day,In Transit,7,Cash On Delivery,Pending,2,3,Yes,Wrong Item
D01301,PAY01301,O01301,Standard,Returned,1,Credit Card,Refunded,4,9,Yes,Wrong Item
D01302,PAY01302,O01302,Standard,Returned,9,STC Pay,Pending,3,10,Yes,Late Delivery
D01303,PAY01303,O01303,Standard,In Transit,1,Cash On Delivery,Refunded,1,3,Yes,N/A
D01304,PAY01304,O01304,Same Day,Delivered,4,STC Pay,Refunded,1,9,No,N/A
D01305,PAY01305,O01305,Same Day,Delivered,10,STC Pay,Paid,3,2,Yes,Wrong Item
D01306,PAY01306,O01306,Same Day,Delivered,3,STC Pay,Refunded,5,9,No,Wrong Item
D01307,PAY01307,O01307,Same Day,Delivered,5,Credit Card,Refunded,3,7,No,N/A
D01308,PAY01308,O01308,Express,In Transit,6,Apple Pay,Pending,2,6,No,Wrong Item
D01309,PAY01309,O01309,Standard,Delivered,1,Cash On Delivery,Paid,5,5,Yes,Late Delivery
D01310,PAY01310,O01310,Express,Delivered,6,Mada,Refunded,5,5,Yes,Late Delivery
D01311,PAY01311,O01311,Same Day,In Transit,6,Apple Pay,Paid,1,3,Yes,N/A
D01312,PAY01312,O01312,Standard,Delivered,7,STC Pay,Paid,3,6,No,Damaged
D01313,PAY01313,O01313,Standard,Delivered,9,Cash On Delivery,Pending,3,6,No,Late Delivery
D01314,PAY01314,O01314,Express,In Transit,4,Cash On Delivery,Paid,5,7,Yes,Damaged
D01315,PAY01315,O01315,Same Day,In Transit,1,Mada,Pending,1,3,No,N/A
D01316,PAY01316,O01316,Same Day,Delivered,10,STC Pay,Refunded,4,8,No,Wrong Item
D01317,PAY01317,O01317,Express,Returned,3,Apple Pay,Pending,5,1,Yes,Wrong Item
D01318,PAY01318,O01318,Same Day,Delivered,10,Debit Card,Pending,2,4,No,N/A
D01319,PAY01319,O01319,Express,In Transit,8,Debit Card,Paid,5,7,Yes,N/A
D01320,PAY01320,O01320,Standard,In Transit,3,Cash On Delivery,Pending,4,10,Yes,Damaged
D01321,PAY01321,O01321,Standard,Delivered,5,Credit Card,Pending,4,8,No,Late Delivery
D01322,PAY01322,O01322,Same Day,Returned,8,Debit Card,Refunded,4,1,Yes,N/A
D01323,PAY01323,O01323,Express,Returned,4,Credit Card,Paid,5,2,No,Damaged
D01324,PAY01324,O01324,Standard,Delivered,6,Mada,Pending,5,10,Yes,Damaged
D01325,PAY01325,O01325,Standard,In Transit,9,Debit Card,Pending,4,3,No,N/A
D01326,PAY01326,O01326,Standard,Delivered,8,Mada,Refunded,5,9,No,Late Delivery
D01327,PAY01327,O01327,Express,In Transit,4,STC Pay,Paid,2,6,Yes,Late Delivery
D01328,PAY01328,O01328,Standard,In Transit,7,Mada,Pending,5,4,No,N/A
D01329,PAY01329,O01329,Standard,In Transit,1,Cash On Delivery,Refunded,5,10,Yes,Wrong Item
D01330,PAY01330,O01330,Express,Returned,3,Apple Pay,Refunded,2,2,No,Late Delivery
D01331,PAY01331,O01331,Same Day,Delivered,2,Debit Card,Refunded,2,9,No,Late Delivery
D01332,PAY01332,O01332,Express,Delivered,4,Apple Pay,Paid,3,8,No,Late Delivery
D01333,PAY01333,O01333,Standard,Delivered,4,Mada,Pending,1,5,Yes,N/A
D01334,PAY01334,O01334,Same Day,Returned,7,Cash On Delivery,Pending,4,10,No,Late Delivery
D01335,PAY01335,O01335,Express,Delivered,2,Mada,Refunded,3,2,Yes,Late Delivery
D01336,PAY01336,O01336,Express,Returned,2,Credit Card,Pending,2,9,Yes,Wrong Item
D01337,PAY01337,O01337,Standard,In Transit,8,Mada,Pending,5,6,Yes,Damaged
D01338,PAY01338,O01338,Same Day,In Transit,10,Debit Card,Refunded,5,1,Yes,N/A
D01339,PAY01339,O01339,Standard,Returned,3,Credit Card,Refunded,3,8,Yes,Damaged
D01340,PAY01340,O01340,Standard,In Transit,9,Mada,Paid,2,1,Yes,Damaged
D01341,PAY01341,O01341,Same Day,Delivered,6,Mada,Refunded,1,4,No,N/A
D01342,PAY01342,O01342,Same Day,Returned,10,Credit Card,Pending,3,7,Yes,Wrong Item
D01343,PAY01343,O01343,Standard,Returned,9,Cash On Delivery,Paid,1,3,No,Damaged
D01344,PAY01344,O01344,Standard,In Transit,3,Apple Pay,Paid,1,3,Yes,Damaged
D01345,PAY01345,O01345,Same Day,Delivered,4,Credit Card,Paid,1,6,No,N/A
D01346,PAY01346,O01346,Express,In Transit,4,STC Pay,Paid,2,1,No,Damaged
D01347,PAY01347,O01347,Express,Delivered,8,Mada,Refunded,1,9,Yes,Late Delivery
D01348,PAY01348,O01348,Same Day,Returned,9,Cash On Delivery,Pending,3,8,Yes,Damaged
D01349,PAY01349,O01349,Express,Delivered,8,STC Pay,Pending,2,7,No,Wrong Item
D01350,PAY01350,O01350,Express,Returned,2,Debit Card,Refunded,3,9,Yes,Damaged
D01351,PAY01351,O01351,Same Day,Delivered,10,Mada,Refunded,3,6,Yes,N/A
D01352,PAY01352,O01352,Standard,Delivered,1,Cash On Delivery,Paid,4,2,Yes,Damaged
D01353,PAY01353,O01353,Express,Delivered,3,Mada,Pending,1,8,Yes,Late Delivery
D01354,PAY01354,O01354,Express,In Transit,10,Cash On Delivery,Refunded,1,8,Yes,N/A
D01355,PAY01355,O01355,Express,Delivered,6,STC Pay,Refunded,2,3,No,Late Delivery
D01356,PAY01356,O01356,Same Day,In Transit,6,Credit Card,Refunded,3,7,Yes,Late Delivery
D01357,PAY01357,O01357,Same Day,Delivered,7,Mada,Refunded,5,2,Yes,N/A
D01358,PAY01358,O01358,Same Day,In Transit,10,Apple Pay,Paid,1,5,Yes,N/A
D01359,PAY01359,O01359,Standard,Returned,8,Credit Card,Pending,4,5,No,Late Delivery
D01360,PAY01360,O01360,Standard,Delivered,5,Credit Card,Paid,2,3,No,N/A
D01361,PAY01361,O01361,Express,Delivered,9,Credit Card,Refunded,4,2,Yes,Wrong Item
D01362,PAY01362,O01362,Standard,Delivered,10,Debit Card,Paid,3,5,No,N/A
D01363,PAY01363,O01363,Same Day,In Transit,3,Debit Card,Paid,2,4,Yes,N/A
D01364,PAY01364,O01364,Standard,In Transit,8,Cash On Delivery,Pending,4,2,Yes,Late Delivery
D01365,PAY01365,O01365,Express,In Transit,3,Apple Pay,Refunded,5,3,No,Late Delivery
D01366,PAY01366,O01366,Same Day,Delivered,7,Cash On Delivery,Paid,4,3,Yes,Wrong Item
D01367,PAY01367,O01367,Express,Delivered,3,Apple Pay,Pending,5,9,No,Wrong Item
D01368,PAY01368,O01368,Express,Returned,3,STC Pay,Pending,2,2,No,Wrong Item
D01369,PAY01369,O01369,Standard,In Transit,1,Credit Card,Paid,1,1,Yes,N/A
D01370,PAY01370,O01370,Express,Returned,2,STC Pay,Paid,2,6,Yes,Damaged
D01371,PAY01371,O01371,Standard,Delivered,9,STC Pay,Pending,2,8,Yes,Damaged
D01372,PAY01372,O01372,Same Day,Delivered,10,Apple Pay,Paid,5,10,Yes,Damaged
D01373,PAY01373,O01373,Express,Returned,5,Credit Card,Pending,4,5,No,Damaged
D01374,PAY01374,O01374,Standard,Returned,5,Debit Card,Paid,4,10,No,N/A
D01375,PAY01375,O01375,Same Day,Delivered,7,Apple Pay,Refunded,2,4,Yes,N/A
D01376,PAY01376,O01376,Same Day,Returned,8,Debit Card,Refunded,2,8,No,Damaged
D01377,PAY01377,O01377,Standard,Delivered,6,Apple Pay,Refunded,5,9,Yes,Wrong Item
D01378,PAY01378,O01378,Standard,Returned,5,Debit Card,Refunded,4,3,Yes,Damaged
D01379,PAY01379,O01379,Standard,In Transit,5,Debit Card,Refunded,4,2,No,Late Delivery
D01380,PAY01380,O01380,Express,Returned,9,Cash On Delivery,Paid,2,6,No,Late Delivery
D01381,PAY01381,O01381,Same Day,Delivered,2,Mada,Refunded,3,3,Yes,Wrong Item
D01382,PAY01382,O01382,Standard,Returned,10,Apple Pay,Refunded,4,6,Yes,Damaged
D01383,PAY01383,O01383,Standard,Returned,2,STC Pay,Pending,5,4,Yes,Damaged
D01384,PAY01384,O01384,Same Day,In Transit,9,Debit Card,Paid,3,7,Yes,Wrong Item
D01385,PAY01385,O01385,Standard,Delivered,2,Debit Card,Refunded,5,6,Yes,Damaged
D01386,PAY01386,O01386,Standard,Delivered,9,STC Pay,Refunded,5,1,No,Wrong Item
D01387,PAY01387,O01387,Express,Returned,3,Cash On Delivery,Refunded,2,7,No,Wrong Item
D01388,PAY01388,O01388,Standard,Returned,9,Mada,Pending,4,8,No,Wrong Item
D01389,PAY01389,O01389,Standard,In Transit,7,Apple Pay,Refunded,3,7,Yes,Late Delivery
D01390,PAY01390,O01390,Standard,Returned,7,STC Pay,Pending,3,10,Yes,N/A
D01391,PAY01391,O01391,Same Day,In Transit,7,Apple Pay,Refunded,5,4,No,Damaged
D01392,PAY01392,O01392,Same Day,In Transit,10,Mada,Pending,3,1,Yes,Late Delivery
D01393,PAY01393,O01393,Same Day,In Transit,10,STC Pay,Paid,3,10,No,Late Delivery
D01394,PAY01394,O01394,Express,Delivered,10,Credit Card,Paid,5,4,Yes,Late Delivery
D01395,PAY01395,O01395,Same Day,Returned,4,Credit Card,Paid,2,8,Yes,N/A
D01396,PAY01396,O01396,Express,Delivered,6,Debit Card,Pending,1,6,No,N/A
D01397,PAY01397,O01397,Same Day,Returned,7,Debit Card,Paid,4,7,No,Late Delivery
D01398,PAY01398,O01398,Express,Returned,7,STC Pay,Paid,1,6,No,N/A
D01399,PAY01399,O01399,Standard,Returned,7,Cash On Delivery,Paid,3,9,No,N/A
D01400,PAY01400,O01400,Same Day,In Transit,3,STC Pay,Pending,3,2,Yes,N/A
D01401,PAY01401,O01401,Standard,Delivered,10,STC Pay,Pending,1,8,Yes,Wrong Item
D01402,PAY01402,O01402,Standard,Returned,3,STC Pay,Pending,2,5,Yes,Late Delivery
D01403,PAY01403,O01403,Express,In Transit,7,STC Pay,Pending,4,8,Yes,Late Delivery
D01404,PAY01404,O01404,Same Day,Returned,10,Debit Card,Pending,5,3,No,Late Delivery
D01405,PAY01405,O01405,Same Day,In Transit,2,Apple Pay,Paid,1,6,Yes,Damaged
D01406,PAY01406,O01406,Same Day,Returned,6,Cash On Delivery,Refunded,5,7,Yes,Damaged
D01407,PAY01407,O01407,Express,In Transit,5,STC Pay,Refunded,1,8,Yes,N/A
D01408,PAY01408,O01408,Standard,In Transit,2,Mada,Paid,2,10,Yes,Late Delivery
D01409,PAY01409,O01409,Express,In Transit,7,Apple Pay,Refunded,5,2,Yes,Wrong Item
D01410,PAY01410,O01410,Express,In Transit,2,Credit Card,Pending,1,2,No,Damaged
D01411,PAY01411,O01411,Standard,Returned,9,Debit Card,Pending,5,8,Yes,Late Delivery
D01412,PAY01412,O01412,Standard,Returned,7,Debit Card,Paid,4,5,Yes,Late Delivery
D01413,PAY01413,O01413,Standard,In Transit,4,Apple Pay,Pending,2,5,Yes,Wrong Item
D01414,PAY01414,O01414,Express,Delivered,3,Credit Card,Refunded,2,1,Yes,N/A
D01415,PAY01415,O01415,Same Day,Returned,3,Cash On Delivery,Paid,4,8,Yes,Wrong Item
D01416,PAY01416,O01416,Express,Returned,8,Credit Card,Pending,1,2,Yes,Wrong Item
D01417,PAY01417,O01417,Standard,In Transit,7,Apple Pay,Pending,2,4,Yes,Wrong Item
D01418,PAY01418,O01418,Express,In Transit,6,STC Pay,Paid,4,4,Yes,N/A
D01419,PAY01419,O01419,Express,Delivered,1,Mada,Refunded,2,9,Yes,Wrong Item
D01420,PAY01420,O01420,Standard,Returned,7,Credit Card,Pending,4,9,No,Wrong Item
D01421,PAY01421,O01421,Standard,Returned,3,Debit Card,Paid,3,3,Yes,Damaged
D01422,PAY01422,O01422,Same Day,Returned,1,Credit Card,Paid,2,3,Yes,N/A
D01423,PAY01423,O01423,Standard,In Transit,1,Mada,Pending,2,2,No,Late Delivery
D01424,PAY01424,O01424,Express,Delivered,6,Apple Pay,Pending,2,9,No,Damaged
D01425,PAY01425,O01425,Same Day,Returned,9,Cash On Delivery,Refunded,5,4,No,N/A
D01426,PAY01426,O01426,Express,In Transit,8,Cash On Delivery,Pending,3,4,No,Damaged
D01427,PAY01427,O01427,Same Day,Returned,5,Mada,Refunded,4,4,No,N/A
D01428,PAY01428,O01428,Express,Delivered,7,STC Pay,Refunded,4,7,Yes,N/A
D01429,PAY01429,O01429,Express,Delivered,2,STC Pay,Pending,3,10,No,Late Delivery
D01430,PAY01430,O01430,Same Day,In Transit,7,STC Pay,Refunded,3,1,No,Damaged
D01431,PAY01431,O01431,Express,Returned,7,Debit Card,Refunded,3,9,Yes,Damaged
D01432,PAY01432,O01432,Same Day,Returned,8,Debit Card,Refunded,1,8,Yes,Late Delivery
D01433,PAY01433,O01433,Express,In Transit,8,Debit Card,Refunded,2,6,No,Late Delivery
D01434,PAY01434,O01434,Standard,Delivered,5,Credit Card,Refunded,2,4,Yes,N/A
D01435,PAY01435,O01435,Same Day,Returned,8,Apple Pay,Paid,1,3,No,Damaged
D01436,PAY01436,O01436,Express,Delivered,8,Credit Card,Pending,5,9,Yes,N/A
D01437,PAY01437,O01437,Same Day,In Transit,5,STC Pay,Pending,3,2,No,N/A
D01438,PAY01438,O01438,Standard,Returned,4,Cash On Delivery,Pending,4,9,No,Late Delivery
D01439,PAY01439,O01439,Same Day,Delivered,9,Mada,Pending,3,7,No,N/A
D01440,PAY01440,O01440,Standard,Returned,3,Apple Pay,Refunded,5,10,Yes,Damaged
D01441,PAY01441,O01441,Same Day,In Transit,1,STC Pay,Pending,4,4,No,Damaged
D01442,PAY01442,O01442,Same Day,Delivered,5,Debit Card,Pending,3,10,Yes,Wrong Item
D01443,PAY01443,O01443,Express,Returned,3,Cash On Delivery,Refunded,4,2,Yes,Damaged
D01444,PAY01444,O01444,Same Day,In Transit,3,Debit Card,Paid,4,8,Yes,Late Delivery
D01445,PAY01445,O01445,Standard,In Transit,5,Cash On Delivery,Paid,1,5,No,Late Delivery
D01446,PAY01446,O01446,Express,In Transit,9,Debit Card,Refunded,4,8,Yes,Wrong Item
D01447,PAY01447,O01447,Same Day,Returned,10,Credit Card,Pending,1,10,Yes,Late Delivery
D01448,PAY01448,O01448,Same Day,Delivered,3,Apple Pay,Pending,4,4,No,Late Delivery
D01449,PAY01449,O01449,Same Day,Delivered,6,STC Pay,Refunded,3,3,Yes,Wrong Item
D01450,PAY01450,O01450,Standard,In Transit,10,Debit Card,Paid,3,2,No,Late Delivery
D01451,PAY01451,O01451,Express,Delivered,1,Cash On Delivery,Refunded,1,9,No,Wrong Item
D01452,PAY01452,O01452,Standard,Returned,9,Apple Pay,Paid,3,10,No,N/A
D01453,PAY01453,O01453,Standard,Delivered,1,Debit Card,Pending,2,2,No,Wrong Item
D01454,PAY01454,O01454,Same Day,Delivered,3,Mada,Paid,4,9,No,Damaged
D01455,PAY01455,O01455,Standard,Delivered,5,Cash On Delivery,Pending,1,8,No,Wrong Item
D01456,PAY01456,O01456,Same Day,Returned,7,Cash On Delivery,Paid,1,2,Yes,Wrong Item
D01457,PAY01457,O01457,Standard,Returned,9,Apple Pay,Refunded,3,3,No,N/A
D01458,PAY01458,O01458,Same Day,In Transit,8,Cash On Delivery,Pending,5,2,No,N/A
D01459,PAY01459,O01459,Same Day,Returned,2,Debit Card,Paid,5,1,Yes,Late Delivery
D01460,PAY01460,O01460,Standard,Returned,4,Apple Pay,Pending,2,3,No,Late Delivery
D01461,PAY01461,O01461,Express,Delivered,6,STC Pay,Paid,1,2,Yes,Damaged
D01462,PAY01462,O01462,Express,In Transit,7,Debit Card,Pending,2,9,No,Late Delivery
D01463,PAY01463,O01463,Same Day,Delivered,2,Cash On Delivery,Pending,5,7,No,Damaged
D01464,PAY01464,O01464,Same Day,Delivered,6,Apple Pay,Refunded,3,8,Yes,N/A
D01465,PAY01465,O01465,Express,In Transit,1,STC Pay,Refunded,3,3,Yes,Late Delivery
D01466,PAY01466,O01466,Same Day,Returned,10,Mada,Refunded,1,5,Yes,N/A
D01467,PAY01467,O01467,Standard,In Transit,5,STC Pay,Paid,3,5,Yes,Wrong Item
D01468,PAY01468,O01468,Standard,In Transit,6,Credit Card,Paid,2,8,Yes,Late Delivery
D01469,PAY01469,O01469,Standard,In Transit,10,STC Pay,Pending,1,7,No,Damaged
D01470,PAY01470,O01470,Same Day,In Transit,5,STC Pay,Refunded,4,8,Yes,N/A
D01471,PAY01471,O01471,Same Day,Returned,3,Cash On Delivery,Pending,1,2,Yes,N/A
D01472,PAY01472,O01472,Express,Returned,8,Debit Card,Paid,5,7,Yes,Damaged
D01473,PAY01473,O01473,Express,Returned,5,Mada,Refunded,1,3,Yes,Late Delivery
D01474,PAY01474,O01474,Express,In Transit,7,STC Pay,Pending,4,4,No,Late Delivery
D01475,PAY01475,O01475,Express,In Transit,1,Cash On Delivery,Refunded,2,1,No,Wrong Item
D01476,PAY01476,O01476,Same Day,In Transit,8,Apple Pay,Refunded,3,3,No,Wrong Item
D01477,PAY01477,O01477,Same Day,Delivered,1,Cash On Delivery,Paid,4,3,No,Late Delivery
D01478,PAY01478,O01478,Same Day,Delivered,4,Mada,Refunded,2,5,No,Late Delivery
D01479,PAY01479,O01479,Same Day,Returned,5,STC Pay,Pending,2,10,No,Wrong Item
D01480,PAY01480,O01480,Standard,In Transit,5,Apple Pay,Refunded,1,1,Yes,Wrong Item
D01481,PAY01481,O01481,Same Day,Returned,8,Cash On Delivery,Refunded,5,3,Yes,Late Delivery
D01482,PAY01482,O01482,Express,Returned,2,Apple Pay,Pending,4,7,No,Damaged
D01483,PAY01483,O01483,Express,Returned,2,STC Pay,Paid,2,1,No,Wrong Item
D01484,PAY01484,O01484,Same Day,Delivered,2,Apple Pay,Pending,5,2,Yes,Wrong Item
D01485,PAY01485,O01485,Express,In Transit,1,Mada,Pending,4,7,Yes,N/A
D01486,PAY01486,O01486,Same Day,In Transit,4,Debit Card,Pending,3,4,No,Damaged
D01487,PAY01487,O01487,Same Day,Delivered,1,Mada,Refunded,4,8,No,N/A
D01488,PAY01488,O01488,Standard,Delivered,4,Mada,Pending,1,8,No,Late Delivery
D01489,PAY01489,O01489,Same Day,Returned,8,STC Pay,Pending,4,1,No,Damaged
D01490,PAY01490,O01490,Express,Delivered,4,Debit Card,Paid,1,3,No,Damaged
D01491,PAY01491,O01491,Standard,Returned,3,Apple Pay,Pending,1,2,No,Late Delivery
D01492,PAY01492,O01492,Standard,Returned,10,Credit Card,Pending,3,5,Yes,N/A
D01493,PAY01493,O01493,Standard,Returned,3,STC Pay,Pending,2,4,Yes,N/A
D01494,PAY01494,O01494,Same Day,Returned,4,Credit Card,Pending,4,2,Yes,Damaged
D01495,PAY01495,O01495,Express,Returned,3,Apple Pay,Refunded,1,6,Yes,Damaged
D01496,PAY01496,O01496,Standard,Returned,5,Apple Pay,Pending,1,6,Yes,Damaged
D01497,PAY01497,O01497,Same Day,Delivered,2,Cash On Delivery,Refunded,5,10,Yes,Damaged
D01498,PAY01498,O01498,Same Day,In Transit,5,Mada,Refunded,2,7,Yes,Wrong Item
D01499,PAY01499,O01499,Standard,Delivered,2,Credit Card,Refunded,2,6,Yes,Damaged
D01500,PAY01500,O01500,Standard,Returned,10,Mada,Pending,1,3,No,Late Delivery
D01501,PAY01501,O01501,Standard,In Transit,10,Cash On Delivery,Refunded,4,4,No,N/A
D01502,PAY01502,O01502,Express,In Transit,6,Mada,Pending,1,10,Yes,N/A
D01503,PAY01503,O01503,Express,In Transit,9,Debit Card,Pending,4,10,No,Wrong Item
D01504,PAY01504,O01504,Standard,Returned,1,Credit Card,Pending,2,8,Yes,N/A
D01505,PAY01505,O01505,Express,In Transit,10,STC Pay,Pending,1,4,Yes,Damaged
D01506,PAY01506,O01506,Same Day,In Transit,3,Cash On Delivery,Paid,5,4,Yes,Late Delivery
D01507,PAY01507,O01507,Express,In Transit,6,Cash On Delivery,Refunded,1,2,Yes,Damaged
D01508,PAY01508,O01508,Same Day,Returned,3,Apple Pay,Pending,2,4,Yes,Late Delivery
D01509,PAY01509,O01509,Express,Returned,9,Credit Card,Refunded,2,9,No,Late Delivery
D01510,PAY01510,O01510,Express,In Transit,1,Mada,Pending,1,3,No,Wrong Item
D01511,PAY01511,O01511,Express,In Transit,2,Apple Pay,Refunded,5,5,Yes,N/A
D01512,PAY01512,O01512,Same Day,Returned,6,Apple Pay,Paid,2,2,No,Wrong Item
D01513,PAY01513,O01513,Same Day,In Transit,7,Debit Card,Paid,4,2,Yes,Wrong Item
D01514,PAY01514,O01514,Same Day,Returned,5,Cash On Delivery,Paid,4,5,No,Late Delivery
D01515,PAY01515,O01515,Express,In Transit,3,Apple Pay,Pending,3,10,Yes,Late Delivery
D01516,PAY01516,O01516,Standard,In Transit,1,STC Pay,Pending,1,1,Yes,Wrong Item
D01517,PAY01517,O01517,Standard,Returned,7,Mada,Paid,4,1,Yes,Wrong Item
D01518,PAY01518,O01518,Express,Returned,7,STC Pay,Paid,2,1,Yes,Late Delivery
D01519,PAY01519,O01519,Standard,In Transit,7,STC Pay,Paid,1,1,No,N/A
D01520,PAY01520,O01520,Same Day,In Transit,10,Apple Pay,Paid,5,10,No,Late Delivery
D01521,PAY01521,O01521,Standard,Returned,10,Mada,Refunded,5,7,No,Wrong Item
D01522,PAY01522,O01522,Same Day,Delivered,2,Mada,Pending,5,3,Yes,Damaged
D01523,PAY01523,O01523,Standard,In Transit,5,Cash On Delivery,Refunded,5,8,No,Late Delivery
D01524,PAY01524,O01524,Same Day,Delivered,9,Mada,Paid,2,6,Yes,Damaged
D01525,PAY01525,O01525,Standard,In Transit,10,Debit Card,Paid,2,10,Yes,Wrong Item
D01526,PAY01526,O01526,Same Day,Delivered,10,Credit Card,Paid,5,10,Yes,N/A
D01527,PAY01527,O01527,Express,Returned,8,Credit Card,Refunded,1,9,No,Wrong Item
D01528,PAY01528,O01528,Standard,In Transit,8,Debit Card,Refunded,5,10,No,Late Delivery
D01529,PAY01529,O01529,Express,Returned,7,Debit Card,Pending,2,1,Yes,Wrong Item
D01530,PAY01530,O01530,Same Day,In Transit,9,Credit Card,Refunded,1,10,Yes,Wrong Item
D01531,PAY01531,O01531,Standard,Delivered,1,Credit Card,Pending,2,8,Yes,N/A
D01532,PAY01532,O01532,Standard,Returned,9,STC Pay,Paid,2,3,No,N/A
D01533,PAY01533,O01533,Express,Returned,1,Cash On Delivery,Paid,3,3,No,Late Delivery
D01534,PAY01534,O01534,Same Day,Returned,2,Apple Pay,Paid,2,6,No,N/A
D01535,PAY01535,O01535,Same Day,In Transit,4,Debit Card,Pending,5,1,Yes,Late Delivery
D01536,PAY01536,O01536,Express,In Transit,2,Credit Card,Paid,4,6,Yes,Wrong Item
D01537,PAY01537,O01537,Same Day,Returned,8,Cash On Delivery,Pending,4,5,No,Damaged
D01538,PAY01538,O01538,Standard,Delivered,10,Cash On Delivery,Pending,1,8,Yes,N/A
D01539,PAY01539,O01539,Same Day,In Transit,2,Debit Card,Paid,2,5,No,Damaged
D01540,PAY01540,O01540,Same Day,Returned,7,Mada,Pending,3,6,Yes,N/A
D01541,PAY01541,O01541,Same Day,In Transit,8,Apple Pay,Pending,1,7,Yes,Late Delivery
D01542,PAY01542,O01542,Standard,In Transit,8,Debit Card,Refunded,1,5,No,Late Delivery
D01543,PAY01543,O01543,Standard,In Transit,10,Cash On Delivery,Refunded,4,3,No,N/A
D01544,PAY01544,O01544,Standard,Returned,3,Debit Card,Paid,2,1,Yes,Damaged
D01545,PAY01545,O01545,Standard,Returned,2,Credit Card,Pending,3,4,Yes,Wrong Item
D01546,PAY01546,O01546,Standard,Delivered,4,STC Pay,Pending,3,7,No,Late Delivery
D01547,PAY01547,O01547,Express,Returned,2,Debit Card,Refunded,2,6,Yes,N/A
D01548,PAY01548,O01548,Standard,Returned,5,Credit Card,Paid,4,10,No,Damaged
D01549,PAY01549,O01549,Standard,Returned,7,Cash On Delivery,Paid,1,2,No,Late Delivery
D01550,PAY01550,O01550,Standard,In Transit,3,Apple Pay,Pending,4,3,No,Late Delivery
D01551,PAY01551,O01551,Same Day,Delivered,1,Debit Card,Refunded,3,10,No,Late Delivery
D01552,PAY01552,O01552,Standard,Delivered,9,Cash On Delivery,Pending,5,5,No,Damaged
D01553,PAY01553,O01553,Express,Returned,8,Cash On Delivery,Refunded,3,5,Yes,N/A
D01554,PAY01554,O01554,Standard,Returned,5,Debit Card,Pending,3,8,Yes,Wrong Item
D01555,PAY01555,O01555,Same Day,In Transit,10,Cash On Delivery,Paid,1,8,Yes,Damaged
D01556,PAY01556,O01556,Same Day,In Transit,7,Mada,Paid,5,4,No,Wrong Item
D01557,PAY01557,O01557,Same Day,Returned,7,Cash On Delivery,Paid,5,6,Yes,Damaged
D01558,PAY01558,O01558,Standard,Delivered,4,Mada,Refunded,1,8,No,Wrong Item
D01559,PAY01559,O01559,Same Day,In Transit,1,Mada,Pending,1,9,Yes,Wrong Item
D01560,PAY01560,O01560,Same Day,Returned,9,Mada,Pending,2,10,Yes,Damaged
D01561,PAY01561,O01561,Same Day,Delivered,6,Cash On Delivery,Paid,5,4,Yes,Damaged
D01562,PAY01562,O01562,Express,Delivered,7,Cash On Delivery,Paid,2,8,Yes,N/A
D01563,PAY01563,O01563,Express,Delivered,4,Credit Card,Paid,3,10,Yes,Wrong Item
D01564,PAY01564,O01564,Express,Returned,2,Apple Pay,Pending,4,10,Yes,Wrong Item
D01565,PAY01565,O01565,Express,In Transit,10,Cash On Delivery,Pending,5,2,No,Wrong Item
D01566,PAY01566,O01566,Same Day,In Transit,1,STC Pay,Paid,1,7,No,Damaged
D01567,PAY01567,O01567,Same Day,Returned,1,Debit Card,Paid,5,6,Yes,Damaged
D01568,PAY01568,O01568,Same Day,Delivered,2,Debit Card,Refunded,3,9,Yes,Damaged
D01569,PAY01569,O01569,Same Day,In Transit,10,Mada,Paid,4,10,Yes,Wrong Item
D01570,PAY01570,O01570,Same Day,Returned,5,Mada,Paid,4,1,Yes,Damaged
D01571,PAY01571,O01571,Same Day,Delivered,7,Credit Card,Pending,1,10,Yes,Late Delivery
D01572,PAY01572,O01572,Same Day,Delivered,2,Debit Card,Refunded,4,6,No,Wrong Item
D01573,PAY01573,O01573,Express,In Transit,3,STC Pay,Refunded,3,6,Yes,Damaged
D01574,PAY01574,O01574,Express,Delivered,10,Apple Pay,Pending,3,1,Yes,Wrong Item
D01575,PAY01575,O01575,Express,In Transit,4,Apple Pay,Paid,4,3,Yes,Damaged
D01576,PAY01576,O01576,Standard,Delivered,5,Credit Card,Refunded,2,9,Yes,Damaged
D01577,PAY01577,O01577,Standard,In Transit,1,Cash On Delivery,Paid,3,4,No,Damaged
D01578,PAY01578,O01578,Same Day,Returned,9,Cash On Delivery,Refunded,4,6,No,Damaged
D01579,PAY01579,O01579,Standard,Delivered,8,Mada,Paid,4,2,Yes,N/A
D01580,PAY01580,O01580,Same Day,Delivered,9,Debit Card,Refunded,1,2,Yes,N/A
D01581,PAY01581,O01581,Standard,Returned,1,Apple Pay,Refunded,1,5,No,N/A
D01582,PAY01582,O01582,Express,Returned,3,Debit Card,Pending,1,6,Yes,Late Delivery
D01583,PAY01583,O01583,Express,Delivered,6,Debit Card,Paid,2,10,Yes,Damaged
D01584,PAY01584,O01584,Express,Returned,10,Apple Pay,Pending,2,9,No,Damaged
D01585,PAY01585,O01585,Express,Returned,8,Cash On Delivery,Paid,5,3,No,Wrong Item
D01586,PAY01586,O01586,Standard,Returned,6,Mada,Refunded,5,1,Yes,Late Delivery
D01587,PAY01587,O01587,Same Day,In Transit,7,Mada,Pending,4,7,Yes,Wrong Item
D01588,PAY01588,O01588,Standard,In Transit,4,Debit Card,Pending,5,7,No,N/A
D01589,PAY01589,O01589,Express,In Transit,4,Apple Pay,Paid,5,5,No,Late Delivery
D01590,PAY01590,O01590,Standard,Returned,4,Apple Pay,Refunded,5,9,Yes,N/A
D01591,PAY01591,O01591,Express,In Transit,3,Apple Pay,Paid,3,9,No,Wrong Item
D01592,PAY01592,O01592,Express,Returned,4,Cash On Delivery,Paid,1,8,Yes,Wrong Item
D01593,PAY01593,O01593,Standard,In Transit,5,Credit Card,Pending,4,3,No,Damaged
D01594,PAY01594,O01594,Same Day,Delivered,9,Debit Card,Refunded,4,1,No,Late Delivery
D01595,PAY01595,O01595,Standard,Delivered,4,Cash On Delivery,Refunded,4,1,No,Damaged
D01596,PAY01596,O01596,Same Day,Delivered,6,Credit Card,Paid,4,7,Yes,Late Delivery
D01597,PAY01597,O01597,Same Day,Delivered,9,Credit Card,Paid,4,4,No,Late Delivery
D01598,PAY01598,O01598,Express,Delivered,1,STC Pay,Paid,4,8,No,Late Delivery
D01599,PAY01599,O01599,Standard,Delivered,7,Apple Pay,Pending,3,2,No,Late Delivery
D01600,PAY01600,O01600,Express,Returned,4,STC Pay,Refunded,2,3,Yes,Wrong Item
D01601,PAY01601,O01601,Same Day,Delivered,6,Debit Card,Refunded,1,7,No,Damaged
D01602,PAY01602,O01602,Same Day,Delivered,3,Mada,Pending,4,8,No,N/A
D01603,PAY01603,O01603,Express,Delivered,3,Apple Pay,Pending,3,9,No,Wrong Item
D01604,PAY01604,O01604,Standard,Delivered,8,Debit Card,Paid,2,7,No,Damaged
D01605,PAY01605,O01605,Standard,Delivered,9,Apple Pay,Paid,4,1,Yes,Late Delivery
D01606,PAY01606,O01606,Standard,Delivered,10,Mada,Paid,4,4,Yes,N/A
D01607,PAY01607,O01607,Standard,In Transit,9,Debit Card,Refunded,5,8,No,Late Delivery
D01608,PAY01608,O01608,Standard,In Transit,9,Credit Card,Paid,4,6,Yes,Late Delivery
D01609,PAY01609,O01609,Express,In Transit,4,Mada,Paid,3,8,Yes,Damaged
D01610,PAY01610,O01610,Standard,Returned,8,Apple Pay,Paid,1,6,No,Damaged
D01611,PAY01611,O01611,Standard,In Transit,10,Cash On Delivery,Pending,1,5,No,Damaged
D01612,PAY01612,O01612,Standard,Returned,5,Credit Card,Pending,3,8,Yes,N/A
D01613,PAY01613,O01613,Same Day,Returned,4,Cash On Delivery,Refunded,3,8,No,Late Delivery
D01614,PAY01614,O01614,Express,In Transit,2,STC Pay,Pending,4,5,No,N/A
D01615,PAY01615,O01615,Standard,In Transit,3,Credit Card,Pending,4,10,Yes,Damaged
D01616,PAY01616,O01616,Standard,Delivered,8,Cash On Delivery,Refunded,3,5,Yes,N/A
D01617,PAY01617,O01617,Standard,Returned,5,Cash On Delivery,Paid,5,4,Yes,N/A
D01618,PAY01618,O01618,Express,In Transit,8,STC Pay,Refunded,1,1,Yes,Wrong Item
D01619,PAY01619,O01619,Same Day,In Transit,8,Credit Card,Pending,1,3,Yes,Wrong Item
D01620,PAY01620,O01620,Standard,Returned,10,Apple Pay,Paid,3,7,No,Wrong Item
D01621,PAY01621,O01621,Same Day,Delivered,1,Apple Pay,Pending,4,6,No,Late Delivery
D01622,PAY01622,O01622,Express,Delivered,6,Debit Card,Paid,5,10,Yes,N/A
D01623,PAY01623,O01623,Express,Delivered,10,STC Pay,Refunded,4,2,Yes,Wrong Item
D01624,PAY01624,O01624,Standard,Delivered,3,Mada,Paid,4,1,Yes,N/A
D01625,PAY01625,O01625,Express,Returned,1,Apple Pay,Refunded,3,10,Yes,Damaged
D01626,PAY01626,O01626,Express,Delivered,1,Cash On Delivery,Pending,5,4,Yes,N/A
D01627,PAY01627,O01627,Express,In Transit,6,Apple Pay,Pending,3,7,Yes,Wrong Item
D01628,PAY01628,O01628,Same Day,Delivered,2,Apple Pay,Pending,2,2,No,Late Delivery
D01629,PAY01629,O01629,Standard,Delivered,7,Cash On Delivery,Pending,5,1,No,N/A
D01630,PAY01630,O01630,Express,Delivered,7,STC Pay,Paid,4,3,Yes,N/A
D01631,PAY01631,O01631,Same Day,In Transit,9,Credit Card,Pending,3,1,No,N/A
D01632,PAY01632,O01632,Express,Returned,6,Cash On Delivery,Pending,2,5,Yes,Damaged
D01633,PAY01633,O01633,Express,Returned,4,Credit Card,Paid,3,4,No,Damaged
D01634,PAY01634,O01634,Same Day,Returned,9,Apple Pay,Refunded,4,10,No,Wrong Item
D01635,PAY01635,O01635,Same Day,In Transit,10,Apple Pay,Refunded,3,10,No,N/A
D01636,PAY01636,O01636,Express,Returned,9,Apple Pay,Refunded,2,1,Yes,Late Delivery
D01637,PAY01637,O01637,Same Day,In Transit,10,Debit Card,Refunded,4,6,Yes,Damaged
D01638,PAY01638,O01638,Standard,Returned,7,STC Pay,Refunded,3,2,Yes,Wrong Item
D01639,PAY01639,O01639,Same Day,In Transit,2,Cash On Delivery,Pending,1,2,No,Late Delivery
D01640,PAY01640,O01640,Express,Delivered,4,Mada,Paid,3,1,Yes,N/A
D01641,PAY01641,O01641,Standard,Returned,9,Cash On Delivery,Paid,1,9,No,Wrong Item
D01642,PAY01642,O01642,Same Day,Delivered,2,Mada,Paid,4,6,No,N/A
D01643,PAY01643,O01643,Same Day,Delivered,2,Credit Card,Refunded,2,9,No,Wrong Item
D01644,PAY01644,O01644,Standard,Delivered,1,Credit Card,Refunded,4,3,No,N/A
D01645,PAY01645,O01645,Standard,Returned,2,Apple Pay,Paid,4,7,No,N/A
D01646,PAY01646,O01646,Express,Returned,6,Mada,Paid,2,8,Yes,N/A
D01647,PAY01647,O01647,Express,Delivered,4,Mada,Paid,5,1,No,Wrong Item
D01648,PAY01648,O01648,Express,Returned,4,Credit Card,Refunded,5,3,Yes,Damaged
D01649,PAY01649,O01649,Same Day,In Transit,5,Debit Card,Refunded,4,4,No,Wrong Item
D01650,PAY01650,O01650,Express,Returned,3,Debit Card,Refunded,2,10,No,Damaged
D01651,PAY01651,O01651,Standard,Delivered,10,Apple Pay,Pending,4,3,Yes,N/A
D01652,PAY01652,O01652,Standard,In Transit,5,Apple Pay,Refunded,4,10,No,Wrong Item
D01653,PAY01653,O01653,Same Day,In Transit,10,Debit Card,Refunded,3,1,No,N/A
D01654,PAY01654,O01654,Same Day,Delivered,6,Apple Pay,Pending,1,1,Yes,Damaged
D01655,PAY01655,O01655,Express,In Transit,8,STC Pay,Paid,5,5,No,N/A
D01656,PAY01656,O01656,Express,In Transit,6,STC Pay,Refunded,4,3,Yes,N/A
D01657,PAY01657,O01657,Same Day,Delivered,2,STC Pay,Paid,2,3,Yes,Late Delivery
D01658,PAY01658,O01658,Standard,In Transit,6,Mada,Pending,4,10,Yes,Late Delivery
D01659,PAY01659,O01659,Express,In Transit,2,Mada,Refunded,5,2,Yes,N/A
D01660,PAY01660,O01660,Same Day,In Transit,3,Credit Card,Pending,3,6,No,N/A
D01661,PAY01661,O01661,Same Day,Returned,8,Apple Pay,Pending,4,4,Yes,Late Delivery
D01662,PAY01662,O01662,Express,In Transit,7,Cash On Delivery,Paid,5,8,Yes,Wrong Item
D01663,PAY01663,O01663,Express,Returned,9,Credit Card,Pending,3,4,Yes,Late Delivery
D01664,PAY01664,O01664,Standard,In Transit,8,Debit Card,Refunded,4,7,No,N/A
D01665,PAY01665,O01665,Same Day,Returned,4,Credit Card,Pending,2,4,No,N/A
D01666,PAY01666,O01666,Standard,Delivered,4,Mada,Paid,5,2,Yes,Late Delivery
D01667,PAY01667,O01667,Standard,In Transit,6,Debit Card,Refunded,2,2,Yes,N/A
D01668,PAY01668,O01668,Express,In Transit,10,Apple Pay,Refunded,4,9,No,Damaged
D01669,PAY01669,O01669,Standard,In Transit,4,Mada,Refunded,2,1,No,Late Delivery
D01670,PAY01670,O01670,Standard,Returned,9,Credit Card,Pending,2,8,No,Late Delivery
D01671,PAY01671,O01671,Express,In Transit,1,STC Pay,Paid,4,8,Yes,Damaged
D01672,PAY01672,O01672,Standard,In Transit,6,Mada,Pending,3,5,No,Wrong Item
D01673,PAY01673,O01673,Express,Delivered,1,Apple Pay,Refunded,1,6,No,Late Delivery
D01674,PAY01674,O01674,Standard,In Transit,6,Cash On Delivery,Pending,5,5,Yes,Late Delivery
D01675,PAY01675,O01675,Standard,In Transit,4,Debit Card,Refunded,3,3,No,N/A
D01676,PAY01676,O01676,Express,In Transit,4,Debit Card,Paid,2,7,Yes,Damaged
D01677,PAY01677,O01677,Express,Returned,1,STC Pay,Refunded,5,9,No,Late Delivery
D01678,PAY01678,O01678,Standard,Returned,4,Mada,Pending,4,10,Yes,Late Delivery
D01679,PAY01679,O01679,Same Day,Delivered,9,Cash On Delivery,Refunded,4,6,Yes,N/A
D01680,PAY01680,O01680,Same Day,In Transit,4,Apple Pay,Pending,5,10,No,Wrong Item
D01681,PAY01681,O01681,Express,In Transit,4,Apple Pay,Pending,3,9,Yes,Damaged
D01682,PAY01682,O01682,Express,Returned,4,STC Pay,Pending,4,2,No,Late Delivery
D01683,PAY01683,O01683,Same Day,In Transit,8,Cash On Delivery,Refunded,1,1,No,Wrong Item
D01684,PAY01684,O01684,Same Day,In Transit,2,Mada,Pending,1,7,No,Wrong Item
D01685,PAY01685,O01685,Express,In Transit,8,Mada,Paid,5,2,No,Late Delivery
D01686,PAY01686,O01686,Standard,Delivered,2,Mada,Refunded,3,8,Yes,Damaged
D01687,PAY01687,O01687,Same Day,In Transit,4,Debit Card,Refunded,4,1,No,Damaged
D01688,PAY01688,O01688,Standard,In Transit,7,STC Pay,Refunded,4,5,Yes,Wrong Item
D01689,PAY01689,O01689,Express,Returned,9,Cash On Delivery,Paid,3,8,No,Damaged
D01690,PAY01690,O01690,Same Day,Delivered,1,Apple Pay,Paid,2,10,No,N/A
D01691,PAY01691,O01691,Same Day,In Transit,3,Debit Card,Paid,5,10,No,Wrong Item
D01692,PAY01692,O01692,Express,Delivered,4,Cash On Delivery,Paid,2,7,No,Late Delivery
D01693,PAY01693,O01693,Express,Returned,2,Apple Pay,Refunded,5,7,No,Damaged
D01694,PAY01694,O01694,Express,In Transit,7,Cash On Delivery,Refunded,4,5,Yes,Damaged
D01695,PAY01695,O01695,Express,Returned,9,Mada,Refunded,2,1,Yes,Late Delivery
D01696,PAY01696,O01696,Same Day,Delivered,1,Credit Card,Paid,3,4,Yes,Wrong Item
D01697,PAY01697,O01697,Same Day,Delivered,6,Cash On Delivery,Paid,5,6,Yes,Damaged
D01698,PAY01698,O01698,Standard,Returned,8,Cash On Delivery,Refunded,5,7,No,N/A
D01699,PAY01699,O01699,Standard,In Transit,10,Debit Card,Pending,1,2,No,Damaged
D01700,PAY01700,O01700,Express,In Transit,4,Mada,Pending,1,10,No,N/A
D01701,PAY01701,O01701,Standard,Returned,3,STC Pay,Refunded,2,9,Yes,Wrong Item
D01702,PAY01702,O01702,Standard,In Transit,10,STC Pay,Refunded,5,8,Yes,Wrong Item
D01703,PAY01703,O01703,Express,In Transit,7,Debit Card,Paid,1,3,Yes,Late Delivery
D01704,PAY01704,O01704,Express,In Transit,7,Cash On Delivery,Pending,1,7,No,Damaged
D01705,PAY01705,O01705,Standard,Delivered,2,Apple Pay,Pending,3,2,Yes,Late Delivery
D01706,PAY01706,O01706,Standard,In Transit,5,Debit Card,Paid,4,10,Yes,Late Delivery
D01707,PAY01707,O01707,Same Day,Returned,4,Cash On Delivery,Refunded,2,3,Yes,N/A
D01708,PAY01708,O01708,Express,In Transit,7,Mada,Paid,4,10,Yes,Damaged
D01709,PAY01709,O01709,Standard,Delivered,6,Apple Pay,Paid,2,8,Yes,Late Delivery
D01710,PAY01710,O01710,Express,Returned,2,Mada,Paid,3,1,No,Late Delivery
D01711,PAY01711,O01711,Same Day,Returned,8,Debit Card,Refunded,3,6,Yes,Wrong Item
D01712,PAY01712,O01712,Standard,In Transit,9,Mada,Pending,1,3,No,Late Delivery
D01713,PAY01713,O01713,Express,In Transit,2,Apple Pay,Pending,1,2,Yes,Late Delivery
D01714,PAY01714,O01714,Standard,Returned,5,Credit Card,Pending,1,5,Yes,N/A
D01715,PAY01715,O01715,Express,Returned,3,Mada,Refunded,3,2,No,N/A
D01716,PAY01716,O01716,Same Day,Delivered,2,Apple Pay,Paid,5,1,Yes,Wrong Item
D01717,PAY01717,O01717,Same Day,Returned,10,Credit Card,Refunded,3,10,No,Wrong Item
D01718,PAY01718,O01718,Express,Delivered,5,STC Pay,Refunded,2,5,No,Late Delivery
D01719,PAY01719,O01719,Same Day,Returned,5,Mada,Refunded,3,9,No,Late Delivery
D01720,PAY01720,O01720,Express,Returned,6,Debit Card,Refunded,1,9,Yes,Wrong Item
D01721,PAY01721,O01721,Same Day,Delivered,8,Credit Card,Pending,5,3,No,N/A
D01722,PAY01722,O01722,Standard,Returned,7,Credit Card,Pending,2,4,Yes,Damaged
D01723,PAY01723,O01723,Standard,Delivered,6,Debit Card,Refunded,1,9,Yes,Wrong Item
D01724,PAY01724,O01724,Express,In Transit,9,Cash On Delivery,Pending,4,6,Yes,Wrong Item
D01725,PAY01725,O01725,Standard,In Transit,9,Debit Card,Refunded,2,4,No,Damaged
D01726,PAY01726,O01726,Standard,In Transit,4,Cash On Delivery,Pending,5,1,No,Damaged
D01727,PAY01727,O01727,Standard,In Transit,2,Mada,Pending,5,3,No,N/A
D01728,PAY01728,O01728,Express,Delivered,10,Cash On Delivery,Pending,2,7,No,Damaged
D01729,PAY01729,O01729,Express,Delivered,3,Mada,Paid,2,2,Yes,N/A
D01730,PAY01730,O01730,Same Day,Returned,9,STC Pay,Refunded,3,1,No,Damaged
D01731,PAY01731,O01731,Same Day,Delivered,3,Apple Pay,Paid,4,1,No,Damaged
D01732,PAY01732,O01732,Standard,Returned,5,Apple Pay,Paid,5,4,No,Wrong Item
D01733,PAY01733,O01733,Express,Delivered,7,STC Pay,Paid,1,5,No,N/A
D01734,PAY01734,O01734,Same Day,Returned,5,Apple Pay,Pending,4,3,Yes,N/A
D01735,PAY01735,O01735,Express,In Transit,5,Credit Card,Paid,4,9,No,Damaged
D01736,PAY01736,O01736,Standard,Returned,6,Cash On Delivery,Refunded,1,8,Yes,Damaged
D01737,PAY01737,O01737,Standard,Returned,6,Credit Card,Pending,1,2,Yes,Late Delivery
D01738,PAY01738,O01738,Same Day,Returned,7,Mada,Refunded,4,2,No,N/A
D01739,PAY01739,O01739,Express,Returned,9,Cash On Delivery,Refunded,3,4,Yes,Wrong Item
D01740,PAY01740,O01740,Express,Returned,6,Cash On Delivery,Refunded,3,9,Yes,Late Delivery
D01741,PAY01741,O01741,Standard,In Transit,3,Debit Card,Refunded,1,2,No,Late Delivery
D01742,PAY01742,O01742,Express,Delivered,7,Cash On Delivery,Paid,5,4,No,Late Delivery
D01743,PAY01743,O01743,Same Day,In Transit,5,Debit Card,Paid,1,1,No,Damaged
D01744,PAY01744,O01744,Same Day,Returned,2,Cash On Delivery,Refunded,3,6,Yes,Damaged
D01745,PAY01745,O01745,Same Day,Delivered,5,Apple Pay,Refunded,2,8,No,Wrong Item
D01746,PAY01746,O01746,Same Day,In Transit,1,Cash On Delivery,Refunded,3,3,No,Damaged
D01747,PAY01747,O01747,Express,Delivered,1,Mada,Pending,5,4,No,Late Delivery
D01748,PAY01748,O01748,Standard,In Transit,7,Credit Card,Refunded,3,7,No,Damaged
D01749,PAY01749,O01749,Standard,In Transit,3,Cash On Delivery,Pending,1,3,No,Wrong Item
D01750,PAY01750,O01750,Standard,Returned,5,Mada,Refunded,3,3,Yes,Wrong Item
D01751,PAY01751,O01751,Standard,In Transit,8,Debit Card,Pending,4,10,Yes,Late Delivery
D01752,PAY01752,O01752,Express,Returned,2,Credit Card,Pending,4,4,Yes,N/A
D01753,PAY01753,O01753,Standard,Delivered,6,STC Pay,Refunded,3,1,Yes,Damaged
D01754,PAY01754,O01754,Standard,Delivered,2,Debit Card,Pending,5,9,Yes,N/A
D01755,PAY01755,O01755,Standard,Returned,1,Cash On Delivery,Refunded,1,6,Yes,N/A
D01756,PAY01756,O01756,Same Day,Delivered,10,Credit Card,Pending,2,8,Yes,Late Delivery
D01757,PAY01757,O01757,Same Day,In Transit,8,Apple Pay,Refunded,5,9,Yes,Wrong Item
D01758,PAY01758,O01758,Express,Delivered,3,Cash On Delivery,Refunded,1,1,Yes,Damaged
D01759,PAY01759,O01759,Standard,In Transit,4,Cash On Delivery,Refunded,3,8,Yes,Wrong Item
D01760,PAY01760,O01760,Standard,Delivered,10,Apple Pay,Pending,5,2,Yes,N/A
D01761,PAY01761,O01761,Same Day,In Transit,7,Credit Card,Refunded,2,5,Yes,N/A
D01762,PAY01762,O01762,Same Day,Delivered,6,STC Pay,Paid,3,10,No,Damaged
D01763,PAY01763,O01763,Standard,Returned,2,Mada,Paid,3,3,No,Late Delivery
D01764,PAY01764,O01764,Same Day,Returned,1,Mada,Paid,1,6,Yes,N/A
D01765,PAY01765,O01765,Express,Returned,7,Debit Card,Refunded,5,3,No,N/A
D01766,PAY01766,O01766,Same Day,In Transit,10,STC Pay,Pending,1,5,Yes,N/A
D01767,PAY01767,O01767,Express,Returned,9,Cash On Delivery,Paid,5,4,No,Damaged
D01768,PAY01768,O01768,Standard,In Transit,1,Cash On Delivery,Refunded,2,8,Yes,Late Delivery
D01769,PAY01769,O01769,Standard,Returned,9,Apple Pay,Paid,1,3,Yes,N/A
D01770,PAY01770,O01770,Express,Delivered,5,STC Pay,Pending,3,1,No,Damaged
D01771,PAY01771,O01771,Express,Delivered,4,STC Pay,Paid,1,6,No,N/A
D01772,PAY01772,O01772,Express,Delivered,3,STC Pay,Pending,4,10,Yes,N/A
D01773,PAY01773,O01773,Same Day,In Transit,3,Credit Card,Pending,5,3,Yes,Late Delivery
D01774,PAY01774,O01774,Standard,Returned,8,Mada,Paid,1,7,No,Damaged
D01775,PAY01775,O01775,Same Day,In Transit,2,Credit Card,Refunded,2,8,No,N/A
D01776,PAY01776,O01776,Express,In Transit,6,Credit Card,Refunded,5,9,No,Damaged
D01777,PAY01777,O01777,Same Day,In Transit,8,Cash On Delivery,Pending,1,7,No,Wrong Item
D01778,PAY01778,O01778,Express,In Transit,8,Credit Card,Refunded,5,3,Yes,Late Delivery
D01779,PAY01779,O01779,Express,Returned,2,Debit Card,Paid,4,10,No,Late Delivery
D01780,PAY01780,O01780,Express,In Transit,8,Debit Card,Refunded,3,1,No,Damaged
D01781,PAY01781,O01781,Express,In Transit,7,Cash On Delivery,Paid,2,5,Yes,Late Delivery
D01782,PAY01782,O01782,Same Day,In Transit,10,STC Pay,Refunded,2,4,Yes,Wrong Item
D01783,PAY01783,O01783,Same Day,Returned,9,Credit Card,Refunded,3,1,No,Damaged
D01784,PAY01784,O01784,Same Day,In Transit,3,Mada,Refunded,1,9,No,Wrong Item
D01785,PAY01785,O01785,Standard,Returned,6,Debit Card,Paid,4,5,Yes,Wrong Item
D01786,PAY01786,O01786,Express,Returned,7,Credit Card,Pending,5,10,Yes,Late Delivery
D01787,PAY01787,O01787,Express,Returned,6,Cash On Delivery,Refunded,5,6,No,Late Delivery
D01788,PAY01788,O01788,Same Day,Returned,10,Apple Pay,Paid,2,8,No,Damaged
D01789,PAY01789,O01789,Same Day,In Transit,4,Credit Card,Refunded,1,3,Yes,Late Delivery
D01790,PAY01790,O01790,Same Day,Delivered,7,STC Pay,Refunded,2,4,No,N/A
D01791,PAY01791,O01791,Standard,In Transit,3,Mada,Paid,3,5,No,Damaged
D01792,PAY01792,O01792,Standard,In Transit,6,Apple Pay,Refunded,4,7,Yes,Wrong Item
D01793,PAY01793,O01793,Standard,Delivered,4,Cash On Delivery,Paid,5,4,Yes,Damaged
D01794,PAY01794,O01794,Standard,Returned,3,Debit Card,Refunded,2,5,Yes,N/A
D01795,PAY01795,O01795,Same Day,In Transit,9,Apple Pay,Paid,5,9,Yes,N/A
D01796,PAY01796,O01796,Express,Delivered,2,Credit Card,Paid,1,1,No,N/A
D01797,PAY01797,O01797,Same Day,Returned,5,STC Pay,Paid,1,4,No,Late Delivery
D01798,PAY01798,O01798,Same Day,Returned,9,STC Pay,Paid,4,10,Yes,Wrong Item
D01799,PAY01799,O01799,Same Day,In Transit,10,Apple Pay,Pending,1,9,No,Wrong Item
D01800,PAY01800,O01800,Express,Delivered,10,Credit Card,Refunded,5,1,Yes,Damaged
D01801,PAY01801,O01801,Same Day,In Transit,10,Apple Pay,Refunded,2,3,Yes,N/A
D01802,PAY01802,O01802,Standard,Returned,5,Mada,Paid,4,6,No,Damaged
D01803,PAY01803,O01803,Standard,Returned,8,STC Pay,Pending,4,9,No,Damaged
D01804,PAY01804,O01804,Express,Returned,6,Apple Pay,Pending,1,3,Yes,Wrong Item
D01805,PAY01805,O01805,Same Day,Returned,9,Mada,Pending,5,6,No,N/A
D01806,PAY01806,O01806,Same Day,Returned,7,Apple Pay,Pending,4,3,No,Late Delivery
D01807,PAY01807,O01807,Standard,Delivered,3,Credit Card,Paid,2,7,No,Damaged
D01808,PAY01808,O01808,Standard,Delivered,9,Cash On Delivery,Pending,1,6,No,N/A
D01809,PAY01809,O01809,Same Day,Returned,8,STC Pay,Paid,2,4,Yes,Late Delivery
D01810,PAY01810,O01810,Standard,Delivered,10,Mada,Pending,4,3,Yes,N/A
D01811,PAY01811,O01811,Express,Returned,9,Debit Card,Pending,2,8,No,Wrong Item
D01812,PAY01812,O01812,Express,Delivered,7,Credit Card,Refunded,5,3,Yes,N/A
D01813,PAY01813,O01813,Standard,In Transit,6,Debit Card,Pending,4,5,No,Late Delivery
D01814,PAY01814,O01814,Same Day,Delivered,3,Cash On Delivery,Refunded,1,6,No,Late Delivery
D01815,PAY01815,O01815,Same Day,Delivered,3,Cash On Delivery,Refunded,1,1,No,Late Delivery
D01816,PAY01816,O01816,Express,Returned,3,Debit Card,Pending,2,1,Yes,Late Delivery
D01817,PAY01817,O01817,Express,In Transit,7,Cash On Delivery,Pending,4,10,No,Late Delivery
D01818,PAY01818,O01818,Express,In Transit,3,Apple Pay,Refunded,4,5,No,N/A
D01819,PAY01819,O01819,Standard,Delivered,2,Mada,Refunded,3,8,Yes,Late Delivery
D01820,PAY01820,O01820,Same Day,In Transit,2,Debit Card,Refunded,4,8,Yes,N/A
D01821,PAY01821,O01821,Same Day,In Transit,10,STC Pay,Paid,1,6,Yes,N/A
D01822,PAY01822,O01822,Express,Returned,2,Mada,Pending,4,6,No,Late Delivery
D01823,PAY01823,O01823,Same Day,Returned,6,Debit Card,Refunded,5,6,Yes,Late Delivery
D01824,PAY01824,O01824,Standard,In Transit,2,Apple Pay,Refunded,3,9,Yes,Damaged
D01825,PAY01825,O01825,Same Day,In Transit,1,Credit Card,Refunded,2,1,No,N/A
D01826,PAY01826,O01826,Same Day,Delivered,8,Mada,Paid,5,1,Yes,Damaged
D01827,PAY01827,O01827,Express,In Transit,8,Debit Card,Pending,3,5,No,Damaged
D01828,PAY01828,O01828,Same Day,Returned,4,Mada,Paid,1,2,No,Wrong Item
D01829,PAY01829,O01829,Same Day,Delivered,8,Debit Card,Paid,4,3,No,Late Delivery
D01830,PAY01830,O01830,Express,In Transit,8,Cash On Delivery,Refunded,2,10,Yes,Damaged
D01831,PAY01831,O01831,Same Day,Delivered,6,Debit Card,Refunded,1,8,No,N/A
D01832,PAY01832,O01832,Standard,In Transit,4,Debit Card,Pending,2,8,Yes,Late Delivery
D01833,PAY01833,O01833,Same Day,Returned,6,Mada,Pending,5,8,Yes,N/A
D01834,PAY01834,O01834,Express,Delivered,3,STC Pay,Refunded,5,6,No,Wrong Item
D01835,PAY01835,O01835,Express,Returned,2,Credit Card,Paid,1,6,No,Wrong Item
D01836,PAY01836,O01836,Same Day,Returned,9,STC Pay,Refunded,4,6,No,Damaged
D01837,PAY01837,O01837,Same Day,Delivered,2,Credit Card,Refunded,3,1,Yes,Wrong Item
D01838,PAY01838,O01838,Standard,In Transit,7,Apple Pay,Refunded,5,5,Yes,Late Delivery
D01839,PAY01839,O01839,Same Day,Delivered,6,Debit Card,Paid,1,5,Yes,Wrong Item
D01840,PAY01840,O01840,Same Day,Delivered,7,Debit Card,Paid,5,7,Yes,N/A
D01841,PAY01841,O01841,Express,Delivered,4,Cash On Delivery,Refunded,3,8,Yes,N/A
D01842,PAY01842,O01842,Standard,Returned,10,Debit Card,Paid,2,6,No,Damaged
D01843,PAY01843,O01843,Same Day,Returned,5,STC Pay,Paid,2,3,Yes,Wrong Item
D01844,PAY01844,O01844,Standard,Returned,4,STC Pay,Paid,4,4,No,Damaged
D01845,PAY01845,O01845,Standard,In Transit,1,Apple Pay,Paid,5,3,No,N/A
D01846,PAY01846,O01846,Express,Returned,5,Mada,Refunded,4,10,Yes,Wrong Item
D01847,PAY01847,O01847,Standard,Delivered,10,Credit Card,Refunded,3,8,Yes,Wrong Item
D01848,PAY01848,O01848,Same Day,In Transit,4,Credit Card,Refunded,4,9,Yes,Late Delivery
D01849,PAY01849,O01849,Same Day,Returned,9,Cash On Delivery,Refunded,5,5,Yes,N/A
D01850,PAY01850,O01850,Same Day,Returned,9,STC Pay,Pending,3,9,Yes,Wrong Item
D01851,PAY01851,O01851,Standard,Returned,10,Mada,Paid,5,3,No,N/A
D01852,PAY01852,O01852,Express,Returned,1,Mada,Paid,5,5,No,N/A
D01853,PAY01853,O01853,Express,In Transit,9,Debit Card,Pending,3,7,No,Wrong Item
D01854,PAY01854,O01854,Express,Delivered,4,Debit Card,Paid,1,8,No,Late Delivery
D01855,PAY01855,O01855,Standard,Returned,8,Mada,Refunded,2,1,Yes,Damaged
D01856,PAY01856,O01856,Standard,In Transit,3,STC Pay,Refunded,4,6,Yes,Wrong Item
D01857,PAY01857,O01857,Standard,In Transit,7,Apple Pay,Paid,1,1,Yes,Late Delivery
D01858,PAY01858,O01858,Same Day,Delivered,5,STC Pay,Pending,3,2,Yes,Damaged
D01859,PAY01859,O01859,Express,Returned,2,Mada,Refunded,2,4,No,Damaged
D01860,PAY01860,O01860,Express,In Transit,3,Cash On Delivery,Paid,4,9,Yes,Late Delivery
D01861,PAY01861,O01861,Same Day,In Transit,6,Mada,Refunded,5,5,Yes,N/A
D01862,PAY01862,O01862,Standard,Delivered,3,Debit Card,Pending,2,7,Yes,N/A
D01863,PAY01863,O01863,Same Day,Delivered,10,Apple Pay,Pending,5,2,Yes,Late Delivery
D01864,PAY01864,O01864,Same Day,Returned,1,Mada,Refunded,2,8,Yes,Wrong Item
D01865,PAY01865,O01865,Express,In Transit,5,Cash On Delivery,Pending,3,9,No,N/A
D01866,PAY01866,O01866,Express,In Transit,10,STC Pay,Paid,5,10,Yes,N/A
D01867,PAY01867,O01867,Express,In Transit,10,STC Pay,Refunded,2,8,No,Wrong Item
D01868,PAY01868,O01868,Same Day,Delivered,10,STC Pay,Paid,4,3,No,Damaged
D01869,PAY01869,O01869,Same Day,In Transit,5,Cash On Delivery,Pending,2,3,Yes,Wrong Item
D01870,PAY01870,O01870,Same Day,Delivered,10,STC Pay,Pending,1,8,No,Late Delivery
D01871,PAY01871,O01871,Express,Delivered,9,Credit Card,Pending,3,8,Yes,Late Delivery
D01872,PAY01872,O01872,Same Day,Returned,10,Mada,Pending,2,8,Yes,Damaged
D01873,PAY01873,O01873,Express,In Transit,5,STC Pay,Paid,4,6,Yes,Damaged
D01874,PAY01874,O01874,Same Day,In Transit,5,Apple Pay,Paid,4,2,No,Wrong Item
D01875,PAY01875,O01875,Standard,Delivered,7,Mada,Pending,1,2,No,Late Delivery
D01876,PAY01876,O01876,Standard,Delivered,10,Credit Card,Refunded,3,1,Yes,Wrong Item
D01877,PAY01877,O01877,Express,In Transit,4,Apple Pay,Refunded,2,9,No,N/A
D01878,PAY01878,O01878,Same Day,Delivered,4,Mada,Refunded,1,9,No,Damaged
D01879,PAY01879,O01879,Standard,In Transit,2,Mada,Paid,1,6,No,Wrong Item
D01880,PAY01880,O01880,Express,Returned,8,Mada,Pending,1,7,No,Damaged
D01881,PAY01881,O01881,Standard,In Transit,4,Apple Pay,Refunded,1,4,Yes,Wrong Item
D01882,PAY01882,O01882,Standard,Returned,2,Mada,Pending,5,8,No,N/A
D01883,PAY01883,O01883,Same Day,Returned,2,Mada,Paid,4,9,No,Wrong Item
D01884,PAY01884,O01884,Express,Returned,7,Mada,Paid,5,10,Yes,Late Delivery
D01885,PAY01885,O01885,Same Day,Returned,5,Debit Card,Pending,3,1,Yes,Damaged
D01886,PAY01886,O01886,Express,Returned,2,Credit Card,Paid,4,9,No,Late Delivery
D01887,PAY01887,O01887,Same Day,In Transit,1,Mada,Refunded,2,4,No,Late Delivery
D01888,PAY01888,O01888,Same Day,In Transit,8,Debit Card,Pending,1,6,Yes,Wrong Item
D01889,PAY01889,O01889,Same Day,Delivered,9,Apple Pay,Paid,1,4,Yes,Wrong Item
D01890,PAY01890,O01890,Same Day,Delivered,3,Debit Card,Pending,5,3,Yes,N/A
D01891,PAY01891,O01891,Standard,Returned,1,Mada,Paid,5,2,Yes,Late Delivery
D01892,PAY01892,O01892,Same Day,In Transit,10,STC Pay,Pending,1,1,Yes,Damaged
D01893,PAY01893,O01893,Standard,Returned,3,Apple Pay,Paid,1,6,Yes,Wrong Item
D01894,PAY01894,O01894,Standard,In Transit,7,STC Pay,Pending,4,5,Yes,Wrong Item
D01895,PAY01895,O01895,Express,Delivered,3,Credit Card,Paid,3,5,No,Late Delivery
D01896,PAY01896,O01896,Standard,Delivered,6,STC Pay,Pending,3,6,No,Late Delivery
D01897,PAY01897,O01897,Same Day,In Transit,4,Cash On Delivery,Refunded,5,8,No,Late Delivery
D01898,PAY01898,O01898,Standard,Returned,10,Credit Card,Pending,2,10,No,N/A
D01899,PAY01899,O01899,Standard,In Transit,7,Credit Card,Pending,5,5,No,Late Delivery
D01900,PAY01900,O01900,Standard,Delivered,9,Cash On Delivery,Pending,1,4,Yes,N/A
D01901,PAY01901,O01901,Express,Delivered,7,Apple Pay,Refunded,3,9,Yes,Damaged
D01902,PAY01902,O01902,Same Day,Delivered,9,Debit Card,Refunded,4,1,Yes,Late Delivery
D01903,PAY01903,O01903,Standard,Returned,4,Credit Card,Paid,1,1,Yes,Late Delivery
D01904,PAY01904,O01904,Express,Delivered,8,Cash On Delivery,Pending,1,4,No,Wrong Item
D01905,PAY01905,O01905,Standard,Returned,7,Apple Pay,Refunded,2,9,Yes,Wrong Item
D01906,PAY01906,O01906,Standard,In Transit,3,Cash On Delivery,Pending,4,7,Yes,N/A
D01907,PAY01907,O01907,Standard,Returned,6,Apple Pay,Refunded,5,6,No,Damaged
D01908,PAY01908,O01908,Express,In Transit,7,Debit Card,Paid,2,10,No,Wrong Item
D01909,PAY01909,O01909,Same Day,Delivered,4,Apple Pay,Paid,1,10,No,Damaged
D01910,PAY01910,O01910,Same Day,Delivered,4,Cash On Delivery,Refunded,5,9,No,Damaged
D01911,PAY01911,O01911,Express,In Transit,9,Mada,Pending,3,2,Yes,Wrong Item
D01912,PAY01912,O01912,Same Day,Delivered,1,Debit Card,Pending,3,7,No,Wrong Item
D01913,PAY01913,O01913,Express,In Transit,4,Apple Pay,Refunded,5,5,No,N/A
D01914,PAY01914,O01914,Standard,Returned,6,Apple Pay,Paid,5,9,No,Damaged
D01915,PAY01915,O01915,Standard,Delivered,2,Mada,Refunded,4,2,No,Wrong Item
D01916,PAY01916,O01916,Express,Returned,3,Apple Pay,Refunded,4,5,No,Wrong Item
D01917,PAY01917,O01917,Same Day,In Transit,4,Apple Pay,Paid,1,6,No,Wrong Item
D01918,PAY01918,O01918,Standard,In Transit,5,STC Pay,Pending,5,4,Yes,Damaged
D01919,PAY01919,O01919,Standard,Delivered,3,Debit Card,Paid,4,5,Yes,Wrong Item
D01920,PAY01920,O01920,Standard,In Transit,7,Debit Card,Paid,2,2,No,Late Delivery
D01921,PAY01921,O01921,Express,In Transit,4,Cash On Delivery,Refunded,3,1,No,N/A
D01922,PAY01922,O01922,Standard,Delivered,1,Credit Card,Refunded,4,10,No,Wrong Item
D01923,PAY01923,O01923,Standard,Delivered,7,Debit Card,Refunded,1,6,Yes,N/A
D01924,PAY01924,O01924,Standard,In Transit,5,Apple Pay,Pending,4,9,No,Damaged
D01925,PAY01925,O01925,Standard,Delivered,10,Credit Card,Refunded,3,5,No,Damaged
D01926,PAY01926,O01926,Same Day,Returned,5,Cash On Delivery,Paid,5,8,Yes,Damaged
D01927,PAY01927,O01927,Express,Returned,5,STC Pay,Refunded,2,3,Yes,N/A
D01928,PAY01928,O01928,Express,Delivered,1,Mada,Paid,3,9,No,Wrong Item
D01929,PAY01929,O01929,Express,In Transit,4,Mada,Pending,5,4,No,Late Delivery
D01930,PAY01930,O01930,Express,Delivered,9,Credit Card,Pending,3,7,No,Damaged
D01931,PAY01931,O01931,Express,Returned,4,Debit Card,Paid,1,2,Yes,Damaged
D01932,PAY01932,O01932,Same Day,In Transit,8,STC Pay,Refunded,3,8,Yes,N/A
D01933,PAY01933,O01933,Same Day,Returned,9,Debit Card,Paid,3,5,Yes,Wrong Item
D01934,PAY01934,O01934,Standard,In Transit,7,Credit Card,Paid,4,3,No,Late Delivery
D01935,PAY01935,O01935,Same Day,In Transit,2,Cash On Delivery,Refunded,1,3,Yes,Damaged
D01936,PAY01936,O01936,Standard,Returned,2,Apple Pay,Pending,1,5,Yes,Damaged
D01937,PAY01937,O01937,Standard,Delivered,8,Mada,Paid,2,10,No,Late Delivery
D01938,PAY01938,O01938,Standard,In Transit,3,STC Pay,Refunded,4,3,No,Damaged
D01939,PAY01939,O01939,Express,Delivered,6,STC Pay,Refunded,2,8,No,Damaged
D01940,PAY01940,O01940,Same Day,Returned,8,Debit Card,Refunded,3,2,No,Damaged
D01941,PAY01941,O01941,Standard,Delivered,1,STC Pay,Paid,4,6,Yes,Wrong Item
D01942,PAY01942,O01942,Same Day,Returned,3,Apple Pay,Pending,1,7,No,Wrong Item
D01943,PAY01943,O01943,Same Day,In Transit,10,Apple Pay,Paid,4,10,No,Damaged
D01944,PAY01944,O01944,Standard,In Transit,1,STC Pay,Pending,4,7,Yes,Wrong Item
D01945,PAY01945,O01945,Standard,Delivered,1,STC Pay,Refunded,5,6,No,Late Delivery
D01946,PAY01946,O01946,Same Day,Delivered,1,Mada,Pending,1,10,No,Damaged
D01947,PAY01947,O01947,Same Day,Delivered,9,STC Pay,Paid,3,5,Yes,Wrong Item
D01948,PAY01948,O01948,Express,Delivered,2,Debit Card,Pending,5,5,No,N/A
D01949,PAY01949,O01949,Express,In Transit,6,Cash On Delivery,Paid,2,5,No,Late Delivery
D01950,PAY01950,O01950,Express,In Transit,10,Cash On Delivery,Pending,1,5,Yes,N/A
D01951,PAY01951,O01951,Express,In Transit,1,Debit Card,Pending,2,4,Yes,Late Delivery
D01952,PAY01952,O01952,Express,In Transit,7,Mada,Paid,1,2,No,Late Delivery
D01953,PAY01953,O01953,Standard,Returned,6,Cash On Delivery,Refunded,5,8,No,Damaged
D01954,PAY01954,O01954,Standard,Delivered,7,Debit Card,Pending,5,5,No,Wrong Item
D01955,PAY01955,O01955,Same Day,Delivered,10,Cash On Delivery,Paid,5,8,No,N/A
D01956,PAY01956,O01956,Express,In Transit,5,Apple Pay,Paid,1,2,Yes,N/A
D01957,PAY01957,O01957,Same Day,Returned,8,STC Pay,Paid,1,7,No,Damaged
D01958,PAY01958,O01958,Same Day,In Transit,2,Credit Card,Pending,5,3,Yes,Late Delivery
D01959,PAY01959,O01959,Express,In Transit,8,Apple Pay,Pending,2,8,Yes,Wrong Item
D01960,PAY01960,O01960,Express,Returned,6,Credit Card,Pending,4,1,Yes,Late Delivery
D01961,PAY01961,O01961,Express,Delivered,4,STC Pay,Paid,5,9,Yes,Wrong Item
D01962,PAY01962,O01962,Express,In Transit,3,Apple Pay,Refunded,5,1,No,N/A
D01963,PAY01963,O01963,Standard,Delivered,10,Mada,Paid,2,1,Yes,Late Delivery
D01964,PAY01964,O01964,Same Day,In Transit,5,Credit Card,Paid,2,10,No,Late Delivery
D01965,PAY01965,O01965,Express,Returned,10,Cash On Delivery,Refunded,4,7,Yes,N/A
D01966,PAY01966,O01966,Standard,In Transit,4,Mada,Refunded,4,5,No,Wrong Item
D01967,PAY01967,O01967,Same Day,Delivered,7,Mada,Paid,5,7,No,Damaged
D01968,PAY01968,O01968,Standard,In Transit,1,Apple Pay,Pending,1,10,Yes,N/A
D01969,PAY01969,O01969,Express,In Transit,9,Apple Pay,Pending,2,8,No,N/A
D01970,PAY01970,O01970,Standard,Returned,3,Cash On Delivery,Pending,2,2,Yes,N/A
D01971,PAY01971,O01971,Standard,Returned,8,STC Pay,Refunded,3,7,Yes,N/A
D01972,PAY01972,O01972,Standard,In Transit,9,Debit Card,Pending,1,2,No,N/A
D01973,PAY01973,O01973,Express,Delivered,3,Mada,Pending,1,6,Yes,Late Delivery
D01974,PAY01974,O01974,Same Day,Returned,7,Credit Card,Paid,1,4,No,Wrong Item
D01975,PAY01975,O01975,Express,In Transit,8,Apple Pay,Pending,5,2,No,N/A
D01976,PAY01976,O01976,Express,Delivered,6,Credit Card,Refunded,4,10,No,Late Delivery
D01977,PAY01977,O01977,Standard,Returned,5,Apple Pay,Refunded,4,2,Yes,Late Delivery
D01978,PAY01978,O01978,Same Day,Delivered,4,Cash On Delivery,Paid,5,6,No,Wrong Item
D01979,PAY01979,O01979,Express,Delivered,3,STC Pay,Refunded,2,8,No,Late Delivery
D01980,PAY01980,O01980,Express,Returned,6,Debit Card,Refunded,1,8,Yes,N/A
D01981,PAY01981,O01981,Same Day,In Transit,1,Debit Card,Pending,1,7,Yes,Wrong Item
D01982,PAY01982,O01982,Standard,Returned,1,Credit Card,Pending,5,10,Yes,Late Delivery
D01983,PAY01983,O01983,Express,Delivered,7,Credit Card,Paid,3,3,Yes,Wrong Item
D01984,PAY01984,O01984,Express,Returned,4,Mada,Refunded,3,6,Yes,Late Delivery
D01985,PAY01985,O01985,Same Day,Returned,4,STC Pay,Pending,2,2,No,Wrong Item
D01986,PAY01986,O01986,Standard,Delivered,5,Cash On Delivery,Pending,5,9,Yes,Damaged
D01987,PAY01987,O01987,Standard,Delivered,9,Apple Pay,Paid,1,6,Yes,N/A
D01988,PAY01988,O01988,Same Day,In Transit,3,Debit Card,Paid,3,6,No,N/A
D01989,PAY01989,O01989,Express,In Transit,1,Cash On Delivery,Refunded,3,10,No,Wrong Item
D01990,PAY01990,O01990,Same Day,Delivered,2,Apple Pay,Paid,1,8,No,Damaged
D01991,PAY01991,O01991,Express,In Transit,1,STC Pay,Pending,5,4,Yes,Late Delivery
D01992,PAY01992,O01992,Standard,Returned,8,Cash On Delivery,Paid,1,4,Yes,Damaged
D01993,PAY01993,O01993,Standard,In Transit,9,STC Pay,Refunded,5,8,Yes,N/A
D01994,PAY01994,O01994,Standard,In Transit,7,Debit Card,Paid,2,5,Yes,Late Delivery
D01995,PAY01995,O01995,Standard,In Transit,5,Cash On Delivery,Paid,2,5,Yes,Damaged
D01996,PAY01996,O01996,Same Day,In Transit,5,Debit Card,Paid,2,2,No,Damaged
D01997,PAY01997,O01997,Standard,In Transit,1,Apple Pay,Paid,5,5,No,N/A
D01998,PAY01998,O01998,Same Day,Returned,1,Mada,Refunded,1,7,No,N/A
D01999,PAY01999,O01999,Standard,Returned,5,Cash On Delivery,Paid,2,9,No,Wrong Item
D02000,PAY02000,O02000,Same Day,Returned,6,Debit Card,Paid,5,3,Yes,Wrong Item
D02001,PAY02001,O02001,Express,Delivered,1,Credit Card,Paid,2,1,Yes,N/A
D02002,PAY02002,O02002,Standard,In Transit,3,Credit Card,Pending,4,9,No,Wrong Item
D02003,PAY02003,O02003,Same Day,Returned,4,Mada,Paid,2,1,Yes,Wrong Item
D02004,PAY02004,O02004,Express,Delivered,6,Apple Pay,Refunded,2,3,Yes,N/A
D02005,PAY02005,O02005,Express,Delivered,1,Credit Card,Paid,5,5,No,Late Delivery
D02006,PAY02006,O02006,Standard,Returned,7,STC Pay,Pending,2,4,No,Wrong Item
D02007,PAY02007,O02007,Express,Returned,3,Apple Pay,Refunded,5,8,Yes,Late Delivery
D02008,PAY02008,O02008,Standard,Returned,5,Credit Card,Pending,5,7,No,Damaged
D02009,PAY02009,O02009,Standard,Delivered,9,Apple Pay,Pending,4,5,No,Late Delivery
D02010,PAY02010,O02010,Express,In Transit,6,Apple Pay,Paid,2,5,Yes,Wrong Item
D02011,PAY02011,O02011,Standard,In Transit,6,Debit Card,Pending,3,1,Yes,Damaged
D02012,PAY02012,O02012,Express,Returned,5,Cash On Delivery,Paid,1,2,Yes,Wrong Item
D02013,PAY02013,O02013,Express,In Transit,6,Apple Pay,Refunded,4,2,Yes,Late Delivery
D02014,PAY02014,O02014,Standard,In Transit,8,Mada,Paid,3,10,Yes,Damaged
D02015,PAY02015,O02015,Express,Delivered,3,STC Pay,Paid,1,2,No,Damaged
D02016,PAY02016,O02016,Standard,In Transit,9,Debit Card,Refunded,5,7,No,N/A
D02017,PAY02017,O02017,Standard,Delivered,2,Mada,Paid,1,5,Yes,N/A
D02018,PAY02018,O02018,Same Day,Returned,1,Debit Card,Paid,4,4,Yes,Damaged
D02019,PAY02019,O02019,Standard,Delivered,3,Credit Card,Refunded,5,4,Yes,Wrong Item
D02020,PAY02020,O02020,Same Day,Delivered,5,Debit Card,Paid,2,3,Yes,Damaged
D02021,PAY02021,O02021,Standard,Returned,8,Debit Card,Paid,1,6,Yes,Damaged
D02022,PAY02022,O02022,Express,In Transit,1,Mada,Paid,2,10,No,Wrong Item
D02023,PAY02023,O02023,Standard,In Transit,2,STC Pay,Pending,3,4,Yes,Late Delivery
D02024,PAY02024,O02024,Same Day,In Transit,6,Debit Card,Pending,2,2,No,Damaged
D02025,PAY02025,O02025,Express,Delivered,2,Debit Card,Paid,2,1,Yes,Wrong Item
D02026,PAY02026,O02026,Express,Returned,8,Debit Card,Paid,2,3,No,N/A
D02027,PAY02027,O02027,Standard,Delivered,10,Apple Pay,Paid,2,6,No,Late Delivery
D02028,PAY02028,O02028,Standard,Delivered,10,Credit Card,Paid,2,7,Yes,Wrong Item
D02029,PAY02029,O02029,Express,Returned,1,Apple Pay,Paid,4,5,No,Late Delivery
D02030,PAY02030,O02030,Express,Delivered,5,Apple Pay,Refunded,3,7,Yes,Wrong Item
D02031,PAY02031,O02031,Standard,Delivered,3,Credit Card,Refunded,4,1,No,Late Delivery
D02032,PAY02032,O02032,Standard,Returned,9,Credit Card,Paid,2,6,Yes,N/A
D02033,PAY02033,O02033,Express,Returned,10,Debit Card,Refunded,2,3,Yes,Wrong Item
D02034,PAY02034,O02034,Standard,In Transit,1,Apple Pay,Paid,3,7,No,Damaged
D02035,PAY02035,O02035,Standard,In Transit,4,STC Pay,Paid,5,6,Yes,Wrong Item
D02036,PAY02036,O02036,Standard,Returned,8,Debit Card,Pending,2,9,Yes,Damaged
D02037,PAY02037,O02037,Express,In Transit,8,Apple Pay,Pending,2,1,No,N/A
D02038,PAY02038,O02038,Same Day,In Transit,7,Mada,Paid,5,4,Yes,Wrong Item
D02039,PAY02039,O02039,Express,Returned,2,Cash On Delivery,Pending,5,6,No,N/A
D02040,PAY02040,O02040,Same Day,In Transit,3,Debit Card,Paid,4,10,No,Damaged
D02041,PAY02041,O02041,Express,Returned,8,Credit Card,Refunded,2,4,Yes,Damaged
D02042,PAY02042,O02042,Standard,Returned,10,Debit Card,Refunded,1,5,No,N/A
D02043,PAY02043,O02043,Express,In Transit,6,Debit Card,Pending,3,7,No,Late Delivery
D02044,PAY02044,O02044,Same Day,Returned,3,STC Pay,Refunded,5,8,No,Wrong Item
D02045,PAY02045,O02045,Same Day,Returned,4,Credit Card,Pending,2,6,No,Late Delivery
D02046,PAY02046,O02046,Standard,Delivered,10,Credit Card,Paid,4,5,No,Damaged
D02047,PAY02047,O02047,Standard,In Transit,5,Credit Card,Paid,5,6,No,Wrong Item
D02048,PAY02048,O02048,Express,Delivered,8,Debit Card,Paid,4,2,Yes,N/A
D02049,PAY02049,O02049,Standard,In Transit,5,Apple Pay,Pending,5,5,No,Damaged
D02050,PAY02050,O02050,Standard,Delivered,8,Apple Pay,Refunded,4,7,Yes,N/A
D02051,PAY02051,O02051,Standard,Delivered,7,Mada,Refunded,1,6,Yes,Wrong Item
D02052,PAY02052,O02052,Standard,Delivered,9,Credit Card,Refunded,3,3,No,Wrong Item
D02053,PAY02053,O02053,Standard,Delivered,4,STC Pay,Refunded,3,3,No,Damaged
D02054,PAY02054,O02054,Same Day,Delivered,8,Apple Pay,Refunded,1,2,Yes,N/A
D02055,PAY02055,O02055,Standard,Delivered,2,Cash On Delivery,Paid,3,3,No,Damaged
D02056,PAY02056,O02056,Express,Delivered,6,Apple Pay,Pending,3,10,Yes,N/A
D02057,PAY02057,O02057,Same Day,Delivered,6,Debit Card,Pending,5,6,Yes,Damaged
D02058,PAY02058,O02058,Same Day,Delivered,9,Mada,Pending,3,5,No,Wrong Item
D02059,PAY02059,O02059,Same Day,Returned,8,Cash On Delivery,Pending,1,4,Yes,Late Delivery
D02060,PAY02060,O02060,Standard,In Transit,8,STC Pay,Paid,1,4,No,Damaged
D02061,PAY02061,O02061,Same Day,Delivered,9,Debit Card,Refunded,4,10,No,Late Delivery
D02062,PAY02062,O02062,Express,Delivered,3,Apple Pay,Pending,5,2,Yes,Damaged
D02063,PAY02063,O02063,Express,Returned,10,Debit Card,Refunded,5,2,Yes,Wrong Item
D02064,PAY02064,O02064,Same Day,Returned,6,Debit Card,Pending,1,1,Yes,Wrong Item
D02065,PAY02065,O02065,Express,Returned,7,Cash On Delivery,Paid,2,1,Yes,Late Delivery
D02066,PAY02066,O02066,Standard,In Transit,6,Mada,Refunded,2,6,Yes,Damaged
D02067,PAY02067,O02067,Standard,In Transit,2,STC Pay,Paid,2,3,Yes,Wrong Item
D02068,PAY02068,O02068,Standard,In Transit,4,Debit Card,Pending,3,5,No,Wrong Item
D02069,PAY02069,O02069,Standard,Returned,3,Mada,Paid,1,7,No,Wrong Item
D02070,PAY02070,O02070,Standard,Returned,8,Debit Card,Pending,1,10,Yes,N/A
D02071,PAY02071,O02071,Standard,In Transit,4,STC Pay,Refunded,2,3,Yes,N/A
D02072,PAY02072,O02072,Standard,Delivered,8,Credit Card,Paid,4,1,No,Wrong Item
D02073,PAY02073,O02073,Standard,In Transit,6,Mada,Refunded,5,6,No,Late Delivery
D02074,PAY02074,O02074,Standard,Delivered,7,Apple Pay,Pending,1,9,Yes,N/A
D02075,PAY02075,O02075,Express,Returned,3,Apple Pay,Refunded,3,1,No,Damaged
D02076,PAY02076,O02076,Standard,In Transit,8,Cash On Delivery,Paid,4,7,Yes,Wrong Item
D02077,PAY02077,O02077,Same Day,Returned,8,STC Pay,Pending,5,7,No,Late Delivery
D02078,PAY02078,O02078,Standard,In Transit,9,Credit Card,Paid,4,4,No,Wrong Item
D02079,PAY02079,O02079,Standard,In Transit,6,Debit Card,Pending,2,3,Yes,Late Delivery
D02080,PAY02080,O02080,Express,In Transit,3,Cash On Delivery,Paid,5,6,Yes,Wrong Item
D02081,PAY02081,O02081,Standard,Returned,4,STC Pay,Pending,1,3,No,Late Delivery
D02082,PAY02082,O02082,Express,Returned,2,STC Pay,Refunded,1,8,No,Damaged
D02083,PAY02083,O02083,Same Day,Delivered,1,STC Pay,Pending,3,8,Yes,Wrong Item
D02084,PAY02084,O02084,Standard,Delivered,7,Apple Pay,Paid,4,9,Yes,Damaged
D02085,PAY02085,O02085,Express,In Transit,10,Apple Pay,Pending,5,4,No,Wrong Item
D02086,PAY02086,O02086,Express,In Transit,8,Credit Card,Pending,1,2,No,Wrong Item
D02087,PAY02087,O02087,Express,Returned,1,Mada,Paid,1,10,Yes,N/A
D02088,PAY02088,O02088,Express,Delivered,10,Mada,Paid,1,1,Yes,N/A
D02089,PAY02089,O02089,Express,Delivered,2,Debit Card,Paid,4,7,No,N/A
D02090,PAY02090,O02090,Standard,In Transit,7,Credit Card,Pending,5,3,No,Wrong Item
D02091,PAY02091,O02091,Standard,In Transit,3,Mada,Refunded,3,8,Yes,Damaged
D02092,PAY02092,O02092,Standard,In Transit,8,Mada,Refunded,3,8,No,Damaged
D02093,PAY02093,O02093,Standard,In Transit,5,Debit Card,Refunded,1,4,No,Wrong Item
D02094,PAY02094,O02094,Same Day,Returned,4,Cash On Delivery,Paid,1,4,Yes,Late Delivery
D02095,PAY02095,O02095,Express,Returned,5,Credit Card,Pending,4,2,Yes,N/A
D02096,PAY02096,O02096,Express,Returned,3,Credit Card,Paid,2,5,No,Wrong Item
D02097,PAY02097,O02097,Standard,Returned,7,Cash On Delivery,Paid,1,4,No,N/A
D02098,PAY02098,O02098,Standard,Returned,2,Apple Pay,Paid,4,2,No,Wrong Item
D02099,PAY02099,O02099,Express,Delivered,2,Apple Pay,Refunded,2,2,Yes,Damaged
D02100,PAY02100,O02100,Standard,In Transit,4,Debit Card,Pending,2,7,No,Damaged
D02101,PAY02101,O02101,Express,Returned,7,Cash On Delivery,Refunded,2,2,No,Wrong Item
D02102,PAY02102,O02102,Same Day,Returned,9,Cash On Delivery,Refunded,2,4,Yes,N/A
D02103,PAY02103,O02103,Standard,Returned,5,Mada,Refunded,5,5,Yes,Wrong Item
D02104,PAY02104,O02104,Standard,Delivered,10,Debit Card,Pending,4,8,No,N/A
D02105,PAY02105,O02105,Same Day,Delivered,2,Debit Card,Refunded,1,7,Yes,N/A
D02106,PAY02106,O02106,Standard,Delivered,2,Apple Pay,Pending,4,8,No,Wrong Item
D02107,PAY02107,O02107,Same Day,Delivered,6,Credit Card,Paid,1,8,No,Late Delivery
D02108,PAY02108,O02108,Same Day,In Transit,10,Apple Pay,Pending,3,3,Yes,Wrong Item
D02109,PAY02109,O02109,Same Day,Returned,9,Debit Card,Paid,3,2,Yes,Late Delivery
D02110,PAY02110,O02110,Same Day,Returned,6,Apple Pay,Refunded,4,4,No,Wrong Item
D02111,PAY02111,O02111,Express,In Transit,6,STC Pay,Pending,1,10,No,Late Delivery
D02112,PAY02112,O02112,Express,Delivered,2,STC Pay,Paid,2,2,Yes,Wrong Item
D02113,PAY02113,O02113,Express,Returned,4,Debit Card,Paid,4,9,No,Damaged
D02114,PAY02114,O02114,Standard,Delivered,2,Credit Card,Refunded,1,3,No,Damaged
D02115,PAY02115,O02115,Standard,Delivered,1,Debit Card,Paid,4,2,No,Damaged
D02116,PAY02116,O02116,Same Day,Delivered,5,Credit Card,Paid,5,10,Yes,Damaged
D02117,PAY02117,O02117,Standard,Returned,10,Mada,Paid,2,6,Yes,Late Delivery
D02118,PAY02118,O02118,Express,Returned,5,Mada,Pending,5,5,No,Wrong Item
D02119,PAY02119,O02119,Same Day,Returned,4,Mada,Paid,2,4,No,Damaged
D02120,PAY02120,O02120,Express,In Transit,2,Cash On Delivery,Pending,1,1,Yes,Wrong Item
D02121,PAY02121,O02121,Express,Delivered,4,Cash On Delivery,Paid,3,6,No,Wrong Item
D02122,PAY02122,O02122,Standard,Returned,1,Credit Card,Paid,5,10,Yes,Wrong Item
D02123,PAY02123,O02123,Express,In Transit,8,Debit Card,Paid,4,8,Yes,Late Delivery
D02124,PAY02124,O02124,Same Day,Delivered,9,Cash On Delivery,Pending,2,1,Yes,Late Delivery
D02125,PAY02125,O02125,Same Day,Delivered,9,Credit Card,Paid,5,4,Yes,Damaged
D02126,PAY02126,O02126,Same Day,Delivered,8,Apple Pay,Refunded,5,4,Yes,Wrong Item
D02127,PAY02127,O02127,Same Day,Returned,7,Debit Card,Refunded,1,6,Yes,N/A
D02128,PAY02128,O02128,Standard,In Transit,8,Debit Card,Paid,2,3,No,Late Delivery
D02129,PAY02129,O02129,Same Day,Returned,7,Apple Pay,Pending,4,5,Yes,Wrong Item
D02130,PAY02130,O02130,Express,In Transit,4,STC Pay,Paid,1,1,Yes,Damaged
D02131,PAY02131,O02131,Same Day,Returned,3,STC Pay,Paid,5,8,Yes,Damaged
D02132,PAY02132,O02132,Express,In Transit,4,Cash On Delivery,Refunded,1,10,No,N/A
D02133,PAY02133,O02133,Standard,In Transit,9,Mada,Refunded,1,2,Yes,Late Delivery
D02134,PAY02134,O02134,Same Day,Delivered,8,Apple Pay,Paid,2,2,No,N/A
D02135,PAY02135,O02135,Same Day,Delivered,4,Cash On Delivery,Refunded,1,1,Yes,Late Delivery
D02136,PAY02136,O02136,Standard,Returned,2,STC Pay,Paid,2,6,No,Damaged
D02137,PAY02137,O02137,Same Day,In Transit,8,Debit Card,Refunded,3,7,No,Damaged
D02138,PAY02138,O02138,Express,In Transit,7,Debit Card,Refunded,5,9,Yes,N/A
D02139,PAY02139,O02139,Standard,Returned,9,Cash On Delivery,Refunded,1,8,Yes,Wrong Item
D02140,PAY02140,O02140,Same Day,Delivered,9,Cash On Delivery,Pending,4,9,No,Wrong Item
D02141,PAY02141,O02141,Express,Returned,9,Apple Pay,Refunded,3,6,Yes,Wrong Item
D02142,PAY02142,O02142,Same Day,Returned,3,Mada,Pending,5,5,No,N/A
D02143,PAY02143,O02143,Same Day,Delivered,6,Debit Card,Paid,1,8,Yes,N/A
D02144,PAY02144,O02144,Same Day,Delivered,8,Debit Card,Pending,4,2,No,N/A
D02145,PAY02145,O02145,Express,Delivered,3,Cash On Delivery,Pending,2,9,Yes,Wrong Item
D02146,PAY02146,O02146,Standard,Delivered,1,Debit Card,Refunded,5,2,Yes,N/A
D02147,PAY02147,O02147,Same Day,Delivered,5,Credit Card,Paid,4,7,No,Damaged
D02148,PAY02148,O02148,Same Day,Delivered,1,Mada,Refunded,4,3,Yes,Damaged
D02149,PAY02149,O02149,Same Day,Returned,2,Debit Card,Pending,5,7,No,Damaged
D02150,PAY02150,O02150,Same Day,Returned,8,Apple Pay,Paid,2,9,Yes,Damaged
D02151,PAY02151,O02151,Same Day,In Transit,4,Debit Card,Refunded,2,7,No,N/A
D02152,PAY02152,O02152,Same Day,Delivered,10,Apple Pay,Refunded,2,9,No,Damaged
D02153,PAY02153,O02153,Express,In Transit,10,Cash On Delivery,Pending,3,4,No,Late Delivery
D02154,PAY02154,O02154,Express,Delivered,10,Apple Pay,Refunded,3,3,Yes,Damaged
D02155,PAY02155,O02155,Express,Returned,6,Cash On Delivery,Pending,3,10,Yes,N/A
D02156,PAY02156,O02156,Express,Returned,7,Cash On Delivery,Refunded,3,1,Yes,Late Delivery
D02157,PAY02157,O02157,Standard,In Transit,5,Debit Card,Pending,4,6,No,Wrong Item
D02158,PAY02158,O02158,Express,Delivered,6,Debit Card,Pending,2,5,Yes,N/A
D02159,PAY02159,O02159,Same Day,Delivered,5,Mada,Refunded,2,1,Yes,N/A
D02160,PAY02160,O02160,Standard,Returned,7,STC Pay,Pending,5,3,Yes,Damaged
D02161,PAY02161,O02161,Standard,In Transit,8,STC Pay,Pending,2,7,No,Late Delivery
D02162,PAY02162,O02162,Express,In Transit,4,Debit Card,Paid,2,7,No,N/A
D02163,PAY02163,O02163,Same Day,In Transit,10,Debit Card,Refunded,5,4,Yes,Late Delivery
D02164,PAY02164,O02164,Same Day,Delivered,9,Mada,Pending,3,3,No,N/A
D02165,PAY02165,O02165,Same Day,In Transit,7,Cash On Delivery,Refunded,4,4,No,N/A
D02166,PAY02166,O02166,Standard,Delivered,1,Mada,Refunded,5,7,No,N/A
D02167,PAY02167,O02167,Express,In Transit,9,Cash On Delivery,Refunded,1,7,No,Wrong Item
D02168,PAY02168,O02168,Same Day,In Transit,9,Mada,Paid,1,1,Yes,Wrong Item
D02169,PAY02169,O02169,Same Day,In Transit,8,Apple Pay,Pending,4,5,No,Late Delivery
D02170,PAY02170,O02170,Express,Returned,1,Mada,Pending,4,8,Yes,Late Delivery
D02171,PAY02171,O02171,Express,Returned,6,STC Pay,Pending,4,3,No,Damaged
D02172,PAY02172,O02172,Same Day,In Transit,1,Debit Card,Paid,4,7,Yes,Late Delivery
D02173,PAY02173,O02173,Standard,In Transit,8,Mada,Paid,3,8,No,Late Delivery
D02174,PAY02174,O02174,Same Day,Returned,8,Mada,Paid,3,8,Yes,Late Delivery
D02175,PAY02175,O02175,Standard,In Transit,8,Cash On Delivery,Paid,2,10,No,Damaged
D02176,PAY02176,O02176,Standard,Delivered,9,Credit Card,Paid,4,8,No,Wrong Item
D02177,PAY02177,O02177,Same Day,Returned,4,Cash On Delivery,Paid,2,2,No,N/A
D02178,PAY02178,O02178,Standard,Delivered,3,Cash On Delivery,Pending,4,6,Yes,Wrong Item
D02179,PAY02179,O02179,Same Day,In Transit,5,Credit Card,Refunded,1,1,Yes,N/A
D02180,PAY02180,O02180,Express,In Transit,1,Apple Pay,Paid,5,1,No,Wrong Item
D02181,PAY02181,O02181,Standard,In Transit,9,Debit Card,Pending,3,6,Yes,Wrong Item
D02182,PAY02182,O02182,Standard,Returned,9,Debit Card,Paid,3,9,No,Damaged
D02183,PAY02183,O02183,Express,Delivered,3,Mada,Pending,3,10,No,Damaged
D02184,PAY02184,O02184,Express,Returned,3,STC Pay,Refunded,5,10,Yes,N/A
D02185,PAY02185,O02185,Same Day,In Transit,3,STC Pay,Pending,1,4,Yes,N/A
D02186,PAY02186,O02186,Express,Delivered,9,Debit Card,Pending,3,6,Yes,Wrong Item
D02187,PAY02187,O02187,Standard,Returned,7,Debit Card,Refunded,2,6,No,Damaged
D02188,PAY02188,O02188,Same Day,Returned,4,Debit Card,Pending,2,5,No,N/A
D02189,PAY02189,O02189,Express,Delivered,3,Credit Card,Pending,4,2,No,N/A
D02190,PAY02190,O02190,Standard,Delivered,10,Apple Pay,Refunded,2,1,Yes,Damaged
D02191,PAY02191,O02191,Standard,In Transit,6,Cash On Delivery,Pending,3,10,No,Late Delivery
D02192,PAY02192,O02192,Standard,In Transit,2,Mada,Paid,4,5,No,Wrong Item
D02193,PAY02193,O02193,Standard,Returned,6,STC Pay,Refunded,5,7,No,Late Delivery
D02194,PAY02194,O02194,Express,Delivered,1,Apple Pay,Paid,4,1,Yes,N/A
D02195,PAY02195,O02195,Standard,Returned,5,STC Pay,Pending,5,1,No,Late Delivery
D02196,PAY02196,O02196,Standard,Delivered,3,Debit Card,Pending,1,1,Yes,Damaged
D02197,PAY02197,O02197,Same Day,Returned,6,Credit Card,Pending,5,9,Yes,Wrong Item
D02198,PAY02198,O02198,Express,Delivered,9,Cash On Delivery,Pending,1,6,No,Damaged
D02199,PAY02199,O02199,Express,Returned,5,Mada,Pending,1,10,No,Damaged
D02200,PAY02200,O02200,Standard,Delivered,8,Mada,Pending,3,8,Yes,Damaged
D02201,PAY02201,O02201,Same Day,In Transit,9,Cash On Delivery,Paid,3,6,No,N/A
D02202,PAY02202,O02202,Express,Returned,5,Cash On Delivery,Pending,3,5,Yes,Damaged
D02203,PAY02203,O02203,Express,Delivered,10,Credit Card,Paid,5,4,Yes,N/A
D02204,PAY02204,O02204,Standard,Delivered,10,Credit Card,Paid,5,8,No,N/A
D02205,PAY02205,O02205,Standard,In Transit,5,Mada,Pending,1,6,Yes,Late Delivery
D02206,PAY02206,O02206,Express,Returned,9,Credit Card,Refunded,2,4,Yes,Late Delivery
D02207,PAY02207,O02207,Standard,Delivered,4,Cash On Delivery,Pending,3,9,No,Damaged
D02208,PAY02208,O02208,Standard,Returned,4,Mada,Pending,3,9,No,N/A
D02209,PAY02209,O02209,Same Day,Returned,3,Credit Card,Refunded,2,1,No,Late Delivery
D02210,PAY02210,O02210,Standard,Delivered,1,Mada,Paid,1,6,Yes,Wrong Item
D02211,PAY02211,O02211,Same Day,In Transit,2,Credit Card,Pending,1,5,Yes,N/A
D02212,PAY02212,O02212,Same Day,Returned,4,Apple Pay,Refunded,5,3,Yes,Damaged
D02213,PAY02213,O02213,Standard,Delivered,3,Cash On Delivery,Pending,3,5,Yes,Wrong Item
D02214,PAY02214,O02214,Standard,Delivered,6,Cash On Delivery,Pending,3,6,No,N/A
D02215,PAY02215,O02215,Same Day,In Transit,3,Mada,Refunded,1,5,Yes,Damaged
D02216,PAY02216,O02216,Express,Returned,4,Apple Pay,Paid,4,5,No,Late Delivery
D02217,PAY02217,O02217,Same Day,In Transit,6,Cash On Delivery,Refunded,2,6,No,Damaged
D02218,PAY02218,O02218,Express,In Transit,10,Mada,Paid,1,1,No,Wrong Item
D02219,PAY02219,O02219,Express,Delivered,7,Cash On Delivery,Pending,1,10,No,Damaged
D02220,PAY02220,O02220,Same Day,Delivered,7,STC Pay,Refunded,1,1,No,Damaged
D02221,PAY02221,O02221,Same Day,Delivered,4,Cash On Delivery,Pending,5,1,Yes,Damaged
D02222,PAY02222,O02222,Express,Returned,9,Mada,Refunded,1,1,Yes,N/A
D02223,PAY02223,O02223,Standard,Delivered,8,Debit Card,Pending,3,2,Yes,Wrong Item
D02224,PAY02224,O02224,Express,In Transit,5,Credit Card,Paid,1,7,Yes,Wrong Item
D02225,PAY02225,O02225,Standard,In Transit,4,Apple Pay,Refunded,1,6,No,Damaged
D02226,PAY02226,O02226,Express,Delivered,9,STC Pay,Refunded,4,9,No,Wrong Item
D02227,PAY02227,O02227,Same Day,In Transit,4,Cash On Delivery,Refunded,5,10,Yes,Damaged
D02228,PAY02228,O02228,Express,Returned,4,Credit Card,Refunded,3,5,Yes,N/A
D02229,PAY02229,O02229,Express,Returned,1,Credit Card,Refunded,2,3,No,N/A
D02230,PAY02230,O02230,Standard,Returned,7,Cash On Delivery,Paid,4,10,No,N/A
D02231,PAY02231,O02231,Standard,Delivered,1,Cash On Delivery,Pending,1,6,No,N/A
D02232,PAY02232,O02232,Express,Returned,7,Apple Pay,Pending,2,7,No,Wrong Item
D02233,PAY02233,O02233,Express,Returned,9,Cash On Delivery,Paid,1,8,Yes,Late Delivery
D02234,PAY02234,O02234,Same Day,Returned,4,Debit Card,Paid,5,10,Yes,Damaged
D02235,PAY02235,O02235,Standard,Delivered,4,Mada,Pending,1,2,No,N/A
D02236,PAY02236,O02236,Express,Returned,6,Mada,Pending,5,1,Yes,Wrong Item
D02237,PAY02237,O02237,Express,In Transit,2,STC Pay,Paid,3,3,No,N/A
D02238,PAY02238,O02238,Express,Delivered,8,Credit Card,Paid,3,7,Yes,Late Delivery
D02239,PAY02239,O02239,Same Day,In Transit,2,Apple Pay,Pending,3,4,No,N/A
D02240,PAY02240,O02240,Express,Returned,4,STC Pay,Paid,1,5,Yes,Late Delivery
D02241,PAY02241,O02241,Same Day,In Transit,8,Apple Pay,Paid,5,6,No,N/A
D02242,PAY02242,O02242,Express,In Transit,1,STC Pay,Refunded,2,9,Yes,Wrong Item
D02243,PAY02243,O02243,Standard,Returned,3,Debit Card,Pending,2,3,Yes,Damaged
D02244,PAY02244,O02244,Express,In Transit,3,Debit Card,Pending,5,4,Yes,Late Delivery
D02245,PAY02245,O02245,Same Day,In Transit,10,Credit Card,Paid,4,2,No,Late Delivery
D02246,PAY02246,O02246,Same Day,In Transit,4,Debit Card,Refunded,2,10,No,Wrong Item
D02247,PAY02247,O02247,Standard,In Transit,1,STC Pay,Paid,5,3,No,Late Delivery
D02248,PAY02248,O02248,Same Day,In Transit,5,Cash On Delivery,Refunded,4,6,No,Late Delivery
D02249,PAY02249,O02249,Express,Delivered,9,Apple Pay,Paid,4,7,Yes,N/A
D02250,PAY02250,O02250,Express,Delivered,10,STC Pay,Paid,4,7,Yes,Wrong Item
D02251,PAY02251,O02251,Same Day,Returned,2,Mada,Pending,3,1,Yes,N/A
D02252,PAY02252,O02252,Same Day,In Transit,1,STC Pay,Pending,5,10,Yes,Damaged
D02253,PAY02253,O02253,Standard,Delivered,8,Mada,Pending,2,1,No,N/A
D02254,PAY02254,O02254,Same Day,In Transit,2,Cash On Delivery,Refunded,4,7,No,Wrong Item
D02255,PAY02255,O02255,Express,Returned,4,STC Pay,Refunded,4,7,Yes,N/A
D02256,PAY02256,O02256,Standard,Returned,7,Mada,Pending,5,10,Yes,Wrong Item
D02257,PAY02257,O02257,Standard,Returned,5,Credit Card,Paid,2,7,No,N/A
D02258,PAY02258,O02258,Same Day,Returned,9,Cash On Delivery,Refunded,5,10,Yes,Late Delivery
D02259,PAY02259,O02259,Same Day,Returned,4,Debit Card,Refunded,5,3,Yes,Late Delivery
D02260,PAY02260,O02260,Same Day,In Transit,4,STC Pay,Paid,5,8,Yes,Late Delivery
D02261,PAY02261,O02261,Express,Delivered,9,Credit Card,Pending,4,2,No,Wrong Item
D02262,PAY02262,O02262,Same Day,Returned,1,STC Pay,Refunded,4,9,No,N/A
D02263,PAY02263,O02263,Express,Returned,4,STC Pay,Refunded,3,2,No,Damaged
D02264,PAY02264,O02264,Express,Delivered,10,Mada,Paid,2,7,No,N/A
D02265,PAY02265,O02265,Express,Returned,5,Cash On Delivery,Paid,5,3,Yes,Damaged
D02266,PAY02266,O02266,Standard,Delivered,4,Credit Card,Refunded,5,8,Yes,Wrong Item
D02267,PAY02267,O02267,Express,In Transit,6,Credit Card,Pending,5,5,No,Damaged
D02268,PAY02268,O02268,Express,In Transit,10,STC Pay,Refunded,1,9,No,N/A
D02269,PAY02269,O02269,Same Day,Delivered,5,Mada,Pending,3,2,No,Wrong Item
D02270,PAY02270,O02270,Express,Returned,8,Mada,Paid,5,3,Yes,N/A
D02271,PAY02271,O02271,Standard,In Transit,4,Mada,Paid,2,9,Yes,Late Delivery
D02272,PAY02272,O02272,Same Day,Delivered,10,Credit Card,Pending,4,6,Yes,N/A
D02273,PAY02273,O02273,Express,In Transit,6,Cash On Delivery,Pending,4,4,Yes,Damaged
D02274,PAY02274,O02274,Express,Returned,8,Mada,Pending,5,4,Yes,N/A
D02275,PAY02275,O02275,Standard,Returned,9,Credit Card,Pending,2,4,No,Damaged
D02276,PAY02276,O02276,Same Day,In Transit,6,Cash On Delivery,Paid,4,4,No,N/A
D02277,PAY02277,O02277,Same Day,Returned,6,Mada,Refunded,4,4,Yes,Late Delivery
D02278,PAY02278,O02278,Same Day,Returned,5,Credit Card,Pending,2,2,No,Late Delivery
D02279,PAY02279,O02279,Standard,In Transit,1,Cash On Delivery,Pending,1,7,Yes,Wrong Item
D02280,PAY02280,O02280,Express,Delivered,2,Credit Card,Paid,2,1,Yes,Damaged
D02281,PAY02281,O02281,Same Day,Returned,6,Cash On Delivery,Pending,2,3,Yes,N/A
D02282,PAY02282,O02282,Standard,Returned,2,Apple Pay,Refunded,3,9,No,N/A
D02283,PAY02283,O02283,Same Day,Delivered,5,Cash On Delivery,Refunded,3,10,Yes,Damaged
D02284,PAY02284,O02284,Standard,Delivered,7,Mada,Refunded,5,5,Yes,Late Delivery
D02285,PAY02285,O02285,Express,Returned,2,Apple Pay,Refunded,5,6,No,Damaged
D02286,PAY02286,O02286,Same Day,Returned,7,Credit Card,Refunded,3,3,Yes,Wrong Item
D02287,PAY02287,O02287,Standard,Returned,10,Debit Card,Refunded,4,8,No,Damaged
D02288,PAY02288,O02288,Express,Delivered,2,Debit Card,Refunded,3,9,No,Late Delivery
D02289,PAY02289,O02289,Standard,Returned,2,Apple Pay,Pending,3,3,Yes,N/A
D02290,PAY02290,O02290,Standard,Returned,5,Apple Pay,Pending,4,6,Yes,Damaged
D02291,PAY02291,O02291,Same Day,In Transit,3,STC Pay,Refunded,2,4,Yes,N/A
D02292,PAY02292,O02292,Express,Returned,8,STC Pay,Paid,3,6,No,Late Delivery
D02293,PAY02293,O02293,Express,Delivered,7,Cash On Delivery,Paid,1,8,Yes,Late Delivery
D02294,PAY02294,O02294,Same Day,In Transit,7,Mada,Pending,3,2,No,Late Delivery
D02295,PAY02295,O02295,Standard,Returned,2,Credit Card,Pending,2,1,No,Wrong Item
D02296,PAY02296,O02296,Same Day,In Transit,8,STC Pay,Paid,1,5,No,N/A
D02297,PAY02297,O02297,Express,In Transit,5,Apple Pay,Paid,2,9,No,N/A
D02298,PAY02298,O02298,Same Day,In Transit,8,STC Pay,Paid,4,9,Yes,N/A
D02299,PAY02299,O02299,Express,In Transit,5,Apple Pay,Refunded,1,7,No,Late Delivery
D02300,PAY02300,O02300,Express,Returned,1,Mada,Pending,5,7,No,Damaged
D02301,PAY02301,O02301,Standard,Delivered,3,Mada,Paid,5,6,No,Wrong Item
D02302,PAY02302,O02302,Standard,In Transit,8,STC Pay,Paid,3,7,Yes,Damaged
D02303,PAY02303,O02303,Express,Returned,5,STC Pay,Refunded,3,1,Yes,Wrong Item
D02304,PAY02304,O02304,Standard,In Transit,10,STC Pay,Refunded,1,9,No,N/A
D02305,PAY02305,O02305,Standard,Delivered,3,STC Pay,Refunded,1,3,No,Damaged
D02306,PAY02306,O02306,Standard,Delivered,10,Debit Card,Paid,5,3,Yes,Late Delivery
D02307,PAY02307,O02307,Same Day,Returned,6,Cash On Delivery,Pending,3,2,No,Damaged
D02308,PAY02308,O02308,Express,Returned,10,Credit Card,Refunded,2,9,No,N/A
D02309,PAY02309,O02309,Same Day,In Transit,2,Credit Card,Paid,1,7,Yes,N/A
D02310,PAY02310,O02310,Same Day,In Transit,4,Cash On Delivery,Refunded,2,9,No,Wrong Item
D02311,PAY02311,O02311,Standard,Delivered,2,Cash On Delivery,Paid,2,1,No,N/A
D02312,PAY02312,O02312,Express,In Transit,3,Credit Card,Pending,2,8,Yes,Damaged
D02313,PAY02313,O02313,Standard,Delivered,8,Mada,Pending,4,2,No,N/A
D02314,PAY02314,O02314,Same Day,Delivered,8,STC Pay,Paid,1,9,Yes,Wrong Item
D02315,PAY02315,O02315,Same Day,Delivered,7,Debit Card,Paid,2,9,No,Damaged
D02316,PAY02316,O02316,Standard,In Transit,1,Cash On Delivery,Refunded,1,3,Yes,Damaged
D02317,PAY02317,O02317,Same Day,Returned,7,Mada,Paid,4,6,Yes,Damaged
D02318,PAY02318,O02318,Same Day,Delivered,5,Apple Pay,Pending,5,3,No,N/A
D02319,PAY02319,O02319,Standard,In Transit,6,STC Pay,Pending,4,3,No,Wrong Item
D02320,PAY02320,O02320,Same Day,In Transit,4,Mada,Refunded,1,7,Yes,Late Delivery
D02321,PAY02321,O02321,Same Day,In Transit,5,STC Pay,Pending,4,3,Yes,Wrong Item
D02322,PAY02322,O02322,Express,Delivered,4,STC Pay,Pending,4,5,No,Wrong Item
D02323,PAY02323,O02323,Express,Delivered,3,Mada,Pending,5,7,No,N/A
D02324,PAY02324,O02324,Same Day,Returned,6,Apple Pay,Pending,2,8,Yes,Late Delivery
D02325,PAY02325,O02325,Standard,In Transit,6,Mada,Refunded,1,5,No,Wrong Item
D02326,PAY02326,O02326,Standard,Delivered,5,Credit Card,Pending,1,2,Yes,Wrong Item
D02327,PAY02327,O02327,Standard,Returned,10,STC Pay,Paid,4,1,No,N/A
D02328,PAY02328,O02328,Standard,In Transit,6,Debit Card,Pending,3,8,No,N/A
D02329,PAY02329,O02329,Standard,Delivered,6,STC Pay,Refunded,4,9,No,N/A
D02330,PAY02330,O02330,Standard,In Transit,1,Apple Pay,Refunded,4,10,Yes,Wrong Item
D02331,PAY02331,O02331,Standard,In Transit,2,Credit Card,Refunded,3,5,No,Damaged
D02332,PAY02332,O02332,Express,Returned,8,Credit Card,Paid,3,3,No,Late Delivery
D02333,PAY02333,O02333,Same Day,Delivered,7,Debit Card,Paid,5,1,Yes,Damaged
D02334,PAY02334,O02334,Standard,In Transit,3,Mada,Paid,3,3,No,Late Delivery
D02335,PAY02335,O02335,Express,Delivered,4,Credit Card,Refunded,2,7,No,Wrong Item
D02336,PAY02336,O02336,Standard,Returned,9,Debit Card,Paid,5,3,Yes,Damaged
D02337,PAY02337,O02337,Standard,Delivered,10,Apple Pay,Refunded,2,7,No,Damaged
D02338,PAY02338,O02338,Same Day,Returned,4,Mada,Paid,5,8,No,Wrong Item
D02339,PAY02339,O02339,Standard,Returned,9,Mada,Paid,5,3,Yes,Wrong Item
D02340,PAY02340,O02340,Same Day,Returned,2,Debit Card,Pending,5,1,No,Damaged
D02341,PAY02341,O02341,Standard,Returned,8,STC Pay,Refunded,2,10,No,N/A
D02342,PAY02342,O02342,Same Day,Returned,2,Mada,Pending,3,1,Yes,Damaged
D02343,PAY02343,O02343,Standard,In Transit,3,Apple Pay,Refunded,2,9,Yes,N/A
D02344,PAY02344,O02344,Express,Delivered,8,Apple Pay,Refunded,5,10,No,Wrong Item
D02345,PAY02345,O02345,Standard,Delivered,2,Credit Card,Pending,3,10,Yes,Late Delivery
D02346,PAY02346,O02346,Standard,Delivered,7,Cash On Delivery,Paid,1,10,Yes,Damaged
D02347,PAY02347,O02347,Standard,Returned,8,Cash On Delivery,Pending,3,5,No,Damaged
D02348,PAY02348,O02348,Express,In Transit,4,Cash On Delivery,Pending,5,5,No,Late Delivery
D02349,PAY02349,O02349,Express,Delivered,1,Cash On Delivery,Refunded,4,7,No,Late Delivery
D02350,PAY02350,O02350,Standard,Returned,5,Credit Card,Refunded,3,10,No,Damaged
D02351,PAY02351,O02351,Express,In Transit,8,STC Pay,Refunded,5,7,No,Damaged
D02352,PAY02352,O02352,Same Day,Delivered,1,Mada,Pending,3,4,No,Wrong Item
D02353,PAY02353,O02353,Express,In Transit,9,Mada,Refunded,2,3,Yes,Wrong Item
D02354,PAY02354,O02354,Same Day,Delivered,1,Cash On Delivery,Paid,3,5,Yes,Late Delivery
D02355,PAY02355,O02355,Standard,In Transit,10,Debit Card,Pending,4,3,Yes,Wrong Item
D02356,PAY02356,O02356,Express,In Transit,5,Cash On Delivery,Paid,4,2,Yes,Damaged
D02357,PAY02357,O02357,Same Day,Delivered,6,Debit Card,Paid,2,3,No,Damaged
D02358,PAY02358,O02358,Express,In Transit,8,Apple Pay,Paid,1,6,No,Wrong Item
D02359,PAY02359,O02359,Standard,Returned,3,Debit Card,Pending,3,9,No,Damaged
D02360,PAY02360,O02360,Standard,Delivered,7,Apple Pay,Pending,5,7,Yes,Wrong Item
D02361,PAY02361,O02361,Express,In Transit,3,Cash On Delivery,Refunded,3,1,No,N/A
D02362,PAY02362,O02362,Standard,Delivered,8,STC Pay,Refunded,1,2,Yes,N/A
D02363,PAY02363,O02363,Same Day,In Transit,3,STC Pay,Paid,2,7,Yes,Damaged
D02364,PAY02364,O02364,Same Day,Delivered,4,Apple Pay,Refunded,4,9,No,Late Delivery
D02365,PAY02365,O02365,Same Day,Returned,5,Cash On Delivery,Refunded,2,9,Yes,N/A
D02366,PAY02366,O02366,Standard,Returned,1,Mada,Paid,1,1,No,Late Delivery
D02367,PAY02367,O02367,Standard,Delivered,3,Apple Pay,Paid,2,7,Yes,N/A
D02368,PAY02368,O02368,Express,Delivered,7,Apple Pay,Paid,3,5,No,Damaged
D02369,PAY02369,O02369,Same Day,In Transit,8,Apple Pay,Paid,4,9,No,N/A
D02370,PAY02370,O02370,Express,Delivered,6,Apple Pay,Refunded,2,8,Yes,Wrong Item
D02371,PAY02371,O02371,Same Day,In Transit,4,Credit Card,Pending,1,6,Yes,Damaged
D02372,PAY02372,O02372,Same Day,In Transit,4,Debit Card,Refunded,2,2,Yes,N/A
D02373,PAY02373,O02373,Same Day,In Transit,9,STC Pay,Paid,5,8,Yes,Late Delivery
D02374,PAY02374,O02374,Express,Delivered,10,Apple Pay,Refunded,1,1,No,N/A
D02375,PAY02375,O02375,Same Day,In Transit,2,Mada,Paid,5,6,No,Late Delivery
D02376,PAY02376,O02376,Express,In Transit,6,Apple Pay,Pending,1,8,Yes,Wrong Item
D02377,PAY02377,O02377,Standard,Returned,4,Debit Card,Paid,5,8,No,Wrong Item
D02378,PAY02378,O02378,Standard,Returned,8,Cash On Delivery,Refunded,5,7,Yes,Late Delivery
D02379,PAY02379,O02379,Express,Returned,7,Credit Card,Refunded,2,2,Yes,Damaged
D02380,PAY02380,O02380,Same Day,In Transit,3,Cash On Delivery,Paid,2,1,Yes,Wrong Item
D02381,PAY02381,O02381,Same Day,Delivered,1,Mada,Refunded,5,2,Yes,Late Delivery
D02382,PAY02382,O02382,Standard,Returned,10,Cash On Delivery,Pending,1,9,Yes,Late Delivery
D02383,PAY02383,O02383,Standard,Returned,1,Cash On Delivery,Paid,1,9,No,N/A
D02384,PAY02384,O02384,Express,Delivered,3,Apple Pay,Paid,5,3,Yes,Damaged
D02385,PAY02385,O02385,Standard,Delivered,6,Apple Pay,Refunded,2,5,Yes,N/A
D02386,PAY02386,O02386,Same Day,Delivered,7,Debit Card,Paid,4,1,No,N/A
D02387,PAY02387,O02387,Standard,In Transit,9,Credit Card,Refunded,4,4,No,Damaged
D02388,PAY02388,O02388,Express,Returned,9,Mada,Paid,2,10,No,N/A
D02389,PAY02389,O02389,Express,Delivered,1,Debit Card,Refunded,4,8,Yes,Damaged
D02390,PAY02390,O02390,Standard,Delivered,3,Apple Pay,Refunded,5,8,No,Late Delivery
D02391,PAY02391,O02391,Standard,In Transit,3,Apple Pay,Paid,2,10,No,N/A
D02392,PAY02392,O02392,Same Day,Delivered,7,Apple Pay,Pending,4,6,Yes,Wrong Item
D02393,PAY02393,O02393,Standard,In Transit,9,Debit Card,Paid,4,6,Yes,N/A
D02394,PAY02394,O02394,Standard,Returned,7,STC Pay,Pending,4,6,No,N/A
D02395,PAY02395,O02395,Standard,Returned,10,Cash On Delivery,Paid,3,10,Yes,N/A
D02396,PAY02396,O02396,Same Day,Returned,5,STC Pay,Pending,3,6,No,Damaged
D02397,PAY02397,O02397,Express,Returned,3,Cash On Delivery,Refunded,5,1,No,Damaged
D02398,PAY02398,O02398,Same Day,In Transit,5,Debit Card,Refunded,1,1,Yes,Damaged
D02399,PAY02399,O02399,Same Day,Returned,5,Cash On Delivery,Paid,4,7,No,Damaged
D02400,PAY02400,O02400,Standard,Delivered,1,Apple Pay,Paid,3,7,Yes,N/A
D02401,PAY02401,O02401,Standard,Delivered,2,STC Pay,Paid,3,6,No,N/A
D02402,PAY02402,O02402,Standard,Returned,9,STC Pay,Refunded,3,8,Yes,N/A
D02403,PAY02403,O02403,Standard,Delivered,1,Debit Card,Paid,2,5,No,Damaged
D02404,PAY02404,O02404,Same Day,Returned,3,Credit Card,Paid,4,8,Yes,N/A
D02405,PAY02405,O02405,Same Day,Returned,7,STC Pay,Paid,4,6,No,Late Delivery
D02406,PAY02406,O02406,Standard,In Transit,3,Apple Pay,Pending,1,5,Yes,Late Delivery
D02407,PAY02407,O02407,Same Day,Delivered,3,Debit Card,Refunded,2,1,No,Wrong Item
D02408,PAY02408,O02408,Same Day,In Transit,4,Mada,Pending,3,2,No,Damaged
D02409,PAY02409,O02409,Same Day,In Transit,9,Apple Pay,Paid,5,7,Yes,Wrong Item
D02410,PAY02410,O02410,Express,Delivered,3,Mada,Refunded,2,4,No,N/A
D02411,PAY02411,O02411,Same Day,Returned,9,Cash On Delivery,Paid,4,5,Yes,Damaged
D02412,PAY02412,O02412,Express,In Transit,4,Debit Card,Refunded,3,10,No,Damaged
D02413,PAY02413,O02413,Standard,Delivered,3,Apple Pay,Paid,4,9,No,Late Delivery
D02414,PAY02414,O02414,Same Day,In Transit,6,Cash On Delivery,Refunded,4,1,No,Wrong Item
D02415,PAY02415,O02415,Same Day,Delivered,4,Cash On Delivery,Paid,5,5,No,Wrong Item
D02416,PAY02416,O02416,Same Day,In Transit,2,STC Pay,Pending,2,4,No,Damaged
D02417,PAY02417,O02417,Express,Delivered,1,Mada,Paid,5,10,No,Late Delivery
D02418,PAY02418,O02418,Express,Returned,4,Apple Pay,Pending,3,10,No,Wrong Item
D02419,PAY02419,O02419,Express,Delivered,7,STC Pay,Pending,3,6,Yes,Damaged
D02420,PAY02420,O02420,Express,Delivered,9,Mada,Paid,1,1,No,Late Delivery
D02421,PAY02421,O02421,Express,Delivered,5,Credit Card,Pending,4,9,No,N/A
D02422,PAY02422,O02422,Express,Returned,2,Credit Card,Pending,1,9,Yes,Damaged
D02423,PAY02423,O02423,Standard,In Transit,5,Mada,Refunded,5,8,Yes,Wrong Item
D02424,PAY02424,O02424,Same Day,Delivered,4,Cash On Delivery,Pending,5,9,Yes,Wrong Item
D02425,PAY02425,O02425,Express,Returned,10,STC Pay,Refunded,5,2,No,Wrong Item
D02426,PAY02426,O02426,Same Day,Delivered,3,Cash On Delivery,Pending,3,7,Yes,Late Delivery
D02427,PAY02427,O02427,Express,In Transit,4,Apple Pay,Paid,3,6,No,Late Delivery
D02428,PAY02428,O02428,Standard,Returned,2,Cash On Delivery,Refunded,4,3,Yes,N/A
D02429,PAY02429,O02429,Standard,In Transit,7,STC Pay,Paid,5,8,Yes,Wrong Item
D02430,PAY02430,O02430,Express,In Transit,7,Mada,Refunded,5,10,No,Damaged
D02431,PAY02431,O02431,Standard,Returned,2,Cash On Delivery,Pending,3,3,No,Late Delivery
D02432,PAY02432,O02432,Standard,In Transit,1,STC Pay,Refunded,1,1,Yes,Damaged
D02433,PAY02433,O02433,Express,Returned,3,Mada,Paid,3,4,Yes,N/A
D02434,PAY02434,O02434,Standard,In Transit,7,Credit Card,Pending,5,2,Yes,Wrong Item
D02435,PAY02435,O02435,Same Day,In Transit,10,Credit Card,Pending,1,4,Yes,Late Delivery
D02436,PAY02436,O02436,Same Day,Returned,10,Apple Pay,Paid,3,4,Yes,N/A
D02437,PAY02437,O02437,Same Day,In Transit,7,Credit Card,Refunded,3,10,Yes,Wrong Item
D02438,PAY02438,O02438,Standard,Returned,3,STC Pay,Paid,4,4,Yes,Damaged
D02439,PAY02439,O02439,Express,Delivered,2,Credit Card,Pending,4,10,No,Late Delivery
D02440,PAY02440,O02440,Same Day,Returned,1,Cash On Delivery,Pending,4,3,Yes,Wrong Item
D02441,PAY02441,O02441,Same Day,Delivered,9,STC Pay,Pending,1,10,No,Wrong Item
D02442,PAY02442,O02442,Standard,In Transit,9,STC Pay,Paid,2,6,Yes,Wrong Item
D02443,PAY02443,O02443,Same Day,In Transit,7,STC Pay,Pending,3,10,Yes,Wrong Item
D02444,PAY02444,O02444,Standard,Returned,6,Debit Card,Pending,1,4,Yes,Wrong Item
D02445,PAY02445,O02445,Express,Returned,10,Debit Card,Paid,4,5,No,Wrong Item
D02446,PAY02446,O02446,Standard,In Transit,4,Debit Card,Refunded,5,7,No,Damaged
D02447,PAY02447,O02447,Express,Returned,4,Mada,Pending,2,1,Yes,Late Delivery
D02448,PAY02448,O02448,Same Day,Delivered,2,Debit Card,Pending,2,4,Yes,Late Delivery
D02449,PAY02449,O02449,Standard,Returned,6,Mada,Pending,4,9,Yes,Wrong Item
D02450,PAY02450,O02450,Express,Returned,6,Cash On Delivery,Refunded,4,1,No,Late Delivery
D02451,PAY02451,O02451,Same Day,Returned,5,Apple Pay,Refunded,3,3,Yes,N/A
D02452,PAY02452,O02452,Standard,Returned,4,Apple Pay,Refunded,2,10,Yes,Late Delivery
D02453,PAY02453,O02453,Standard,In Transit,1,Cash On Delivery,Pending,1,3,No,N/A
D02454,PAY02454,O02454,Express,Delivered,4,Apple Pay,Paid,3,7,No,Wrong Item
D02455,PAY02455,O02455,Express,Returned,10,Credit Card,Pending,2,8,No,Late Delivery
D02456,PAY02456,O02456,Express,Delivered,7,Credit Card,Paid,2,10,Yes,Damaged
D02457,PAY02457,O02457,Standard,Delivered,10,Credit Card,Refunded,2,2,No,Damaged
D02458,PAY02458,O02458,Express,Delivered,4,Apple Pay,Refunded,3,10,No,N/A
D02459,PAY02459,O02459,Same Day,Delivered,3,Credit Card,Refunded,2,8,Yes,Damaged
D02460,PAY02460,O02460,Standard,In Transit,9,Mada,Paid,1,8,No,Wrong Item
D02461,PAY02461,O02461,Express,Returned,3,Mada,Paid,5,1,No,Wrong Item
D02462,PAY02462,O02462,Same Day,In Transit,8,Mada,Pending,1,3,Yes,Damaged
D02463,PAY02463,O02463,Standard,Delivered,4,Debit Card,Refunded,4,8,No,Damaged
D02464,PAY02464,O02464,Same Day,In Transit,6,STC Pay,Paid,5,5,No,N/A
D02465,PAY02465,O02465,Standard,In Transit,4,Cash On Delivery,Pending,4,8,Yes,Late Delivery
D02466,PAY02466,O02466,Same Day,In Transit,5,Credit Card,Paid,3,7,Yes,Late Delivery
D02467,PAY02467,O02467,Standard,Returned,1,Apple Pay,Paid,1,3,No,Wrong Item
D02468,PAY02468,O02468,Same Day,In Transit,1,Cash On Delivery,Paid,1,6,Yes,N/A
D02469,PAY02469,O02469,Standard,Returned,4,Mada,Refunded,4,6,Yes,Late Delivery
D02470,PAY02470,O02470,Same Day,Returned,4,Debit Card,Paid,4,7,No,Damaged
D02471,PAY02471,O02471,Same Day,In Transit,9,Apple Pay,Paid,1,7,Yes,Wrong Item
D02472,PAY02472,O02472,Same Day,In Transit,4,Apple Pay,Refunded,5,9,No,Wrong Item
D02473,PAY02473,O02473,Standard,Returned,7,Apple Pay,Pending,2,9,No,N/A
D02474,PAY02474,O02474,Standard,In Transit,2,Credit Card,Paid,1,7,Yes,Wrong Item
D02475,PAY02475,O02475,Same Day,In Transit,8,Mada,Refunded,2,5,No,Wrong Item
D02476,PAY02476,O02476,Standard,Returned,1,Mada,Pending,4,8,Yes,Late Delivery
D02477,PAY02477,O02477,Same Day,Returned,8,Debit Card,Pending,3,2,Yes,N/A
D02478,PAY02478,O02478,Express,In Transit,10,Cash On Delivery,Refunded,2,9,Yes,Wrong Item
D02479,PAY02479,O02479,Same Day,Delivered,9,Debit Card,Pending,3,4,No,Wrong Item
D02480,PAY02480,O02480,Same Day,In Transit,5,Apple Pay,Paid,4,2,No,Damaged
D02481,PAY02481,O02481,Same Day,In Transit,6,Cash On Delivery,Paid,2,2,No,Damaged
D02482,PAY02482,O02482,Same Day,In Transit,3,Debit Card,Pending,3,5,Yes,N/A
D02483,PAY02483,O02483,Express,Returned,5,STC Pay,Refunded,1,9,No,N/A
D02484,PAY02484,O02484,Same Day,Returned,5,Credit Card,Refunded,3,2,No,Damaged
D02485,PAY02485,O02485,Same Day,Delivered,6,Cash On Delivery,Paid,5,4,Yes,Late Delivery
D02486,PAY02486,O02486,Same Day,Returned,1,Credit Card,Refunded,4,6,No,N/A
D02487,PAY02487,O02487,Standard,Delivered,2,Apple Pay,Refunded,5,4,Yes,N/A
D02488,PAY02488,O02488,Express,In Transit,2,Cash On Delivery,Pending,2,3,Yes,Late Delivery
D02489,PAY02489,O02489,Same Day,Delivered,5,Debit Card,Pending,2,2,No,Late Delivery
D02490,PAY02490,O02490,Same Day,Delivered,6,STC Pay,Refunded,3,3,Yes,Late Delivery
D02491,PAY02491,O02491,Standard,In Transit,8,Credit Card,Pending,1,4,Yes,N/A
D02492,PAY02492,O02492,Express,Returned,3,Credit Card,Paid,4,5,Yes,Damaged
D02493,PAY02493,O02493,Same Day,Delivered,3,Credit Card,Paid,4,7,No,N/A
D02494,PAY02494,O02494,Same Day,In Transit,5,Cash On Delivery,Refunded,1,8,No,N/A
D02495,PAY02495,O02495,Express,Delivered,10,Apple Pay,Pending,3,5,No,Wrong Item
D02496,PAY02496,O02496,Same Day,Delivered,1,Apple Pay,Paid,5,5,Yes,N/A
D02497,PAY02497,O02497,Standard,In Transit,8,Mada,Paid,1,9,Yes,Late Delivery
D02498,PAY02498,O02498,Same Day,In Transit,2,Apple Pay,Pending,5,6,No,Damaged
D02499,PAY02499,O02499,Same Day,In Transit,2,Credit Card,Refunded,2,6,Yes,N/A
D02500,PAY02500,O02500,Standard,Returned,3,Apple Pay,Refunded,4,6,Yes,Late Delivery
D02501,PAY02501,O02501,Express,Delivered,7,Credit Card,Pending,2,4,Yes,Damaged
D02502,PAY02502,O02502,Same Day,Returned,9,Mada,Paid,3,3,No,Wrong Item
D02503,PAY02503,O02503,Same Day,Delivered,3,Credit Card,Paid,3,2,Yes,N/A
D02504,PAY02504,O02504,Standard,Delivered,4,Cash On Delivery,Refunded,3,5,No,N/A
D02505,PAY02505,O02505,Standard,Delivered,3,Credit Card,Paid,3,7,No,N/A
D02506,PAY02506,O02506,Express,In Transit,7,Apple Pay,Refunded,1,9,Yes,N/A
D02507,PAY02507,O02507,Same Day,Returned,9,Debit Card,Refunded,4,1,Yes,Late Delivery
D02508,PAY02508,O02508,Same Day,Delivered,3,STC Pay,Refunded,3,4,No,N/A
D02509,PAY02509,O02509,Express,In Transit,6,STC Pay,Paid,4,4,Yes,N/A
D02510,PAY02510,O02510,Standard,Delivered,7,Credit Card,Refunded,1,5,No,Damaged
D02511,PAY02511,O02511,Express,Delivered,4,Credit Card,Pending,2,10,No,Damaged
D02512,PAY02512,O02512,Express,Delivered,1,Debit Card,Paid,3,9,Yes,Damaged
D02513,PAY02513,O02513,Standard,In Transit,5,Credit Card,Pending,3,3,Yes,Damaged
D02514,PAY02514,O02514,Express,In Transit,4,STC Pay,Refunded,4,8,No,Damaged
D02515,PAY02515,O02515,Same Day,Delivered,8,Apple Pay,Paid,4,3,Yes,Late Delivery
D02516,PAY02516,O02516,Express,In Transit,4,Cash On Delivery,Pending,5,3,Yes,Late Delivery
D02517,PAY02517,O02517,Express,Delivered,2,Cash On Delivery,Pending,1,4,Yes,N/A
D02518,PAY02518,O02518,Express,In Transit,2,Apple Pay,Paid,1,6,No,Wrong Item
D02519,PAY02519,O02519,Standard,In Transit,1,Mada,Pending,1,4,No,Wrong Item
D02520,PAY02520,O02520,Standard,Returned,10,STC Pay,Refunded,2,7,No,Wrong Item
D02521,PAY02521,O02521,Express,Delivered,1,Credit Card,Paid,2,6,Yes,Damaged
D02522,PAY02522,O02522,Standard,Returned,6,Cash On Delivery,Refunded,5,10,No,Damaged
D02523,PAY02523,O02523,Express,In Transit,8,Mada,Pending,2,7,No,Late Delivery
D02524,PAY02524,O02524,Standard,Returned,1,Apple Pay,Paid,3,8,No,N/A
D02525,PAY02525,O02525,Standard,Returned,7,Debit Card,Pending,5,10,No,N/A
D02526,PAY02526,O02526,Same Day,Returned,7,Mada,Refunded,4,8,Yes,Damaged
D02527,PAY02527,O02527,Same Day,In Transit,7,Cash On Delivery,Paid,1,5,No,N/A
D02528,PAY02528,O02528,Standard,Returned,3,Credit Card,Pending,3,3,No,Wrong Item
D02529,PAY02529,O02529,Same Day,Delivered,10,Cash On Delivery,Pending,4,7,No,N/A
D02530,PAY02530,O02530,Express,Returned,6,Debit Card,Pending,3,1,Yes,Wrong Item
D02531,PAY02531,O02531,Express,In Transit,10,Debit Card,Refunded,3,5,Yes,Late Delivery
D02532,PAY02532,O02532,Standard,Delivered,10,Cash On Delivery,Paid,5,8,Yes,Late Delivery
D02533,PAY02533,O02533,Standard,In Transit,2,Cash On Delivery,Pending,1,7,Yes,Late Delivery
D02534,PAY02534,O02534,Standard,In Transit,8,Debit Card,Refunded,4,3,Yes,N/A
D02535,PAY02535,O02535,Same Day,Delivered,7,Debit Card,Pending,2,5,No,Wrong Item
D02536,PAY02536,O02536,Same Day,Returned,3,Mada,Paid,3,4,No,Wrong Item
D02537,PAY02537,O02537,Express,Delivered,4,Debit Card,Paid,5,5,No,Late Delivery
D02538,PAY02538,O02538,Same Day,Delivered,7,Mada,Pending,1,2,No,Late Delivery
D02539,PAY02539,O02539,Same Day,In Transit,3,Mada,Pending,2,10,No,Damaged
D02540,PAY02540,O02540,Standard,Returned,10,Mada,Refunded,3,8,Yes,Damaged
D02541,PAY02541,O02541,Same Day,In Transit,8,Credit Card,Refunded,2,4,Yes,Late Delivery
D02542,PAY02542,O02542,Standard,Delivered,5,Credit Card,Pending,4,7,No,Wrong Item
D02543,PAY02543,O02543,Express,Delivered,10,Mada,Refunded,1,6,No,Wrong Item
D02544,PAY02544,O02544,Standard,Returned,1,Mada,Paid,5,8,Yes,Damaged
D02545,PAY02545,O02545,Express,Returned,7,Cash On Delivery,Refunded,5,3,No,Damaged
D02546,PAY02546,O02546,Same Day,In Transit,1,Debit Card,Paid,3,7,Yes,Wrong Item
D02547,PAY02547,O02547,Same Day,Returned,6,STC Pay,Refunded,2,4,No,Late Delivery
D02548,PAY02548,O02548,Express,Returned,10,Debit Card,Paid,4,2,Yes,N/A
D02549,PAY02549,O02549,Standard,Returned,8,Cash On Delivery,Refunded,2,4,Yes,Damaged
D02550,PAY02550,O02550,Standard,Returned,1,STC Pay,Pending,5,2,Yes,Wrong Item
D02551,PAY02551,O02551,Standard,Delivered,8,Cash On Delivery,Pending,3,2,Yes,Wrong Item
D02552,PAY02552,O02552,Same Day,In Transit,2,Mada,Paid,5,7,Yes,Late Delivery
D02553,PAY02553,O02553,Standard,Returned,10,Apple Pay,Refunded,1,3,No,Late Delivery
D02554,PAY02554,O02554,Same Day,In Transit,4,Credit Card,Pending,3,7,Yes,Damaged
D02555,PAY02555,O02555,Standard,In Transit,2,Apple Pay,Refunded,3,3,No,Late Delivery
D02556,PAY02556,O02556,Standard,Delivered,2,Debit Card,Pending,3,3,Yes,Damaged
D02557,PAY02557,O02557,Express,In Transit,2,Mada,Paid,3,8,No,Late Delivery
D02558,PAY02558,O02558,Express,Delivered,5,Debit Card,Pending,5,7,No,Damaged
D02559,PAY02559,O02559,Standard,Delivered,5,Mada,Pending,2,5,Yes,Damaged
D02560,PAY02560,O02560,Same Day,In Transit,1,STC Pay,Refunded,5,8,Yes,Damaged
D02561,PAY02561,O02561,Standard,In Transit,9,Mada,Pending,1,2,Yes,Late Delivery
D02562,PAY02562,O02562,Standard,In Transit,2,Credit Card,Refunded,4,10,No,Wrong Item
D02563,PAY02563,O02563,Express,In Transit,4,Apple Pay,Pending,1,1,No,Late Delivery
D02564,PAY02564,O02564,Express,Delivered,8,Cash On Delivery,Pending,5,10,No,Damaged
D02565,PAY02565,O02565,Express,In Transit,4,STC Pay,Paid,1,5,No,N/A
D02566,PAY02566,O02566,Express,In Transit,7,Apple Pay,Pending,3,7,Yes,Wrong Item
D02567,PAY02567,O02567,Express,Delivered,9,Cash On Delivery,Pending,2,1,No,Late Delivery
D02568,PAY02568,O02568,Express,Delivered,1,Cash On Delivery,Pending,4,4,No,Damaged
D02569,PAY02569,O02569,Same Day,Delivered,1,Debit Card,Paid,4,7,No,N/A
D02570,PAY02570,O02570,Same Day,Returned,1,Apple Pay,Paid,3,8,Yes,Damaged
D02571,PAY02571,O02571,Standard,In Transit,1,Credit Card,Pending,2,8,Yes,N/A
D02572,PAY02572,O02572,Standard,Returned,4,Debit Card,Paid,3,6,Yes,N/A
D02573,PAY02573,O02573,Express,In Transit,10,Debit Card,Pending,1,10,No,Damaged
D02574,PAY02574,O02574,Standard,Delivered,6,Cash On Delivery,Refunded,3,9,Yes,Wrong Item
D02575,PAY02575,O02575,Same Day,In Transit,4,Credit Card,Refunded,2,3,Yes,Wrong Item
D02576,PAY02576,O02576,Express,Delivered,3,Debit Card,Refunded,5,10,No,Late Delivery
D02577,PAY02577,O02577,Standard,Delivered,7,Credit Card,Pending,1,9,Yes,Wrong Item
D02578,PAY02578,O02578,Same Day,Delivered,2,Apple Pay,Paid,1,9,Yes,Late Delivery
D02579,PAY02579,O02579,Standard,Delivered,1,Cash On Delivery,Refunded,5,10,Yes,Wrong Item
D02580,PAY02580,O02580,Standard,Delivered,10,Cash On Delivery,Refunded,1,1,No,N/A
D02581,PAY02581,O02581,Same Day,Returned,1,Credit Card,Refunded,3,9,Yes,Wrong Item
D02582,PAY02582,O02582,Standard,Returned,10,Debit Card,Pending,4,7,No,N/A
D02583,PAY02583,O02583,Same Day,Delivered,4,Mada,Refunded,3,1,Yes,Late Delivery
D02584,PAY02584,O02584,Standard,Delivered,7,Credit Card,Pending,3,5,Yes,Wrong Item
D02585,PAY02585,O02585,Standard,Delivered,10,Apple Pay,Pending,1,1,No,N/A
D02586,PAY02586,O02586,Standard,Returned,2,Mada,Pending,1,9,Yes,Damaged
D02587,PAY02587,O02587,Standard,Returned,2,Debit Card,Pending,1,8,Yes,Late Delivery
D02588,PAY02588,O02588,Same Day,In Transit,7,Debit Card,Pending,2,2,Yes,Damaged
D02589,PAY02589,O02589,Standard,Returned,10,Cash On Delivery,Refunded,4,9,Yes,Wrong Item
D02590,PAY02590,O02590,Standard,In Transit,3,Debit Card,Paid,3,10,No,Late Delivery
D02591,PAY02591,O02591,Standard,Delivered,5,Cash On Delivery,Paid,3,4,No,N/A
D02592,PAY02592,O02592,Same Day,Returned,1,Mada,Pending,3,2,No,N/A
D02593,PAY02593,O02593,Same Day,In Transit,2,Apple Pay,Refunded,5,9,Yes,N/A
D02594,PAY02594,O02594,Standard,Delivered,5,Mada,Pending,3,1,Yes,Wrong Item
D02595,PAY02595,O02595,Same Day,In Transit,9,Debit Card,Pending,5,7,Yes,Damaged
D02596,PAY02596,O02596,Express,In Transit,7,Credit Card,Paid,5,1,No,Wrong Item
D02597,PAY02597,O02597,Standard,Returned,4,STC Pay,Paid,1,9,No,Late Delivery
D02598,PAY02598,O02598,Express,Delivered,3,Credit Card,Refunded,1,5,Yes,N/A
D02599,PAY02599,O02599,Same Day,Delivered,2,Mada,Refunded,1,1,No,Wrong Item
D02600,PAY02600,O02600,Same Day,Delivered,3,Apple Pay,Refunded,4,9,Yes,Damaged
D02601,PAY02601,O02601,Standard,In Transit,4,STC Pay,Paid,1,6,No,Late Delivery
D02602,PAY02602,O02602,Standard,Returned,9,Cash On Delivery,Pending,4,6,Yes,Wrong Item
D02603,PAY02603,O02603,Standard,Delivered,1,STC Pay,Paid,4,3,No,Late Delivery
D02604,PAY02604,O02604,Standard,In Transit,2,STC Pay,Pending,1,6,No,N/A
D02605,PAY02605,O02605,Standard,Delivered,1,Debit Card,Paid,5,2,No,N/A
D02606,PAY02606,O02606,Express,Delivered,1,Debit Card,Refunded,3,6,No,Wrong Item
D02607,PAY02607,O02607,Express,In Transit,2,Apple Pay,Paid,2,1,Yes,N/A
D02608,PAY02608,O02608,Same Day,Delivered,3,Cash On Delivery,Refunded,5,5,No,Damaged
D02609,PAY02609,O02609,Standard,In Transit,8,STC Pay,Pending,5,6,No,Damaged
D02610,PAY02610,O02610,Same Day,In Transit,10,Apple Pay,Paid,3,1,Yes,Late Delivery
D02611,PAY02611,O02611,Standard,Delivered,8,Cash On Delivery,Paid,1,1,No,Damaged
D02612,PAY02612,O02612,Standard,In Transit,6,STC Pay,Paid,4,9,No,Wrong Item
D02613,PAY02613,O02613,Same Day,In Transit,3,Debit Card,Pending,5,3,Yes,N/A
D02614,PAY02614,O02614,Same Day,Delivered,3,Debit Card,Paid,5,3,No,Late Delivery
D02615,PAY02615,O02615,Same Day,In Transit,1,Debit Card,Refunded,4,10,No,N/A
D02616,PAY02616,O02616,Standard,Returned,7,Apple Pay,Pending,2,7,Yes,N/A
D02617,PAY02617,O02617,Same Day,In Transit,7,Apple Pay,Refunded,4,3,Yes,Wrong Item
D02618,PAY02618,O02618,Same Day,Delivered,1,STC Pay,Pending,4,10,Yes,Damaged
D02619,PAY02619,O02619,Same Day,Delivered,4,Debit Card,Pending,2,10,No,Damaged
D02620,PAY02620,O02620,Same Day,Returned,2,Debit Card,Pending,4,4,No,Late Delivery
D02621,PAY02621,O02621,Standard,In Transit,10,Apple Pay,Refunded,2,5,Yes,Late Delivery
D02622,PAY02622,O02622,Standard,In Transit,9,Apple Pay,Refunded,4,9,No,N/A
D02623,PAY02623,O02623,Express,In Transit,10,Apple Pay,Paid,4,2,No,Damaged
D02624,PAY02624,O02624,Standard,Delivered,2,Debit Card,Paid,1,10,Yes,Wrong Item
D02625,PAY02625,O02625,Standard,In Transit,10,STC Pay,Paid,3,3,No,N/A
D02626,PAY02626,O02626,Express,In Transit,4,Debit Card,Pending,5,1,Yes,Wrong Item
D02627,PAY02627,O02627,Express,Delivered,6,STC Pay,Paid,4,1,Yes,Wrong Item
D02628,PAY02628,O02628,Express,Returned,4,Cash On Delivery,Pending,3,5,No,Wrong Item
D02629,PAY02629,O02629,Express,In Transit,5,Mada,Pending,4,4,Yes,Damaged
D02630,PAY02630,O02630,Same Day,Delivered,8,Credit Card,Pending,2,7,Yes,N/A
D02631,PAY02631,O02631,Express,Returned,5,Debit Card,Refunded,2,8,No,Damaged
D02632,PAY02632,O02632,Same Day,Delivered,9,Cash On Delivery,Pending,3,6,Yes,Damaged
D02633,PAY02633,O02633,Express,In Transit,5,Debit Card,Refunded,5,8,No,N/A
D02634,PAY02634,O02634,Standard,Delivered,3,Credit Card,Paid,3,2,No,Late Delivery
D02635,PAY02635,O02635,Same Day,In Transit,8,Credit Card,Paid,2,4,No,Damaged
D02636,PAY02636,O02636,Standard,Returned,2,Cash On Delivery,Pending,2,3,Yes,Late Delivery
D02637,PAY02637,O02637,Standard,Returned,8,Cash On Delivery,Pending,5,10,No,Late Delivery
D02638,PAY02638,O02638,Same Day,Delivered,5,Apple Pay,Pending,1,8,Yes,Late Delivery
D02639,PAY02639,O02639,Same Day,Delivered,10,Debit Card,Pending,2,9,No,Damaged
D02640,PAY02640,O02640,Same Day,Delivered,7,Cash On Delivery,Pending,4,1,No,N/A
D02641,PAY02641,O02641,Standard,Delivered,4,Debit Card,Paid,3,5,No,Late Delivery
D02642,PAY02642,O02642,Express,In Transit,6,STC Pay,Refunded,4,3,Yes,N/A
D02643,PAY02643,O02643,Same Day,In Transit,1,Mada,Pending,3,3,Yes,Wrong Item
D02644,PAY02644,O02644,Same Day,Delivered,2,Credit Card,Pending,1,1,Yes,N/A
D02645,PAY02645,O02645,Same Day,Delivered,2,Cash On Delivery,Paid,1,6,No,Late Delivery
D02646,PAY02646,O02646,Same Day,In Transit,8,Credit Card,Pending,3,10,Yes,Late Delivery
D02647,PAY02647,O02647,Express,Returned,3,STC Pay,Refunded,4,8,Yes,Damaged
D02648,PAY02648,O02648,Same Day,Delivered,8,Mada,Pending,2,2,No,N/A
D02649,PAY02649,O02649,Standard,In Transit,4,Apple Pay,Paid,3,5,Yes,Wrong Item
D02650,PAY02650,O02650,Same Day,In Transit,2,STC Pay,Pending,1,7,No,N/A
D02651,PAY02651,O02651,Express,Delivered,8,Mada,Paid,2,5,No,Wrong Item
D02652,PAY02652,O02652,Same Day,Delivered,2,STC Pay,Refunded,1,8,No,Late Delivery
D02653,PAY02653,O02653,Standard,In Transit,6,Cash On Delivery,Pending,2,3,No,N/A
D02654,PAY02654,O02654,Same Day,Returned,2,STC Pay,Refunded,1,1,No,Wrong Item
D02655,PAY02655,O02655,Same Day,Delivered,7,Cash On Delivery,Pending,3,5,Yes,Damaged
D02656,PAY02656,O02656,Express,In Transit,9,Debit Card,Paid,5,8,No,Wrong Item
D02657,PAY02657,O02657,Same Day,Returned,2,STC Pay,Pending,4,6,Yes,N/A
D02658,PAY02658,O02658,Express,In Transit,9,Mada,Refunded,5,5,Yes,N/A
D02659,PAY02659,O02659,Express,Delivered,6,STC Pay,Pending,5,9,Yes,Wrong Item
D02660,PAY02660,O02660,Standard,Returned,8,Debit Card,Pending,4,5,No,N/A
D02661,PAY02661,O02661,Same Day,Delivered,8,Mada,Paid,1,1,Yes,Damaged
D02662,PAY02662,O02662,Express,In Transit,6,Credit Card,Refunded,5,2,Yes,N/A
D02663,PAY02663,O02663,Same Day,In Transit,9,Debit Card,Pending,3,5,Yes,N/A
D02664,PAY02664,O02664,Same Day,Delivered,1,STC Pay,Paid,1,5,Yes,Wrong Item
D02665,PAY02665,O02665,Express,In Transit,1,Cash On Delivery,Paid,2,2,No,Wrong Item
D02666,PAY02666,O02666,Same Day,Delivered,1,Mada,Pending,2,6,Yes,Damaged
D02667,PAY02667,O02667,Standard,Returned,10,Cash On Delivery,Pending,4,2,No,N/A
D02668,PAY02668,O02668,Express,In Transit,10,Mada,Paid,1,4,Yes,Late Delivery
D02669,PAY02669,O02669,Same Day,In Transit,7,STC Pay,Refunded,2,6,Yes,Damaged
D02670,PAY02670,O02670,Standard,In Transit,10,Apple Pay,Pending,1,10,No,Late Delivery
D02671,PAY02671,O02671,Standard,Delivered,1,Apple Pay,Pending,3,9,Yes,N/A
D02672,PAY02672,O02672,Standard,In Transit,3,STC Pay,Paid,5,2,No,Damaged
D02673,PAY02673,O02673,Same Day,Returned,7,Debit Card,Refunded,3,9,Yes,Late Delivery
D02674,PAY02674,O02674,Same Day,Delivered,6,Debit Card,Paid,5,5,No,N/A
D02675,PAY02675,O02675,Express,Delivered,1,Cash On Delivery,Pending,4,1,No,Wrong Item
D02676,PAY02676,O02676,Same Day,Returned,9,STC Pay,Refunded,4,7,Yes,Wrong Item
D02677,PAY02677,O02677,Express,In Transit,10,Cash On Delivery,Paid,1,4,Yes,Late Delivery
D02678,PAY02678,O02678,Express,In Transit,3,Cash On Delivery,Pending,2,7,Yes,N/A
D02679,PAY02679,O02679,Express,In Transit,9,Cash On Delivery,Paid,4,2,No,Wrong Item
D02680,PAY02680,O02680,Express,In Transit,10,STC Pay,Paid,3,10,No,N/A
D02681,PAY02681,O02681,Express,Delivered,1,Mada,Pending,3,8,No,Late Delivery
D02682,PAY02682,O02682,Express,Delivered,3,Apple Pay,Paid,3,7,Yes,Late Delivery
D02683,PAY02683,O02683,Express,Delivered,3,Debit Card,Pending,5,5,Yes,Wrong Item
D02684,PAY02684,O02684,Same Day,Returned,2,Credit Card,Pending,5,2,No,Wrong Item
D02685,PAY02685,O02685,Express,Returned,9,Cash On Delivery,Paid,1,3,No,Damaged
D02686,PAY02686,O02686,Same Day,In Transit,10,Cash On Delivery,Pending,4,6,Yes,Late Delivery
D02687,PAY02687,O02687,Express,Returned,4,Credit Card,Refunded,5,4,Yes,Late Delivery
D02688,PAY02688,O02688,Standard,In Transit,10,STC Pay,Refunded,2,9,Yes,Late Delivery
D02689,PAY02689,O02689,Express,Delivered,10,STC Pay,Pending,4,9,Yes,Wrong Item
D02690,PAY02690,O02690,Standard,Returned,5,Mada,Paid,2,2,Yes,Late Delivery
D02691,PAY02691,O02691,Same Day,Delivered,3,STC Pay,Pending,5,7,No,Late Delivery
D02692,PAY02692,O02692,Same Day,In Transit,1,Cash On Delivery,Pending,5,9,No,Late Delivery
D02693,PAY02693,O02693,Same Day,Delivered,8,Apple Pay,Pending,2,2,Yes,Wrong Item
D02694,PAY02694,O02694,Standard,In Transit,5,Mada,Paid,5,7,Yes,N/A
D02695,PAY02695,O02695,Standard,In Transit,7,STC Pay,Paid,4,3,Yes,Damaged
D02696,PAY02696,O02696,Standard,Returned,3,STC Pay,Paid,2,3,No,Late Delivery
D02697,PAY02697,O02697,Same Day,Delivered,4,Mada,Paid,1,1,No,Wrong Item
D02698,PAY02698,O02698,Same Day,Returned,4,Debit Card,Pending,1,8,Yes,Wrong Item
D02699,PAY02699,O02699,Same Day,In Transit,3,Debit Card,Paid,1,3,No,Damaged
D02700,PAY02700,O02700,Standard,Delivered,8,Apple Pay,Pending,2,1,No,Wrong Item
D02701,PAY02701,O02701,Same Day,Returned,6,Cash On Delivery,Paid,4,8,No,Wrong Item
D02702,PAY02702,O02702,Same Day,Returned,1,Apple Pay,Refunded,1,10,Yes,Late Delivery
D02703,PAY02703,O02703,Express,Returned,8,Credit Card,Paid,1,5,No,Damaged
D02704,PAY02704,O02704,Express,Returned,8,Debit Card,Paid,1,6,No,Late Delivery
D02705,PAY02705,O02705,Express,Returned,8,Mada,Paid,5,3,Yes,N/A
D02706,PAY02706,O02706,Express,Returned,4,STC Pay,Paid,3,9,No,N/A
D02707,PAY02707,O02707,Standard,Returned,10,Apple Pay,Pending,4,9,No,Late Delivery
D02708,PAY02708,O02708,Standard,Delivered,5,Debit Card,Pending,4,2,No,Wrong Item
D02709,PAY02709,O02709,Same Day,Returned,9,Credit Card,Paid,1,9,Yes,N/A
D02710,PAY02710,O02710,Same Day,Delivered,10,Credit Card,Pending,1,9,No,Late Delivery
D02711,PAY02711,O02711,Same Day,In Transit,5,Apple Pay,Paid,5,10,No,Wrong Item
D02712,PAY02712,O02712,Express,Returned,9,Cash On Delivery,Pending,1,1,Yes,N/A
D02713,PAY02713,O02713,Standard,Returned,2,Cash On Delivery,Paid,3,2,Yes,Damaged
D02714,PAY02714,O02714,Same Day,Returned,1,Mada,Paid,4,2,Yes,Wrong Item
D02715,PAY02715,O02715,Express,In Transit,2,Credit Card,Paid,5,4,Yes,Wrong Item
D02716,PAY02716,O02716,Express,In Transit,10,Debit Card,Pending,5,8,No,Late Delivery
D02717,PAY02717,O02717,Express,Returned,7,STC Pay,Refunded,4,6,Yes,Wrong Item
D02718,PAY02718,O02718,Same Day,Returned,7,Apple Pay,Paid,4,5,No,Late Delivery
D02719,PAY02719,O02719,Same Day,Returned,2,Debit Card,Paid,3,6,No,Late Delivery
D02720,PAY02720,O02720,Express,In Transit,3,Cash On Delivery,Paid,3,3,Yes,Damaged
D02721,PAY02721,O02721,Standard,Returned,4,Mada,Paid,1,1,Yes,N/A
D02722,PAY02722,O02722,Express,In Transit,5,Cash On Delivery,Paid,4,5,Yes,Wrong Item
D02723,PAY02723,O02723,Express,In Transit,4,Mada,Paid,5,7,Yes,N/A
D02724,PAY02724,O02724,Same Day,In Transit,1,Cash On Delivery,Paid,3,6,No,Wrong Item
D02725,PAY02725,O02725,Express,In Transit,3,Apple Pay,Pending,5,3,No,Wrong Item
D02726,PAY02726,O02726,Same Day,Delivered,4,Credit Card,Refunded,1,10,Yes,Damaged
D02727,PAY02727,O02727,Same Day,Delivered,10,Mada,Paid,3,9,No,Damaged
D02728,PAY02728,O02728,Express,Returned,8,Apple Pay,Pending,4,9,Yes,Late Delivery
D02729,PAY02729,O02729,Standard,Returned,2,Apple Pay,Pending,3,10,No,N/A
D02730,PAY02730,O02730,Express,In Transit,5,Cash On Delivery,Pending,4,6,No,N/A
D02731,PAY02731,O02731,Express,Returned,1,Apple Pay,Pending,3,8,No,Wrong Item
D02732,PAY02732,O02732,Same Day,Delivered,4,Mada,Paid,5,10,Yes,Wrong Item
D02733,PAY02733,O02733,Standard,Returned,9,Debit Card,Paid,3,7,No,Late Delivery
D02734,PAY02734,O02734,Express,In Transit,8,STC Pay,Pending,5,9,Yes,N/A
D02735,PAY02735,O02735,Same Day,In Transit,6,STC Pay,Pending,4,5,Yes,N/A
D02736,PAY02736,O02736,Same Day,Returned,1,Debit Card,Paid,3,10,No,Damaged
D02737,PAY02737,O02737,Standard,Delivered,9,Mada,Pending,3,4,No,Late Delivery
D02738,PAY02738,O02738,Standard,Returned,7,Cash On Delivery,Paid,2,9,Yes,Late Delivery
D02739,PAY02739,O02739,Standard,Returned,1,Credit Card,Refunded,1,1,Yes,Late Delivery
D02740,PAY02740,O02740,Same Day,Returned,10,Credit Card,Paid,5,1,No,Late Delivery
D02741,PAY02741,O02741,Standard,Returned,1,STC Pay,Pending,4,1,No,Late Delivery
D02742,PAY02742,O02742,Standard,Delivered,7,STC Pay,Refunded,5,1,Yes,N/A
D02743,PAY02743,O02743,Express,In Transit,4,Apple Pay,Paid,3,9,Yes,N/A
D02744,PAY02744,O02744,Express,Delivered,3,Apple Pay,Pending,2,6,Yes,Wrong Item
D02745,PAY02745,O02745,Same Day,Delivered,4,Apple Pay,Pending,4,2,No,N/A
D02746,PAY02746,O02746,Express,In Transit,9,Cash On Delivery,Paid,2,6,Yes,Wrong Item
D02747,PAY02747,O02747,Standard,In Transit,7,Debit Card,Paid,2,9,No,Late Delivery
D02748,PAY02748,O02748,Express,Returned,1,Mada,Pending,5,7,No,Late Delivery
D02749,PAY02749,O02749,Express,Returned,7,Credit Card,Refunded,2,8,Yes,Damaged
D02750,PAY02750,O02750,Standard,In Transit,6,Credit Card,Refunded,1,8,Yes,Wrong Item
D02751,PAY02751,O02751,Standard,Returned,2,Debit Card,Refunded,1,6,No,N/A
D02752,PAY02752,O02752,Express,Returned,6,Debit Card,Paid,5,2,No,N/A
D02753,PAY02753,O02753,Same Day,In Transit,1,Credit Card,Refunded,2,4,Yes,Damaged
D02754,PAY02754,O02754,Same Day,Returned,1,STC Pay,Refunded,1,6,No,Wrong Item
D02755,PAY02755,O02755,Same Day,In Transit,8,Mada,Pending,2,6,No,Damaged
D02756,PAY02756,O02756,Standard,Delivered,8,STC Pay,Paid,2,1,No,Late Delivery
D02757,PAY02757,O02757,Standard,In Transit,7,STC Pay,Pending,5,9,Yes,N/A
D02758,PAY02758,O02758,Express,In Transit,8,Cash On Delivery,Paid,3,3,No,Damaged
D02759,PAY02759,O02759,Standard,Delivered,2,Cash On Delivery,Pending,1,4,Yes,N/A
D02760,PAY02760,O02760,Express,In Transit,1,Credit Card,Pending,4,5,No,N/A
D02761,PAY02761,O02761,Standard,Delivered,1,Mada,Refunded,2,3,Yes,Damaged
D02762,PAY02762,O02762,Standard,In Transit,7,Credit Card,Refunded,2,6,Yes,N/A
D02763,PAY02763,O02763,Same Day,Delivered,8,Mada,Paid,3,2,No,Late Delivery
D02764,PAY02764,O02764,Express,In Transit,6,STC Pay,Pending,3,8,Yes,Damaged
D02765,PAY02765,O02765,Same Day,In Transit,2,STC Pay,Paid,1,5,Yes,N/A
D02766,PAY02766,O02766,Express,Returned,9,Apple Pay,Pending,2,7,Yes,Damaged
D02767,PAY02767,O02767,Same Day,In Transit,1,STC Pay,Refunded,2,8,No,N/A
D02768,PAY02768,O02768,Standard,Returned,6,Credit Card,Paid,5,6,No,N/A
D02769,PAY02769,O02769,Same Day,In Transit,10,Mada,Paid,4,5,Yes,Late Delivery
D02770,PAY02770,O02770,Standard,Delivered,7,Debit Card,Refunded,3,8,Yes,Damaged
D02771,PAY02771,O02771,Express,Delivered,6,Debit Card,Refunded,4,1,No,N/A
D02772,PAY02772,O02772,Same Day,Delivered,5,Cash On Delivery,Refunded,4,5,No,Late Delivery
D02773,PAY02773,O02773,Standard,Returned,9,Credit Card,Pending,3,8,No,Late Delivery
D02774,PAY02774,O02774,Express,In Transit,5,Credit Card,Refunded,2,2,No,Damaged
D02775,PAY02775,O02775,Express,In Transit,9,Credit Card,Refunded,4,7,No,N/A
D02776,PAY02776,O02776,Standard,Delivered,8,STC Pay,Paid,5,7,No,N/A
D02777,PAY02777,O02777,Express,Returned,7,Apple Pay,Paid,1,7,Yes,Wrong Item
D02778,PAY02778,O02778,Standard,Returned,9,Credit Card,Refunded,5,8,Yes,Wrong Item
D02779,PAY02779,O02779,Standard,In Transit,4,Apple Pay,Pending,3,2,No,Wrong Item
D02780,PAY02780,O02780,Same Day,In Transit,2,Mada,Paid,1,1,No,Late Delivery
D02781,PAY02781,O02781,Express,In Transit,8,Cash On Delivery,Pending,4,9,No,Late Delivery
D02782,PAY02782,O02782,Express,In Transit,7,STC Pay,Pending,1,6,No,N/A
D02783,PAY02783,O02783,Express,In Transit,5,Debit Card,Pending,4,3,Yes,Damaged
D02784,PAY02784,O02784,Express,In Transit,3,STC Pay,Paid,4,1,No,Wrong Item
D02785,PAY02785,O02785,Express,Delivered,10,Debit Card,Paid,3,4,Yes,Damaged
D02786,PAY02786,O02786,Standard,Delivered,6,Apple Pay,Refunded,4,2,No,Damaged
D02787,PAY02787,O02787,Express,Delivered,10,Mada,Paid,1,10,No,Wrong Item
D02788,PAY02788,O02788,Express,In Transit,8,Mada,Paid,3,10,Yes,N/A
D02789,PAY02789,O02789,Express,Delivered,3,Cash On Delivery,Refunded,5,6,Yes,Wrong Item
D02790,PAY02790,O02790,Express,Delivered,4,Credit Card,Refunded,2,9,Yes,Wrong Item
D02791,PAY02791,O02791,Same Day,Returned,10,Apple Pay,Pending,5,1,Yes,Late Delivery
D02792,PAY02792,O02792,Same Day,In Transit,1,Credit Card,Pending,3,3,No,N/A
D02793,PAY02793,O02793,Express,Returned,8,Mada,Pending,1,3,No,Damaged
D02794,PAY02794,O02794,Express,Delivered,3,STC Pay,Pending,3,10,No,Wrong Item
D02795,PAY02795,O02795,Standard,Returned,9,Cash On Delivery,Pending,3,5,No,Damaged
D02796,PAY02796,O02796,Same Day,Delivered,7,Mada,Paid,1,7,No,Wrong Item
D02797,PAY02797,O02797,Same Day,Returned,1,STC Pay,Refunded,1,9,Yes,Wrong Item
D02798,PAY02798,O02798,Express,Returned,6,Cash On Delivery,Refunded,3,7,No,Wrong Item
D02799,PAY02799,O02799,Standard,Delivered,9,Credit Card,Refunded,2,9,No,Late Delivery
D02800,PAY02800,O02800,Express,Returned,10,Apple Pay,Paid,3,5,Yes,Damaged
D02801,PAY02801,O02801,Same Day,In Transit,8,Apple Pay,Pending,3,5,Yes,Late Delivery
D02802,PAY02802,O02802,Standard,Delivered,3,Credit Card,Pending,4,6,Yes,Late Delivery
D02803,PAY02803,O02803,Same Day,Delivered,10,Debit Card,Pending,1,1,Yes,Late Delivery
D02804,PAY02804,O02804,Same Day,Delivered,3,Mada,Paid,2,3,Yes,Wrong Item
D02805,PAY02805,O02805,Standard,In Transit,8,Cash On Delivery,Pending,5,2,No,N/A
D02806,PAY02806,O02806,Express,Delivered,8,Apple Pay,Pending,1,2,No,Wrong Item
D02807,PAY02807,O02807,Express,Returned,3,Mada,Paid,4,5,No,Late Delivery
D02808,PAY02808,O02808,Express,Returned,9,Mada,Pending,3,3,Yes,N/A
D02809,PAY02809,O02809,Same Day,In Transit,4,STC Pay,Paid,3,4,No,Wrong Item
D02810,PAY02810,O02810,Same Day,In Transit,6,Cash On Delivery,Refunded,2,7,No,Damaged
D02811,PAY02811,O02811,Standard,In Transit,4,Cash On Delivery,Paid,2,4,No,N/A
D02812,PAY02812,O02812,Express,Returned,5,Debit Card,Refunded,3,1,Yes,Wrong Item
D02813,PAY02813,O02813,Express,Returned,2,Cash On Delivery,Refunded,3,9,Yes,Wrong Item
D02814,PAY02814,O02814,Standard,Returned,4,Cash On Delivery,Paid,5,6,Yes,Wrong Item
D02815,PAY02815,O02815,Same Day,Returned,3,STC Pay,Paid,4,7,Yes,Late Delivery
D02816,PAY02816,O02816,Express,Returned,8,Credit Card,Paid,4,4,Yes,N/A
D02817,PAY02817,O02817,Standard,Returned,10,Debit Card,Paid,5,5,No,Wrong Item
D02818,PAY02818,O02818,Standard,In Transit,9,Mada,Paid,1,10,Yes,N/A
D02819,PAY02819,O02819,Standard,In Transit,8,Mada,Refunded,1,4,No,Late Delivery
D02820,PAY02820,O02820,Same Day,Returned,1,Mada,Pending,2,1,Yes,Late Delivery
D02821,PAY02821,O02821,Same Day,Delivered,6,STC Pay,Refunded,4,4,Yes,Late Delivery
D02822,PAY02822,O02822,Express,Delivered,4,Cash On Delivery,Refunded,4,4,Yes,Late Delivery
D02823,PAY02823,O02823,Express,In Transit,9,Credit Card,Pending,3,4,Yes,N/A
D02824,PAY02824,O02824,Same Day,Delivered,5,Cash On Delivery,Paid,2,1,Yes,N/A
D02825,PAY02825,O02825,Same Day,Delivered,2,Apple Pay,Pending,4,7,Yes,Damaged
D02826,PAY02826,O02826,Standard,In Transit,2,STC Pay,Pending,3,3,No,Late Delivery
D02827,PAY02827,O02827,Standard,Delivered,8,Cash On Delivery,Pending,4,3,Yes,Wrong Item
D02828,PAY02828,O02828,Same Day,Delivered,1,Credit Card,Paid,3,8,Yes,Damaged
D02829,PAY02829,O02829,Same Day,Delivered,3,Credit Card,Pending,4,5,Yes,Wrong Item
D02830,PAY02830,O02830,Same Day,Returned,1,Credit Card,Pending,3,3,No,Damaged
D02831,PAY02831,O02831,Standard,Returned,8,Credit Card,Pending,2,10,Yes,N/A
D02832,PAY02832,O02832,Same Day,In Transit,8,STC Pay,Paid,3,7,Yes,Wrong Item
D02833,PAY02833,O02833,Standard,Delivered,8,Debit Card,Refunded,4,7,Yes,N/A
D02834,PAY02834,O02834,Express,In Transit,2,Mada,Refunded,1,7,Yes,N/A
D02835,PAY02835,O02835,Standard,Returned,2,Apple Pay,Paid,3,10,Yes,Wrong Item
D02836,PAY02836,O02836,Same Day,In Transit,4,STC Pay,Refunded,1,1,Yes,Late Delivery
D02837,PAY02837,O02837,Express,Returned,5,STC Pay,Paid,1,6,Yes,Wrong Item
D02838,PAY02838,O02838,Standard,Delivered,9,Credit Card,Paid,5,1,No,N/A
D02839,PAY02839,O02839,Express,Returned,2,Debit Card,Paid,4,7,Yes,N/A
D02840,PAY02840,O02840,Express,In Transit,3,Credit Card,Paid,3,10,No,Wrong Item
D02841,PAY02841,O02841,Express,Returned,8,Apple Pay,Paid,3,1,Yes,N/A
D02842,PAY02842,O02842,Same Day,In Transit,9,Apple Pay,Paid,5,7,Yes,Late Delivery
D02843,PAY02843,O02843,Express,Delivered,1,STC Pay,Pending,4,4,No,Late Delivery
D02844,PAY02844,O02844,Standard,In Transit,5,Cash On Delivery,Paid,5,3,Yes,Damaged
D02845,PAY02845,O02845,Standard,In Transit,6,Credit Card,Pending,2,3,No,Wrong Item
D02846,PAY02846,O02846,Same Day,In Transit,10,Debit Card,Paid,2,2,Yes,N/A
D02847,PAY02847,O02847,Standard,Returned,6,STC Pay,Paid,1,6,Yes,Late Delivery
D02848,PAY02848,O02848,Standard,Returned,1,Debit Card,Paid,3,9,Yes,Wrong Item
D02849,PAY02849,O02849,Standard,Returned,2,Cash On Delivery,Pending,5,1,Yes,N/A
D02850,PAY02850,O02850,Standard,Returned,4,Credit Card,Pending,5,8,Yes,N/A
D02851,PAY02851,O02851,Same Day,Returned,5,Credit Card,Refunded,3,9,No,Wrong Item
D02852,PAY02852,O02852,Same Day,Delivered,5,Apple Pay,Refunded,1,7,Yes,Wrong Item
D02853,PAY02853,O02853,Express,Returned,2,Apple Pay,Paid,4,10,No,Wrong Item
D02854,PAY02854,O02854,Express,In Transit,1,Mada,Pending,5,1,Yes,Wrong Item
D02855,PAY02855,O02855,Standard,Returned,4,Mada,Paid,2,9,No,N/A
D02856,PAY02856,O02856,Express,Delivered,4,Cash On Delivery,Paid,5,4,Yes,Wrong Item
D02857,PAY02857,O02857,Standard,In Transit,5,Debit Card,Paid,1,7,No,Wrong Item
D02858,PAY02858,O02858,Express,In Transit,2,Debit Card,Pending,5,10,No,Late Delivery
D02859,PAY02859,O02859,Standard,Delivered,1,Debit Card,Refunded,1,10,Yes,Damaged
D02860,PAY02860,O02860,Same Day,Returned,4,STC Pay,Paid,2,10,No,Damaged
D02861,PAY02861,O02861,Express,In Transit,4,Debit Card,Paid,2,5,No,Wrong Item
D02862,PAY02862,O02862,Express,In Transit,4,Mada,Pending,5,3,Yes,Wrong Item
D02863,PAY02863,O02863,Standard,Returned,4,Mada,Refunded,1,4,No,Wrong Item
D02864,PAY02864,O02864,Express,Returned,9,Apple Pay,Pending,1,2,No,Wrong Item
D02865,PAY02865,O02865,Same Day,Delivered,6,STC Pay,Pending,4,2,No,N/A
D02866,PAY02866,O02866,Same Day,Returned,2,Credit Card,Paid,2,2,Yes,Wrong Item
D02867,PAY02867,O02867,Express,Delivered,6,STC Pay,Refunded,3,1,No,Damaged
D02868,PAY02868,O02868,Same Day,Delivered,8,Apple Pay,Pending,1,7,No,Wrong Item
D02869,PAY02869,O02869,Same Day,In Transit,2,Credit Card,Paid,3,5,No,Late Delivery
D02870,PAY02870,O02870,Express,Delivered,10,STC Pay,Refunded,3,10,Yes,Wrong Item
D02871,PAY02871,O02871,Standard,Returned,3,Debit Card,Refunded,4,6,No,N/A
D02872,PAY02872,O02872,Express,Returned,3,Debit Card,Refunded,4,1,No,N/A
D02873,PAY02873,O02873,Same Day,Returned,7,Cash On Delivery,Pending,3,8,No,Damaged
D02874,PAY02874,O02874,Standard,Delivered,3,Debit Card,Pending,5,1,No,Wrong Item
D02875,PAY02875,O02875,Same Day,Delivered,9,Mada,Pending,3,5,Yes,Damaged
D02876,PAY02876,O02876,Standard,Delivered,4,Debit Card,Pending,2,3,No,Late Delivery
D02877,PAY02877,O02877,Same Day,Returned,2,Cash On Delivery,Refunded,1,4,Yes,Late Delivery
D02878,PAY02878,O02878,Express,Returned,2,Apple Pay,Refunded,2,2,Yes,N/A
D02879,PAY02879,O02879,Same Day,In Transit,2,Cash On Delivery,Refunded,2,7,No,Wrong Item
D02880,PAY02880,O02880,Same Day,Delivered,6,Credit Card,Pending,5,6,No,Wrong Item
D02881,PAY02881,O02881,Express,In Transit,10,Cash On Delivery,Pending,3,4,No,Wrong Item
D02882,PAY02882,O02882,Standard,Returned,1,Debit Card,Refunded,1,1,No,Wrong Item
D02883,PAY02883,O02883,Express,Returned,8,Credit Card,Paid,1,9,No,Late Delivery
D02884,PAY02884,O02884,Standard,Returned,9,Credit Card,Paid,3,2,Yes,N/A
D02885,PAY02885,O02885,Same Day,Delivered,3,Mada,Paid,4,5,No,Wrong Item
D02886,PAY02886,O02886,Standard,Delivered,6,Apple Pay,Paid,2,3,No,Late Delivery
D02887,PAY02887,O02887,Standard,In Transit,8,STC Pay,Pending,1,10,No,Wrong Item
D02888,PAY02888,O02888,Same Day,Returned,2,Apple Pay,Refunded,2,5,No,Wrong Item
D02889,PAY02889,O02889,Express,Delivered,7,STC Pay,Paid,3,9,Yes,Late Delivery
D02890,PAY02890,O02890,Same Day,In Transit,6,Credit Card,Paid,1,2,No,Damaged
D02891,PAY02891,O02891,Same Day,Delivered,3,Credit Card,Pending,2,8,Yes,N/A
D02892,PAY02892,O02892,Same Day,In Transit,7,Debit Card,Paid,2,2,No,Late Delivery
D02893,PAY02893,O02893,Same Day,Delivered,4,Credit Card,Pending,4,3,Yes,Late Delivery
D02894,PAY02894,O02894,Same Day,Returned,3,STC Pay,Refunded,2,9,No,Wrong Item
D02895,PAY02895,O02895,Same Day,In Transit,2,Apple Pay,Refunded,5,3,No,Damaged
D02896,PAY02896,O02896,Same Day,Returned,10,Cash On Delivery,Refunded,4,9,No,N/A
D02897,PAY02897,O02897,Express,In Transit,7,Debit Card,Pending,5,5,No,Late Delivery
D02898,PAY02898,O02898,Same Day,Delivered,8,Cash On Delivery,Refunded,4,8,No,N/A
D02899,PAY02899,O02899,Same Day,In Transit,1,STC Pay,Paid,4,3,Yes,Damaged
D02900,PAY02900,O02900,Same Day,In Transit,10,STC Pay,Pending,4,10,Yes,Late Delivery
D02901,PAY02901,O02901,Standard,In Transit,4,Cash On Delivery,Refunded,1,10,No,Wrong Item
D02902,PAY02902,O02902,Express,Returned,4,Debit Card,Refunded,2,9,Yes,Late Delivery
D02903,PAY02903,O02903,Same Day,Returned,6,Cash On Delivery,Refunded,5,8,Yes,Damaged
D02904,PAY02904,O02904,Express,Returned,1,STC Pay,Pending,3,4,Yes,Wrong Item
D02905,PAY02905,O02905,Express,In Transit,4,Debit Card,Paid,1,8,Yes,Late Delivery
D02906,PAY02906,O02906,Standard,Returned,5,Credit Card,Paid,3,8,Yes,N/A
D02907,PAY02907,O02907,Same Day,In Transit,5,Cash On Delivery,Refunded,5,7,No,N/A
D02908,PAY02908,O02908,Standard,Delivered,9,STC Pay,Pending,2,9,Yes,Damaged
D02909,PAY02909,O02909,Express,Returned,6,Debit Card,Pending,4,2,Yes,N/A
D02910,PAY02910,O02910,Standard,Returned,5,Apple Pay,Pending,4,2,Yes,Late Delivery
D02911,PAY02911,O02911,Same Day,Delivered,4,Credit Card,Refunded,3,7,No,Damaged
D02912,PAY02912,O02912,Standard,Returned,6,Credit Card,Pending,3,7,No,Late Delivery
D02913,PAY02913,O02913,Standard,In Transit,1,Credit Card,Pending,3,8,No,N/A
D02914,PAY02914,O02914,Same Day,In Transit,5,Apple Pay,Pending,3,2,Yes,Damaged
D02915,PAY02915,O02915,Same Day,In Transit,7,STC Pay,Pending,5,8,Yes,Damaged
D02916,PAY02916,O02916,Same Day,Delivered,4,Credit Card,Refunded,4,3,No,Damaged
D02917,PAY02917,O02917,Express,In Transit,10,Cash On Delivery,Refunded,4,8,Yes,Damaged
D02918,PAY02918,O02918,Same Day,In Transit,3,Apple Pay,Paid,2,7,Yes,N/A
D02919,PAY02919,O02919,Express,Delivered,10,Mada,Pending,2,8,Yes,Wrong Item
D02920,PAY02920,O02920,Same Day,Returned,1,Credit Card,Paid,4,1,Yes,Damaged
D02921,PAY02921,O02921,Same Day,Returned,1,Debit Card,Pending,4,3,No,N/A
D02922,PAY02922,O02922,Standard,In Transit,6,Apple Pay,Pending,2,4,Yes,Damaged
D02923,PAY02923,O02923,Express,In Transit,2,Apple Pay,Paid,2,3,No,Late Delivery
D02924,PAY02924,O02924,Standard,Returned,3,Apple Pay,Refunded,5,5,Yes,Late Delivery
D02925,PAY02925,O02925,Standard,In Transit,4,Credit Card,Pending,1,5,Yes,Damaged
D02926,PAY02926,O02926,Same Day,In Transit,1,Apple Pay,Paid,2,8,Yes,Damaged
D02927,PAY02927,O02927,Same Day,In Transit,3,STC Pay,Paid,2,2,No,Wrong Item
D02928,PAY02928,O02928,Express,Delivered,1,Mada,Refunded,3,6,No,Damaged
D02929,PAY02929,O02929,Same Day,In Transit,5,Apple Pay,Paid,3,10,No,N/A
D02930,PAY02930,O02930,Same Day,Returned,3,Mada,Paid,2,7,Yes,Damaged
D02931,PAY02931,O02931,Express,In Transit,1,Mada,Paid,2,3,No,Late Delivery
D02932,PAY02932,O02932,Same Day,Returned,9,Credit Card,Paid,4,4,Yes,N/A
D02933,PAY02933,O02933,Same Day,Delivered,7,Cash On Delivery,Pending,3,8,No,Late Delivery
D02934,PAY02934,O02934,Standard,In Transit,10,Mada,Paid,5,7,Yes,Late Delivery
D02935,PAY02935,O02935,Standard,Returned,9,Cash On Delivery,Pending,5,7,No,Damaged
D02936,PAY02936,O02936,Express,Delivered,10,Apple Pay,Paid,3,1,No,N/A
D02937,PAY02937,O02937,Express,In Transit,3,Credit Card,Refunded,5,9,Yes,Damaged
D02938,PAY02938,O02938,Express,Delivered,7,Apple Pay,Paid,2,8,No,Late Delivery
D02939,PAY02939,O02939,Same Day,In Transit,2,Cash On Delivery,Paid,3,4,No,Late Delivery
D02940,PAY02940,O02940,Express,Delivered,7,Cash On Delivery,Paid,3,3,Yes,Wrong Item
D02941,PAY02941,O02941,Same Day,Delivered,5,Apple Pay,Paid,1,9,No,Wrong Item
D02942,PAY02942,O02942,Express,Returned,9,Credit Card,Paid,4,1,No,Late Delivery
D02943,PAY02943,O02943,Same Day,Delivered,8,Debit Card,Paid,3,2,Yes,N/A
D02944,PAY02944,O02944,Standard,Delivered,5,STC Pay,Paid,5,10,No,N/A
D02945,PAY02945,O02945,Standard,Delivered,9,Apple Pay,Refunded,1,8,No,N/A
D02946,PAY02946,O02946,Standard,In Transit,9,Mada,Paid,1,3,Yes,Late Delivery
D02947,PAY02947,O02947,Express,Returned,2,Credit Card,Refunded,3,10,Yes,Damaged
D02948,PAY02948,O02948,Standard,Returned,1,Cash On Delivery,Pending,3,5,No,Wrong Item
D02949,PAY02949,O02949,Standard,In Transit,5,Debit Card,Paid,5,4,Yes,Damaged
D02950,PAY02950,O02950,Express,Returned,1,Cash On Delivery,Pending,4,9,No,Damaged
D02951,PAY02951,O02951,Express,Returned,8,STC Pay,Pending,5,8,Yes,Wrong Item
D02952,PAY02952,O02952,Standard,Returned,9,Debit Card,Refunded,1,2,No,Wrong Item
D02953,PAY02953,O02953,Same Day,Returned,2,Cash On Delivery,Paid,5,5,Yes,Wrong Item
D02954,PAY02954,O02954,Standard,Returned,2,Credit Card,Pending,1,2,Yes,Wrong Item
D02955,PAY02955,O02955,Express,Returned,2,STC Pay,Refunded,2,9,No,Damaged
D02956,PAY02956,O02956,Standard,Returned,7,Credit Card,Pending,2,5,Yes,Damaged
D02957,PAY02957,O02957,Express,Returned,7,STC Pay,Refunded,2,9,No,Wrong Item
D02958,PAY02958,O02958,Same Day,In Transit,9,Apple Pay,Paid,5,2,No,Damaged
D02959,PAY02959,O02959,Same Day,Delivered,4,Apple Pay,Refunded,5,2,No,Damaged
D02960,PAY02960,O02960,Same Day,Delivered,9,Mada,Pending,4,7,Yes,Damaged
D02961,PAY02961,O02961,Same Day,Delivered,2,Apple Pay,Pending,2,1,Yes,Wrong Item
D02962,PAY02962,O02962,Express,In Transit,9,Debit Card,Pending,5,5,No,Damaged
D02963,PAY02963,O02963,Same Day,Delivered,1,Cash On Delivery,Refunded,1,9,Yes,Wrong Item
D02964,PAY02964,O02964,Standard,In Transit,4,Apple Pay,Paid,3,2,No,Damaged
D02965,PAY02965,O02965,Standard,Returned,8,Debit Card,Pending,3,2,No,N/A
D02966,PAY02966,O02966,Express,Delivered,4,Credit Card,Paid,1,6,Yes,Damaged
D02967,PAY02967,O02967,Same Day,Returned,8,Credit Card,Refunded,4,8,Yes,Wrong Item
D02968,PAY02968,O02968,Standard,In Transit,7,Apple Pay,Paid,2,2,Yes,Late Delivery
D02969,PAY02969,O02969,Express,Returned,8,Cash On Delivery,Refunded,1,2,Yes,Wrong Item
D02970,PAY02970,O02970,Standard,Returned,6,Mada,Pending,2,6,No,Wrong Item
D02971,PAY02971,O02971,Same Day,In Transit,5,Apple Pay,Pending,2,1,Yes,Late Delivery
D02972,PAY02972,O02972,Same Day,Delivered,7,STC Pay,Paid,3,5,No,Late Delivery
D02973,PAY02973,O02973,Same Day,In Transit,5,Apple Pay,Refunded,1,6,No,Late Delivery
D02974,PAY02974,O02974,Express,Returned,10,Mada,Refunded,2,2,No,Late Delivery
D02975,PAY02975,O02975,Standard,Returned,6,Debit Card,Refunded,5,1,Yes,Wrong Item
D02976,PAY02976,O02976,Express,Returned,6,Credit Card,Paid,1,6,Yes,Damaged
D02977,PAY02977,O02977,Same Day,In Transit,1,Mada,Refunded,1,1,Yes,Damaged
D02978,PAY02978,O02978,Same Day,Delivered,4,Mada,Pending,5,7,No,Damaged
D02979,PAY02979,O02979,Standard,In Transit,7,Cash On Delivery,Pending,2,3,No,Wrong Item
D02980,PAY02980,O02980,Express,In Transit,10,Apple Pay,Paid,4,6,Yes,N/A
D02981,PAY02981,O02981,Express,Delivered,6,STC Pay,Paid,1,7,Yes,Wrong Item
D02982,PAY02982,O02982,Standard,In Transit,4,Mada,Paid,5,5,Yes,Wrong Item
D02983,PAY02983,O02983,Standard,Returned,3,Apple Pay,Pending,1,3,Yes,Damaged
D02984,PAY02984,O02984,Express,In Transit,6,STC Pay,Paid,2,5,No,Late Delivery
D02985,PAY02985,O02985,Same Day,Returned,6,Apple Pay,Pending,2,5,Yes,Damaged
D02986,PAY02986,O02986,Same Day,Returned,2,Apple Pay,Pending,1,5,No,Wrong Item
D02987,PAY02987,O02987,Express,In Transit,7,Cash On Delivery,Refunded,3,3,Yes,Late Delivery
D02988,PAY02988,O02988,Same Day,Returned,7,STC Pay,Refunded,4,6,No,Late Delivery
D02989,PAY02989,O02989,Standard,Delivered,9,Credit Card,Pending,1,7,No,Wrong Item
D02990,PAY02990,O02990,Same Day,Returned,1,Mada,Paid,2,3,Yes,Wrong Item
D02991,PAY02991,O02991,Express,Returned,3,Credit Card,Pending,1,7,Yes,Damaged
D02992,PAY02992,O02992,Same Day,Returned,4,Apple Pay,Pending,4,6,Yes,Late Delivery
D02993,PAY02993,O02993,Express,In Transit,6,STC Pay,Paid,1,2,Yes,Damaged
D02994,PAY02994,O02994,Standard,Returned,1,Debit Card,Paid,4,9,Yes,Wrong Item
D02995,PAY02995,O02995,Express,Delivered,4,Credit Card,Paid,5,2,Yes,N/A
D02996,PAY02996,O02996,Standard,Delivered,8,Cash On Delivery,Pending,5,9,No,Late Delivery
D02997,PAY02997,O02997,Express,In Transit,10,Apple Pay,Pending,2,6,No,N/A
D02998,PAY02998,O02998,Same Day,In Transit,10,Credit Card,Pending,5,3,No,Wrong Item
D02999,PAY02999,O02999,Express,Delivered,4,Cash On Delivery,Paid,1,9,Yes,N/A
D03000,PAY03000,O03000,Express,Delivered,1,Credit Card,Pending,5,9,No,Damaged
D03001,PAY03001,O03001,Express,Delivered,6,STC Pay,Pending,2,8,No,Late Delivery
D03002,PAY03002,O03002,Standard,In Transit,10,Apple Pay,Paid,5,10,Yes,Wrong Item
D03003,PAY03003,O03003,Express,Returned,9,Credit Card,Refunded,2,3,No,N/A
D03004,PAY03004,O03004,Standard,Delivered,5,Apple Pay,Refunded,3,1,No,N/A
D03005,PAY03005,O03005,Express,Returned,3,Credit Card,Pending,2,5,Yes,N/A
D03006,PAY03006,O03006,Standard,Returned,2,Apple Pay,Pending,3,5,No,Wrong Item
D03007,PAY03007,O03007,Standard,Returned,7,Credit Card,Pending,4,6,No,Late Delivery
D03008,PAY03008,O03008,Same Day,In Transit,2,STC Pay,Refunded,1,8,Yes,Damaged
D03009,PAY03009,O03009,Express,Delivered,2,STC Pay,Pending,1,8,Yes,N/A
D03010,PAY03010,O03010,Same Day,In Transit,1,Mada,Paid,1,7,No,Damaged
D03011,PAY03011,O03011,Same Day,Delivered,2,Credit Card,Refunded,4,10,Yes,Damaged
D03012,PAY03012,O03012,Standard,In Transit,7,Credit Card,Paid,4,7,No,Damaged
D03013,PAY03013,O03013,Standard,Delivered,7,Mada,Pending,3,3,Yes,Damaged
D03014,PAY03014,O03014,Express,Returned,5,Debit Card,Pending,4,7,Yes,Damaged
D03015,PAY03015,O03015,Express,Returned,7,Credit Card,Pending,4,8,No,N/A
D03016,PAY03016,O03016,Express,Delivered,4,Cash On Delivery,Paid,1,3,No,Late Delivery
D03017,PAY03017,O03017,Express,Delivered,7,Credit Card,Pending,2,5,No,Wrong Item
D03018,PAY03018,O03018,Same Day,In Transit,4,Apple Pay,Paid,1,10,Yes,Wrong Item
D03019,PAY03019,O03019,Standard,In Transit,4,Cash On Delivery,Refunded,4,5,Yes,Late Delivery
D03020,PAY03020,O03020,Same Day,In Transit,6,Apple Pay,Paid,4,10,Yes,Wrong Item
D03021,PAY03021,O03021,Same Day,In Transit,2,Debit Card,Paid,3,5,Yes,Late Delivery
D03022,PAY03022,O03022,Express,Returned,2,Debit Card,Refunded,2,3,No,N/A
D03023,PAY03023,O03023,Express,Delivered,2,Mada,Refunded,1,5,No,N/A
D03024,PAY03024,O03024,Same Day,In Transit,6,Cash On Delivery,Paid,2,7,Yes,Wrong Item
D03025,PAY03025,O03025,Standard,Delivered,10,STC Pay,Paid,5,1,Yes,Wrong Item
D03026,PAY03026,O03026,Standard,In Transit,5,Apple Pay,Refunded,5,2,Yes,Damaged
D03027,PAY03027,O03027,Standard,Returned,3,Apple Pay,Pending,3,4,Yes,Wrong Item
D03028,PAY03028,O03028,Same Day,Delivered,2,Debit Card,Refunded,1,10,No,Wrong Item
D03029,PAY03029,O03029,Express,Delivered,7,Apple Pay,Refunded,3,5,Yes,N/A
D03030,PAY03030,O03030,Express,Delivered,8,Cash On Delivery,Paid,1,7,Yes,Late Delivery
D03031,PAY03031,O03031,Standard,Delivered,10,Credit Card,Refunded,2,5,No,Late Delivery
D03032,PAY03032,O03032,Same Day,In Transit,7,Mada,Pending,3,2,Yes,N/A
D03033,PAY03033,O03033,Express,Delivered,1,STC Pay,Pending,4,7,No,N/A
D03034,PAY03034,O03034,Standard,Returned,6,Credit Card,Paid,2,2,No,Damaged
D03035,PAY03035,O03035,Standard,Delivered,1,Credit Card,Refunded,5,10,No,N/A
D03036,PAY03036,O03036,Same Day,In Transit,9,Debit Card,Refunded,4,7,No,Damaged
D03037,PAY03037,O03037,Standard,Delivered,5,Credit Card,Pending,5,2,No,Damaged
D03038,PAY03038,O03038,Same Day,In Transit,5,Credit Card,Refunded,5,3,No,Late Delivery
D03039,PAY03039,O03039,Same Day,Returned,10,Cash On Delivery,Paid,1,7,No,N/A
D03040,PAY03040,O03040,Express,Returned,9,Cash On Delivery,Pending,3,6,No,Damaged
D03041,PAY03041,O03041,Standard,Returned,2,Credit Card,Paid,1,3,Yes,Wrong Item
D03042,PAY03042,O03042,Express,Delivered,10,STC Pay,Pending,2,7,No,Late Delivery
D03043,PAY03043,O03043,Express,Returned,2,Mada,Pending,1,1,No,N/A
D03044,PAY03044,O03044,Express,Returned,7,Cash On Delivery,Refunded,4,3,Yes,Damaged
D03045,PAY03045,O03045,Same Day,In Transit,2,Credit Card,Paid,2,10,No,N/A
D03046,PAY03046,O03046,Express,In Transit,8,Credit Card,Refunded,3,10,No,Damaged
D03047,PAY03047,O03047,Express,Returned,10,Credit Card,Refunded,3,8,No,Late Delivery
D03048,PAY03048,O03048,Standard,Returned,3,STC Pay,Pending,2,3,Yes,Late Delivery
D03049,PAY03049,O03049,Express,Returned,2,Apple Pay,Refunded,4,4,Yes,Late Delivery
D03050,PAY03050,O03050,Express,In Transit,6,Mada,Refunded,3,10,No,N/A
D03051,PAY03051,O03051,Express,Returned,10,Credit Card,Refunded,5,4,No,Late Delivery
D03052,PAY03052,O03052,Same Day,Returned,2,Debit Card,Refunded,5,10,Yes,Wrong Item
D03053,PAY03053,O03053,Express,Returned,10,Debit Card,Paid,4,6,Yes,Damaged
D03054,PAY03054,O03054,Express,Returned,5,Cash On Delivery,Pending,4,1,No,N/A
D03055,PAY03055,O03055,Express,Returned,2,Mada,Pending,4,10,No,N/A
D03056,PAY03056,O03056,Standard,Delivered,4,Debit Card,Pending,4,3,No,N/A
D03057,PAY03057,O03057,Same Day,Delivered,9,STC Pay,Paid,1,8,No,Late Delivery
D03058,PAY03058,O03058,Express,In Transit,8,Cash On Delivery,Paid,1,5,No,Wrong Item
D03059,PAY03059,O03059,Standard,Delivered,1,Cash On Delivery,Refunded,5,8,No,Late Delivery
D03060,PAY03060,O03060,Express,Returned,8,Cash On Delivery,Refunded,2,10,Yes,N/A
D03061,PAY03061,O03061,Express,Delivered,6,Cash On Delivery,Refunded,3,2,Yes,Damaged
D03062,PAY03062,O03062,Same Day,Delivered,5,Apple Pay,Refunded,4,1,No,Damaged
D03063,PAY03063,O03063,Same Day,In Transit,2,Apple Pay,Refunded,5,3,No,Wrong Item
D03064,PAY03064,O03064,Same Day,In Transit,6,Credit Card,Paid,3,2,Yes,Damaged
D03065,PAY03065,O03065,Same Day,Returned,3,Mada,Refunded,1,10,Yes,N/A
D03066,PAY03066,O03066,Express,In Transit,9,Apple Pay,Paid,1,10,No,Wrong Item
D03067,PAY03067,O03067,Same Day,In Transit,6,Apple Pay,Paid,4,7,No,N/A
D03068,PAY03068,O03068,Express,Returned,7,Cash On Delivery,Refunded,4,3,Yes,Wrong Item
D03069,PAY03069,O03069,Standard,Returned,2,Debit Card,Paid,4,9,Yes,N/A
D03070,PAY03070,O03070,Standard,Delivered,6,Mada,Pending,5,9,Yes,Wrong Item
D03071,PAY03071,O03071,Same Day,Delivered,8,Debit Card,Refunded,3,10,No,Wrong Item
D03072,PAY03072,O03072,Express,Returned,7,Credit Card,Pending,2,9,No,Damaged
D03073,PAY03073,O03073,Express,Delivered,2,Apple Pay,Refunded,2,4,Yes,Wrong Item
D03074,PAY03074,O03074,Express,Returned,3,Mada,Refunded,3,1,No,N/A
D03075,PAY03075,O03075,Same Day,Returned,5,STC Pay,Pending,1,6,Yes,Damaged
D03076,PAY03076,O03076,Express,Delivered,2,STC Pay,Pending,4,9,No,Wrong Item
D03077,PAY03077,O03077,Standard,Delivered,9,Cash On Delivery,Refunded,4,6,Yes,N/A
D03078,PAY03078,O03078,Standard,Delivered,5,Credit Card,Refunded,5,7,No,Wrong Item
D03079,PAY03079,O03079,Standard,Delivered,1,Apple Pay,Paid,4,8,Yes,Damaged
D03080,PAY03080,O03080,Standard,Delivered,4,Credit Card,Refunded,4,6,No,Wrong Item
D03081,PAY03081,O03081,Standard,In Transit,7,STC Pay,Pending,1,7,Yes,Late Delivery
D03082,PAY03082,O03082,Express,In Transit,5,Credit Card,Refunded,4,5,Yes,N/A
D03083,PAY03083,O03083,Express,In Transit,7,Credit Card,Refunded,1,9,No,Wrong Item
D03084,PAY03084,O03084,Standard,Returned,7,STC Pay,Paid,4,6,Yes,Damaged
D03085,PAY03085,O03085,Standard,Returned,8,Mada,Paid,4,10,Yes,N/A
D03086,PAY03086,O03086,Same Day,Delivered,6,Cash On Delivery,Refunded,4,4,Yes,Late Delivery
D03087,PAY03087,O03087,Same Day,In Transit,10,Debit Card,Paid,5,1,No,Damaged
D03088,PAY03088,O03088,Standard,In Transit,2,Apple Pay,Paid,2,1,No,Late Delivery
D03089,PAY03089,O03089,Express,Returned,2,Cash On Delivery,Paid,3,5,Yes,Damaged
D03090,PAY03090,O03090,Express,In Transit,2,Mada,Refunded,3,1,No,Wrong Item
D03091,PAY03091,O03091,Express,In Transit,10,Apple Pay,Pending,4,8,Yes,Wrong Item
D03092,PAY03092,O03092,Standard,Delivered,8,Debit Card,Refunded,2,5,No,Late Delivery
D03093,PAY03093,O03093,Same Day,Returned,9,Credit Card,Pending,1,4,Yes,Late Delivery
D03094,PAY03094,O03094,Standard,Returned,7,Cash On Delivery,Paid,3,7,Yes,Wrong Item
D03095,PAY03095,O03095,Express,Returned,4,Debit Card,Paid,1,7,No,N/A
D03096,PAY03096,O03096,Same Day,In Transit,10,STC Pay,Pending,1,2,Yes,Damaged
D03097,PAY03097,O03097,Standard,In Transit,6,STC Pay,Refunded,3,6,Yes,Late Delivery
D03098,PAY03098,O03098,Standard,Returned,3,Debit Card,Paid,2,7,No,N/A
D03099,PAY03099,O03099,Same Day,Delivered,8,Mada,Refunded,4,2,No,Damaged
D03100,PAY03100,O03100,Express,In Transit,6,Cash On Delivery,Pending,2,2,No,Late Delivery
D03101,PAY03101,O03101,Standard,In Transit,8,Cash On Delivery,Paid,4,10,Yes,N/A
D03102,PAY03102,O03102,Express,Returned,8,Apple Pay,Pending,2,9,Yes,Late Delivery
D03103,PAY03103,O03103,Express,Delivered,2,Cash On Delivery,Paid,3,9,Yes,Damaged
D03104,PAY03104,O03104,Standard,Returned,2,Apple Pay,Pending,4,3,No,Damaged
D03105,PAY03105,O03105,Same Day,Returned,7,STC Pay,Refunded,2,2,No,Damaged
D03106,PAY03106,O03106,Same Day,In Transit,8,Apple Pay,Refunded,1,4,Yes,Damaged
D03107,PAY03107,O03107,Express,Delivered,5,STC Pay,Paid,3,10,Yes,Late Delivery
D03108,PAY03108,O03108,Standard,Delivered,10,Debit Card,Pending,2,8,Yes,Damaged
D03109,PAY03109,O03109,Express,In Transit,10,Mada,Paid,2,7,Yes,Wrong Item
D03110,PAY03110,O03110,Express,Returned,4,Apple Pay,Paid,1,8,No,N/A
D03111,PAY03111,O03111,Same Day,Delivered,8,Apple Pay,Pending,5,5,No,Wrong Item
D03112,PAY03112,O03112,Standard,Returned,9,Cash On Delivery,Paid,2,8,No,Wrong Item
D03113,PAY03113,O03113,Same Day,In Transit,7,Mada,Refunded,1,9,Yes,N/A
D03114,PAY03114,O03114,Standard,Returned,6,Apple Pay,Pending,4,5,Yes,Damaged
D03115,PAY03115,O03115,Standard,Returned,1,Credit Card,Refunded,3,1,Yes,Wrong Item
D03116,PAY03116,O03116,Express,Returned,10,Debit Card,Pending,5,7,Yes,Late Delivery
D03117,PAY03117,O03117,Express,Delivered,5,Debit Card,Pending,4,5,Yes,Late Delivery
D03118,PAY03118,O03118,Standard,Returned,10,Credit Card,Refunded,2,8,No,Damaged
D03119,PAY03119,O03119,Same Day,Delivered,6,Debit Card,Refunded,3,3,No,Late Delivery
D03120,PAY03120,O03120,Standard,Delivered,6,Cash On Delivery,Refunded,3,8,Yes,Damaged
D03121,PAY03121,O03121,Same Day,In Transit,7,Cash On Delivery,Paid,4,4,No,Late Delivery
D03122,PAY03122,O03122,Standard,Delivered,9,Apple Pay,Paid,4,6,Yes,Late Delivery
D03123,PAY03123,O03123,Express,Delivered,7,Mada,Paid,2,4,No,Damaged
D03124,PAY03124,O03124,Same Day,Delivered,9,Mada,Refunded,4,8,Yes,Wrong Item
D03125,PAY03125,O03125,Express,Delivered,5,Cash On Delivery,Pending,3,7,Yes,N/A
D03126,PAY03126,O03126,Same Day,In Transit,8,STC Pay,Refunded,1,7,No,Wrong Item
D03127,PAY03127,O03127,Standard,Delivered,10,Credit Card,Pending,4,7,No,Wrong Item
D03128,PAY03128,O03128,Standard,Delivered,6,Credit Card,Pending,2,3,No,Wrong Item
D03129,PAY03129,O03129,Standard,Returned,1,STC Pay,Refunded,4,9,Yes,Damaged
D03130,PAY03130,O03130,Express,Delivered,10,Apple Pay,Refunded,5,7,Yes,Wrong Item
D03131,PAY03131,O03131,Same Day,Delivered,6,Debit Card,Pending,1,10,Yes,Late Delivery
D03132,PAY03132,O03132,Standard,In Transit,1,Credit Card,Pending,1,1,Yes,Damaged
D03133,PAY03133,O03133,Standard,Delivered,9,Apple Pay,Refunded,5,3,Yes,Wrong Item
D03134,PAY03134,O03134,Same Day,Returned,10,Credit Card,Refunded,1,10,Yes,Wrong Item
D03135,PAY03135,O03135,Same Day,Delivered,3,Cash On Delivery,Pending,2,1,No,Wrong Item
D03136,PAY03136,O03136,Express,Returned,1,Mada,Paid,3,1,No,Damaged
D03137,PAY03137,O03137,Express,Delivered,8,Apple Pay,Pending,1,7,No,N/A
D03138,PAY03138,O03138,Standard,Returned,4,Debit Card,Refunded,4,2,Yes,N/A
D03139,PAY03139,O03139,Same Day,Returned,5,Mada,Paid,2,6,Yes,N/A
D03140,PAY03140,O03140,Express,Returned,3,Mada,Pending,1,7,Yes,Late Delivery
D03141,PAY03141,O03141,Same Day,Delivered,9,Credit Card,Refunded,5,6,No,Wrong Item
D03142,PAY03142,O03142,Express,Delivered,3,Mada,Refunded,1,9,No,Late Delivery
D03143,PAY03143,O03143,Standard,Returned,9,Cash On Delivery,Paid,5,4,No,N/A
D03144,PAY03144,O03144,Same Day,Returned,2,Credit Card,Refunded,3,3,No,Late Delivery
D03145,PAY03145,O03145,Standard,Returned,8,Debit Card,Pending,4,8,Yes,Damaged
D03146,PAY03146,O03146,Same Day,In Transit,8,Cash On Delivery,Pending,2,2,No,N/A
D03147,PAY03147,O03147,Same Day,Returned,1,Debit Card,Refunded,4,6,No,Late Delivery
D03148,PAY03148,O03148,Standard,Delivered,2,Debit Card,Paid,3,8,No,Damaged
D03149,PAY03149,O03149,Express,Returned,5,Apple Pay,Pending,5,4,Yes,Damaged
D03150,PAY03150,O03150,Express,Returned,5,Mada,Paid,5,2,No,Damaged
D03151,PAY03151,O03151,Express,Delivered,10,Cash On Delivery,Paid,2,8,Yes,Late Delivery
D03152,PAY03152,O03152,Standard,Delivered,3,Cash On Delivery,Pending,3,3,Yes,Wrong Item
D03153,PAY03153,O03153,Same Day,Delivered,9,Mada,Refunded,1,3,No,Wrong Item
D03154,PAY03154,O03154,Standard,Delivered,4,Credit Card,Refunded,1,1,Yes,Wrong Item
D03155,PAY03155,O03155,Same Day,Delivered,9,Cash On Delivery,Refunded,5,10,Yes,Wrong Item
D03156,PAY03156,O03156,Same Day,Delivered,9,Apple Pay,Refunded,1,7,Yes,N/A
D03157,PAY03157,O03157,Express,Returned,9,Debit Card,Paid,1,5,Yes,N/A
D03158,PAY03158,O03158,Express,Returned,2,Apple Pay,Paid,1,3,Yes,Late Delivery
D03159,PAY03159,O03159,Same Day,In Transit,9,STC Pay,Refunded,1,1,No,Damaged
D03160,PAY03160,O03160,Same Day,Returned,10,Mada,Paid,4,1,Yes,Wrong Item
D03161,PAY03161,O03161,Same Day,Returned,8,Credit Card,Pending,3,3,Yes,Wrong Item
D03162,PAY03162,O03162,Express,In Transit,6,STC Pay,Refunded,4,1,Yes,Late Delivery
D03163,PAY03163,O03163,Express,Returned,2,STC Pay,Paid,1,6,Yes,N/A
D03164,PAY03164,O03164,Express,Delivered,2,Credit Card,Paid,5,9,Yes,Damaged
D03165,PAY03165,O03165,Same Day,Delivered,8,Mada,Refunded,5,10,Yes,N/A
D03166,PAY03166,O03166,Standard,Returned,8,Mada,Paid,5,2,No,Late Delivery
D03167,PAY03167,O03167,Express,Returned,3,Debit Card,Refunded,5,2,No,Late Delivery
D03168,PAY03168,O03168,Standard,In Transit,1,Cash On Delivery,Pending,3,3,Yes,Damaged
D03169,PAY03169,O03169,Standard,Returned,9,STC Pay,Refunded,2,4,Yes,Damaged
D03170,PAY03170,O03170,Express,Delivered,3,Credit Card,Paid,4,3,No,Wrong Item
D03171,PAY03171,O03171,Same Day,In Transit,7,Debit Card,Refunded,1,10,Yes,N/A
D03172,PAY03172,O03172,Express,Delivered,6,Debit Card,Pending,3,5,Yes,Damaged
D03173,PAY03173,O03173,Same Day,Returned,1,Debit Card,Pending,3,8,No,Damaged
D03174,PAY03174,O03174,Standard,Delivered,6,Apple Pay,Refunded,4,3,No,Wrong Item
D03175,PAY03175,O03175,Standard,Delivered,8,Mada,Refunded,3,3,Yes,Wrong Item
D03176,PAY03176,O03176,Express,In Transit,8,Cash On Delivery,Refunded,4,2,Yes,Wrong Item
D03177,PAY03177,O03177,Express,Delivered,3,Credit Card,Paid,4,7,No,N/A
D03178,PAY03178,O03178,Express,Delivered,6,Mada,Pending,1,6,No,Damaged
D03179,PAY03179,O03179,Same Day,Delivered,10,STC Pay,Refunded,3,2,No,Wrong Item
D03180,PAY03180,O03180,Express,Delivered,8,Cash On Delivery,Paid,3,1,No,N/A
D03181,PAY03181,O03181,Express,In Transit,1,Debit Card,Refunded,2,2,Yes,N/A
D03182,PAY03182,O03182,Express,Returned,4,STC Pay,Pending,3,3,No,Damaged
D03183,PAY03183,O03183,Standard,Returned,10,Mada,Refunded,4,8,Yes,N/A
D03184,PAY03184,O03184,Express,In Transit,7,Debit Card,Pending,5,7,No,Late Delivery
D03185,PAY03185,O03185,Standard,Delivered,10,Cash On Delivery,Paid,3,2,No,Late Delivery
D03186,PAY03186,O03186,Standard,Delivered,5,Mada,Paid,1,2,Yes,N/A
D03187,PAY03187,O03187,Same Day,In Transit,2,Debit Card,Refunded,4,8,Yes,Damaged
D03188,PAY03188,O03188,Express,Returned,5,Mada,Paid,3,6,Yes,Wrong Item
D03189,PAY03189,O03189,Standard,Delivered,8,Credit Card,Paid,4,4,No,Wrong Item
D03190,PAY03190,O03190,Same Day,In Transit,4,Credit Card,Pending,2,9,No,Wrong Item
D03191,PAY03191,O03191,Same Day,Delivered,9,Apple Pay,Refunded,3,1,No,Wrong Item
D03192,PAY03192,O03192,Standard,Returned,1,Mada,Paid,5,6,Yes,N/A
D03193,PAY03193,O03193,Standard,Returned,7,Debit Card,Refunded,4,2,Yes,Damaged
D03194,PAY03194,O03194,Express,Returned,6,Credit Card,Refunded,5,8,Yes,Damaged
D03195,PAY03195,O03195,Express,Delivered,5,Cash On Delivery,Refunded,1,3,Yes,Damaged
D03196,PAY03196,O03196,Express,In Transit,8,Apple Pay,Pending,1,5,Yes,Damaged
D03197,PAY03197,O03197,Express,In Transit,2,STC Pay,Refunded,4,6,Yes,Late Delivery
D03198,PAY03198,O03198,Standard,Returned,2,STC Pay,Pending,5,4,No,Damaged
D03199,PAY03199,O03199,Standard,Returned,7,Mada,Paid,1,2,Yes,N/A
D03200,PAY03200,O03200,Standard,In Transit,6,Cash On Delivery,Refunded,1,10,No,Late Delivery
D03201,PAY03201,O03201,Express,In Transit,3,Credit Card,Paid,1,7,No,N/A
D03202,PAY03202,O03202,Same Day,In Transit,8,Debit Card,Pending,4,9,Yes,Wrong Item
D03203,PAY03203,O03203,Express,Returned,1,Credit Card,Refunded,5,5,Yes,Wrong Item
D03204,PAY03204,O03204,Express,Delivered,9,Debit Card,Paid,4,10,No,N/A
D03205,PAY03205,O03205,Same Day,Delivered,9,STC Pay,Pending,3,7,No,Late Delivery
D03206,PAY03206,O03206,Express,Returned,10,Debit Card,Pending,4,7,Yes,Late Delivery
D03207,PAY03207,O03207,Same Day,In Transit,1,Apple Pay,Pending,4,4,No,Late Delivery
D03208,PAY03208,O03208,Standard,Returned,7,Debit Card,Paid,2,3,Yes,Damaged
D03209,PAY03209,O03209,Express,Returned,10,Cash On Delivery,Pending,5,8,No,Damaged
D03210,PAY03210,O03210,Same Day,Returned,2,Cash On Delivery,Pending,5,7,No,Damaged
D03211,PAY03211,O03211,Same Day,In Transit,7,STC Pay,Refunded,4,9,Yes,N/A
D03212,PAY03212,O03212,Express,In Transit,5,Cash On Delivery,Refunded,3,9,No,Damaged
D03213,PAY03213,O03213,Standard,In Transit,10,Cash On Delivery,Refunded,1,1,No,N/A
D03214,PAY03214,O03214,Same Day,Delivered,10,Cash On Delivery,Pending,3,3,Yes,N/A
D03215,PAY03215,O03215,Standard,In Transit,3,Credit Card,Refunded,4,6,Yes,Late Delivery
D03216,PAY03216,O03216,Express,Delivered,8,Debit Card,Pending,2,3,Yes,N/A
D03217,PAY03217,O03217,Same Day,Delivered,1,Credit Card,Refunded,3,5,No,Late Delivery
D03218,PAY03218,O03218,Same Day,Returned,9,STC Pay,Pending,2,5,No,Wrong Item
D03219,PAY03219,O03219,Standard,Delivered,8,Mada,Pending,3,3,Yes,Wrong Item
D03220,PAY03220,O03220,Express,In Transit,7,Debit Card,Pending,4,8,Yes,Late Delivery
D03221,PAY03221,O03221,Express,Delivered,5,Mada,Paid,4,4,No,Wrong Item
D03222,PAY03222,O03222,Express,In Transit,10,STC Pay,Refunded,1,10,Yes,N/A
D03223,PAY03223,O03223,Express,Returned,5,STC Pay,Paid,1,10,No,Damaged
D03224,PAY03224,O03224,Express,Delivered,8,STC Pay,Paid,3,6,No,Damaged
D03225,PAY03225,O03225,Express,Delivered,2,Credit Card,Refunded,1,5,Yes,Damaged
D03226,PAY03226,O03226,Standard,In Transit,6,Credit Card,Pending,3,8,No,Late Delivery
D03227,PAY03227,O03227,Express,Delivered,9,Mada,Pending,3,3,Yes,Late Delivery
D03228,PAY03228,O03228,Express,Returned,10,Cash On Delivery,Paid,5,10,No,Late Delivery
D03229,PAY03229,O03229,Same Day,Delivered,9,STC Pay,Paid,3,2,No,Damaged
D03230,PAY03230,O03230,Same Day,In Transit,1,Debit Card,Refunded,3,4,Yes,N/A
D03231,PAY03231,O03231,Express,Returned,2,Cash On Delivery,Pending,1,10,Yes,Damaged
D03232,PAY03232,O03232,Express,Delivered,9,Credit Card,Paid,3,7,No,N/A
D03233,PAY03233,O03233,Standard,In Transit,3,Apple Pay,Pending,1,10,Yes,N/A
D03234,PAY03234,O03234,Same Day,Returned,3,Credit Card,Paid,1,9,Yes,Damaged
D03235,PAY03235,O03235,Standard,Returned,4,Debit Card,Pending,3,3,Yes,Wrong Item
D03236,PAY03236,O03236,Same Day,Returned,5,STC Pay,Refunded,3,4,Yes,Wrong Item
D03237,PAY03237,O03237,Same Day,Returned,10,STC Pay,Paid,1,8,Yes,Wrong Item
D03238,PAY03238,O03238,Express,Delivered,9,Debit Card,Pending,4,4,No,N/A
D03239,PAY03239,O03239,Standard,Delivered,3,STC Pay,Pending,1,10,No,Wrong Item
D03240,PAY03240,O03240,Express,In Transit,3,Apple Pay,Pending,4,1,No,Wrong Item
D03241,PAY03241,O03241,Express,Delivered,3,Debit Card,Pending,3,3,No,N/A
D03242,PAY03242,O03242,Standard,Delivered,1,Mada,Pending,5,1,No,N/A
D03243,PAY03243,O03243,Standard,In Transit,8,Credit Card,Refunded,3,1,No,Wrong Item
D03244,PAY03244,O03244,Standard,Returned,10,Credit Card,Paid,3,8,Yes,N/A
D03245,PAY03245,O03245,Same Day,Delivered,7,Mada,Pending,1,5,No,N/A
D03246,PAY03246,O03246,Same Day,Delivered,6,Debit Card,Paid,5,1,No,Late Delivery
D03247,PAY03247,O03247,Standard,Returned,5,Cash On Delivery,Pending,4,8,No,Wrong Item
D03248,PAY03248,O03248,Same Day,In Transit,5,STC Pay,Refunded,2,1,No,N/A
D03249,PAY03249,O03249,Express,In Transit,4,Debit Card,Pending,3,2,Yes,Late Delivery
D03250,PAY03250,O03250,Standard,Delivered,8,Mada,Paid,3,7,Yes,Wrong Item
D03251,PAY03251,O03251,Express,In Transit,2,STC Pay,Refunded,2,6,No,Wrong Item
D03252,PAY03252,O03252,Express,Delivered,9,Cash On Delivery,Pending,4,4,No,Wrong Item
D03253,PAY03253,O03253,Same Day,Delivered,3,Credit Card,Refunded,5,9,No,Damaged
D03254,PAY03254,O03254,Same Day,Returned,1,Cash On Delivery,Refunded,1,3,No,Late Delivery
D03255,PAY03255,O03255,Same Day,Returned,1,Mada,Refunded,1,6,No,N/A
D03256,PAY03256,O03256,Standard,In Transit,9,Mada,Refunded,2,6,Yes,N/A
D03257,PAY03257,O03257,Same Day,Delivered,6,Mada,Paid,1,7,No,Wrong Item
D03258,PAY03258,O03258,Standard,In Transit,9,Mada,Pending,2,10,Yes,Damaged
D03259,PAY03259,O03259,Standard,Returned,10,Mada,Paid,5,1,No,Wrong Item
D03260,PAY03260,O03260,Standard,Delivered,5,Apple Pay,Pending,3,6,No,N/A
D03261,PAY03261,O03261,Same Day,Returned,8,Mada,Pending,3,4,Yes,Damaged
D03262,PAY03262,O03262,Standard,Returned,4,Mada,Refunded,1,6,No,Late Delivery
D03263,PAY03263,O03263,Same Day,Delivered,6,Credit Card,Paid,2,3,No,Late Delivery
D03264,PAY03264,O03264,Express,Returned,10,Credit Card,Refunded,2,1,Yes,Damaged
D03265,PAY03265,O03265,Express,Returned,1,Debit Card,Paid,1,8,No,Wrong Item
D03266,PAY03266,O03266,Same Day,Delivered,8,Credit Card,Paid,1,5,No,Damaged
D03267,PAY03267,O03267,Express,In Transit,6,STC Pay,Pending,3,4,No,Wrong Item
D03268,PAY03268,O03268,Same Day,Delivered,2,Mada,Refunded,5,5,No,N/A
D03269,PAY03269,O03269,Same Day,Delivered,7,Debit Card,Pending,3,9,No,N/A
D03270,PAY03270,O03270,Same Day,Delivered,7,Cash On Delivery,Paid,2,3,No,Damaged
D03271,PAY03271,O03271,Standard,In Transit,8,Credit Card,Paid,5,2,Yes,Damaged
D03272,PAY03272,O03272,Standard,Returned,6,Credit Card,Pending,5,10,Yes,Damaged
D03273,PAY03273,O03273,Standard,In Transit,1,Debit Card,Pending,1,1,No,Damaged
D03274,PAY03274,O03274,Standard,Returned,4,Mada,Pending,1,9,Yes,Wrong Item
D03275,PAY03275,O03275,Standard,Returned,3,STC Pay,Pending,4,7,No,N/A
D03276,PAY03276,O03276,Express,Returned,6,Mada,Pending,5,2,No,N/A
D03277,PAY03277,O03277,Same Day,In Transit,2,Apple Pay,Refunded,5,7,Yes,Late Delivery
D03278,PAY03278,O03278,Express,Delivered,2,Cash On Delivery,Refunded,5,1,No,Wrong Item
D03279,PAY03279,O03279,Express,Returned,4,Apple Pay,Pending,3,6,No,Wrong Item
D03280,PAY03280,O03280,Same Day,In Transit,8,Credit Card,Refunded,4,7,Yes,N/A
D03281,PAY03281,O03281,Same Day,Returned,3,Apple Pay,Refunded,5,3,No,Wrong Item
D03282,PAY03282,O03282,Standard,In Transit,9,STC Pay,Paid,5,7,Yes,Wrong Item
D03283,PAY03283,O03283,Same Day,Returned,3,STC Pay,Pending,2,7,No,Damaged
D03284,PAY03284,O03284,Express,Returned,3,STC Pay,Paid,3,6,Yes,Wrong Item
D03285,PAY03285,O03285,Express,In Transit,7,Credit Card,Paid,2,5,Yes,Damaged
D03286,PAY03286,O03286,Express,In Transit,4,Debit Card,Pending,4,2,No,N/A
D03287,PAY03287,O03287,Same Day,Delivered,7,Mada,Refunded,2,3,No,Damaged
D03288,PAY03288,O03288,Express,Returned,2,Apple Pay,Refunded,2,5,Yes,Damaged
D03289,PAY03289,O03289,Same Day,In Transit,5,Apple Pay,Paid,3,6,No,Late Delivery
D03290,PAY03290,O03290,Same Day,Returned,2,Cash On Delivery,Pending,5,7,Yes,N/A
D03291,PAY03291,O03291,Standard,In Transit,4,Debit Card,Refunded,5,2,Yes,N/A
D03292,PAY03292,O03292,Standard,In Transit,8,Credit Card,Paid,1,1,No,Wrong Item
D03293,PAY03293,O03293,Same Day,In Transit,5,Credit Card,Paid,2,10,Yes,Late Delivery
D03294,PAY03294,O03294,Same Day,Returned,8,Cash On Delivery,Paid,5,8,Yes,Late Delivery
D03295,PAY03295,O03295,Standard,Returned,1,Cash On Delivery,Refunded,3,9,Yes,N/A
D03296,PAY03296,O03296,Standard,In Transit,6,Debit Card,Paid,1,4,No,N/A
D03297,PAY03297,O03297,Express,Returned,6,Apple Pay,Paid,5,4,Yes,Damaged
D03298,PAY03298,O03298,Standard,Delivered,9,Apple Pay,Paid,2,2,No,Wrong Item
D03299,PAY03299,O03299,Same Day,In Transit,2,Debit Card,Refunded,3,4,Yes,Wrong Item
D03300,PAY03300,O03300,Standard,Delivered,9,Credit Card,Pending,1,5,Yes,N/A
D03301,PAY03301,O03301,Express,Delivered,2,STC Pay,Refunded,2,2,Yes,Late Delivery
D03302,PAY03302,O03302,Same Day,Returned,5,Debit Card,Pending,4,8,Yes,N/A
D03303,PAY03303,O03303,Same Day,Delivered,10,Credit Card,Paid,1,3,Yes,Late Delivery
D03304,PAY03304,O03304,Same Day,Returned,7,Credit Card,Paid,5,1,Yes,N/A
D03305,PAY03305,O03305,Express,Delivered,6,STC Pay,Pending,2,9,Yes,Damaged
D03306,PAY03306,O03306,Express,Returned,4,Mada,Refunded,5,6,Yes,Damaged
D03307,PAY03307,O03307,Standard,Returned,1,Debit Card,Paid,2,9,Yes,Late Delivery
D03308,PAY03308,O03308,Standard,Delivered,8,STC Pay,Paid,5,5,No,Damaged
D03309,PAY03309,O03309,Same Day,In Transit,7,Mada,Pending,4,2,Yes,Damaged
D03310,PAY03310,O03310,Express,In Transit,10,Cash On Delivery,Refunded,4,1,Yes,Damaged
D03311,PAY03311,O03311,Standard,In Transit,3,Debit Card,Pending,2,4,Yes,N/A
D03312,PAY03312,O03312,Standard,In Transit,5,Debit Card,Refunded,1,7,Yes,Wrong Item
D03313,PAY03313,O03313,Express,Delivered,5,Debit Card,Pending,2,1,No,Damaged
D03314,PAY03314,O03314,Same Day,Returned,1,STC Pay,Pending,2,6,No,Wrong Item
D03315,PAY03315,O03315,Standard,Returned,2,STC Pay,Refunded,5,9,Yes,Late Delivery
D03316,PAY03316,O03316,Express,Delivered,9,Apple Pay,Pending,4,1,Yes,Damaged
D03317,PAY03317,O03317,Standard,In Transit,3,Apple Pay,Pending,2,2,Yes,Damaged
D03318,PAY03318,O03318,Express,Returned,3,STC Pay,Refunded,2,2,No,Late Delivery
D03319,PAY03319,O03319,Express,In Transit,7,Credit Card,Refunded,2,2,No,Wrong Item
D03320,PAY03320,O03320,Express,In Transit,5,Apple Pay,Refunded,2,6,No,Wrong Item
D03321,PAY03321,O03321,Express,In Transit,6,Cash On Delivery,Refunded,2,10,No,Late Delivery
D03322,PAY03322,O03322,Same Day,Returned,3,STC Pay,Refunded,4,7,No,Damaged
D03323,PAY03323,O03323,Standard,Returned,5,Mada,Refunded,2,10,Yes,Wrong Item
D03324,PAY03324,O03324,Express,In Transit,9,Apple Pay,Paid,1,3,No,Damaged
D03325,PAY03325,O03325,Same Day,Returned,9,Credit Card,Pending,3,9,No,Late Delivery
D03326,PAY03326,O03326,Standard,Delivered,7,STC Pay,Refunded,3,8,No,Late Delivery
D03327,PAY03327,O03327,Same Day,Delivered,1,Mada,Pending,5,8,No,Wrong Item
D03328,PAY03328,O03328,Standard,Returned,3,Debit Card,Refunded,2,3,Yes,Late Delivery
D03329,PAY03329,O03329,Express,Returned,3,Cash On Delivery,Paid,1,8,Yes,Wrong Item
D03330,PAY03330,O03330,Standard,Delivered,5,Debit Card,Refunded,4,9,No,Wrong Item
D03331,PAY03331,O03331,Express,In Transit,4,Cash On Delivery,Refunded,2,8,Yes,Late Delivery
D03332,PAY03332,O03332,Same Day,Returned,5,Apple Pay,Paid,2,5,No,N/A
D03333,PAY03333,O03333,Express,In Transit,5,STC Pay,Refunded,4,5,No,Late Delivery
D03334,PAY03334,O03334,Same Day,Delivered,4,Cash On Delivery,Refunded,1,6,Yes,Late Delivery
D03335,PAY03335,O03335,Standard,Delivered,9,Apple Pay,Paid,1,6,Yes,Late Delivery
D03336,PAY03336,O03336,Standard,Delivered,5,Apple Pay,Refunded,3,6,Yes,Damaged
D03337,PAY03337,O03337,Same Day,Delivered,9,Cash On Delivery,Pending,1,2,Yes,Late Delivery
D03338,PAY03338,O03338,Same Day,Returned,4,Debit Card,Paid,2,4,Yes,Late Delivery
D03339,PAY03339,O03339,Standard,Returned,7,Cash On Delivery,Refunded,4,6,No,N/A
D03340,PAY03340,O03340,Standard,In Transit,1,Mada,Paid,4,8,No,N/A
D03341,PAY03341,O03341,Standard,Returned,4,Credit Card,Paid,4,7,No,Late Delivery
D03342,PAY03342,O03342,Standard,Returned,5,Credit Card,Pending,5,3,No,Damaged
D03343,PAY03343,O03343,Same Day,In Transit,9,Mada,Pending,3,3,Yes,Damaged
D03344,PAY03344,O03344,Standard,Delivered,6,Apple Pay,Refunded,4,3,Yes,Wrong Item
D03345,PAY03345,O03345,Standard,Returned,7,Credit Card,Pending,1,5,Yes,Damaged
D03346,PAY03346,O03346,Standard,In Transit,7,Credit Card,Refunded,3,9,No,Damaged
D03347,PAY03347,O03347,Same Day,In Transit,8,Credit Card,Pending,5,8,Yes,Damaged
D03348,PAY03348,O03348,Express,Returned,8,STC Pay,Pending,2,3,No,Late Delivery
D03349,PAY03349,O03349,Express,In Transit,10,Credit Card,Refunded,4,1,No,Late Delivery
D03350,PAY03350,O03350,Same Day,Returned,1,Mada,Pending,1,3,Yes,Wrong Item
D03351,PAY03351,O03351,Express,In Transit,10,Mada,Refunded,2,3,No,Damaged
D03352,PAY03352,O03352,Same Day,In Transit,1,Apple Pay,Refunded,3,9,No,Damaged
D03353,PAY03353,O03353,Express,Returned,9,STC Pay,Paid,2,1,Yes,Late Delivery
D03354,PAY03354,O03354,Standard,Delivered,6,Cash On Delivery,Paid,2,2,Yes,Late Delivery
D03355,PAY03355,O03355,Standard,Delivered,7,STC Pay,Paid,1,9,No,N/A
D03356,PAY03356,O03356,Standard,In Transit,8,Mada,Paid,1,7,No,Damaged
D03357,PAY03357,O03357,Same Day,In Transit,9,Credit Card,Paid,5,6,Yes,Late Delivery
D03358,PAY03358,O03358,Express,In Transit,2,Mada,Pending,5,2,Yes,N/A
D03359,PAY03359,O03359,Same Day,Delivered,6,Credit Card,Refunded,3,10,No,N/A
D03360,PAY03360,O03360,Same Day,Returned,5,Debit Card,Refunded,5,5,No,Damaged
D03361,PAY03361,O03361,Same Day,Delivered,4,Cash On Delivery,Paid,1,4,Yes,Wrong Item
D03362,PAY03362,O03362,Standard,Returned,4,Mada,Paid,4,1,No,Late Delivery
D03363,PAY03363,O03363,Standard,Returned,10,Cash On Delivery,Refunded,4,5,Yes,Damaged
D03364,PAY03364,O03364,Express,Returned,4,STC Pay,Refunded,3,6,Yes,Late Delivery
D03365,PAY03365,O03365,Express,Returned,9,Mada,Pending,1,5,No,N/A
D03366,PAY03366,O03366,Same Day,In Transit,4,Mada,Pending,1,9,Yes,N/A
D03367,PAY03367,O03367,Same Day,Returned,9,Debit Card,Refunded,1,8,No,Wrong Item
D03368,PAY03368,O03368,Standard,In Transit,2,Credit Card,Refunded,3,8,Yes,Wrong Item
D03369,PAY03369,O03369,Same Day,In Transit,3,Apple Pay,Pending,5,7,Yes,Damaged
D03370,PAY03370,O03370,Same Day,In Transit,1,STC Pay,Refunded,4,8,Yes,N/A
D03371,PAY03371,O03371,Standard,Delivered,2,Credit Card,Refunded,3,9,Yes,Damaged
D03372,PAY03372,O03372,Express,In Transit,7,Apple Pay,Refunded,5,5,No,N/A
D03373,PAY03373,O03373,Standard,Delivered,3,STC Pay,Refunded,3,3,Yes,Damaged
D03374,PAY03374,O03374,Standard,Delivered,6,Apple Pay,Paid,5,7,Yes,Late Delivery
D03375,PAY03375,O03375,Same Day,In Transit,3,Debit Card,Paid,1,2,Yes,Late Delivery
D03376,PAY03376,O03376,Same Day,In Transit,7,Credit Card,Pending,5,3,No,Damaged
D03377,PAY03377,O03377,Express,Delivered,8,Debit Card,Paid,1,10,Yes,Late Delivery
D03378,PAY03378,O03378,Same Day,In Transit,7,Apple Pay,Refunded,2,8,No,N/A
D03379,PAY03379,O03379,Standard,In Transit,6,Debit Card,Refunded,2,6,Yes,Late Delivery
D03380,PAY03380,O03380,Express,Returned,10,Mada,Pending,3,7,No,N/A
D03381,PAY03381,O03381,Express,Delivered,6,Mada,Refunded,3,6,No,Wrong Item
D03382,PAY03382,O03382,Standard,Returned,10,Cash On Delivery,Pending,2,6,Yes,Wrong Item
D03383,PAY03383,O03383,Express,In Transit,6,STC Pay,Refunded,2,8,No,Wrong Item
D03384,PAY03384,O03384,Express,Delivered,10,Credit Card,Refunded,3,8,No,Damaged
D03385,PAY03385,O03385,Same Day,Returned,6,Cash On Delivery,Refunded,3,2,No,Late Delivery
D03386,PAY03386,O03386,Same Day,Delivered,5,Credit Card,Refunded,4,1,No,Late Delivery
D03387,PAY03387,O03387,Express,Returned,5,Cash On Delivery,Pending,3,10,Yes,N/A
D03388,PAY03388,O03388,Express,Delivered,6,Debit Card,Refunded,2,9,No,Wrong Item
D03389,PAY03389,O03389,Standard,In Transit,5,Cash On Delivery,Paid,3,4,Yes,Late Delivery
D03390,PAY03390,O03390,Express,In Transit,5,Mada,Refunded,5,1,No,Wrong Item
D03391,PAY03391,O03391,Same Day,Delivered,4,Apple Pay,Paid,4,6,No,N/A
D03392,PAY03392,O03392,Standard,Delivered,9,Debit Card,Pending,5,2,Yes,Late Delivery
D03393,PAY03393,O03393,Standard,In Transit,10,Credit Card,Refunded,3,5,No,Wrong Item
D03394,PAY03394,O03394,Same Day,Returned,4,Credit Card,Pending,2,5,No,Damaged
D03395,PAY03395,O03395,Express,Delivered,9,Debit Card,Paid,4,8,Yes,N/A
D03396,PAY03396,O03396,Same Day,Returned,1,Cash On Delivery,Pending,2,6,No,Damaged
D03397,PAY03397,O03397,Same Day,Delivered,1,Debit Card,Pending,2,2,No,Damaged
D03398,PAY03398,O03398,Same Day,Returned,6,Apple Pay,Paid,4,4,No,N/A
D03399,PAY03399,O03399,Standard,Returned,5,Cash On Delivery,Pending,1,2,No,Wrong Item
D03400,PAY03400,O03400,Standard,In Transit,9,Debit Card,Paid,3,10,No,N/A
D03401,PAY03401,O03401,Standard,In Transit,8,Cash On Delivery,Refunded,2,7,Yes,Wrong Item
D03402,PAY03402,O03402,Express,In Transit,4,Mada,Paid,2,8,No,N/A
D03403,PAY03403,O03403,Standard,Delivered,3,STC Pay,Pending,5,3,No,Damaged
D03404,PAY03404,O03404,Standard,Returned,5,Cash On Delivery,Paid,5,8,Yes,Damaged
D03405,PAY03405,O03405,Same Day,Returned,9,Debit Card,Paid,5,7,Yes,N/A
D03406,PAY03406,O03406,Express,Delivered,1,Cash On Delivery,Pending,4,9,No,Late Delivery
D03407,PAY03407,O03407,Standard,In Transit,7,Apple Pay,Pending,2,3,No,Damaged
D03408,PAY03408,O03408,Same Day,Returned,1,Cash On Delivery,Paid,4,2,No,Wrong Item
D03409,PAY03409,O03409,Same Day,Delivered,5,Apple Pay,Paid,3,5,No,N/A
D03410,PAY03410,O03410,Standard,In Transit,1,Debit Card,Pending,1,5,Yes,Late Delivery
D03411,PAY03411,O03411,Same Day,Delivered,1,Mada,Paid,5,2,No,Damaged
D03412,PAY03412,O03412,Standard,Delivered,7,STC Pay,Refunded,3,2,Yes,Late Delivery
D03413,PAY03413,O03413,Express,Returned,4,Apple Pay,Refunded,2,8,Yes,Damaged
D03414,PAY03414,O03414,Standard,Returned,6,Mada,Refunded,2,7,Yes,N/A
D03415,PAY03415,O03415,Same Day,Returned,8,Debit Card,Pending,4,10,No,Damaged
D03416,PAY03416,O03416,Standard,Delivered,9,Cash On Delivery,Paid,2,2,Yes,Wrong Item
D03417,PAY03417,O03417,Express,Returned,10,Debit Card,Refunded,2,10,No,Damaged
D03418,PAY03418,O03418,Express,Delivered,2,Credit Card,Paid,5,2,Yes,Late Delivery
D03419,PAY03419,O03419,Express,Delivered,4,Debit Card,Refunded,4,1,No,Wrong Item
D03420,PAY03420,O03420,Same Day,Returned,5,Cash On Delivery,Paid,4,9,Yes,N/A
D03421,PAY03421,O03421,Standard,Delivered,8,Credit Card,Pending,5,7,No,Damaged
D03422,PAY03422,O03422,Same Day,Delivered,7,STC Pay,Refunded,4,4,Yes,Wrong Item
D03423,PAY03423,O03423,Standard,Returned,8,Apple Pay,Pending,3,3,Yes,N/A
D03424,PAY03424,O03424,Express,Returned,6,Cash On Delivery,Pending,4,2,No,Damaged
D03425,PAY03425,O03425,Same Day,Delivered,4,Apple Pay,Paid,4,2,No,Wrong Item
D03426,PAY03426,O03426,Express,Returned,6,Credit Card,Paid,5,4,Yes,Damaged
D03427,PAY03427,O03427,Same Day,Delivered,1,Debit Card,Refunded,2,1,No,Wrong Item
D03428,PAY03428,O03428,Standard,Returned,8,STC Pay,Paid,1,6,No,Wrong Item
D03429,PAY03429,O03429,Express,In Transit,8,STC Pay,Refunded,2,8,No,Wrong Item
D03430,PAY03430,O03430,Express,Returned,3,Cash On Delivery,Refunded,5,6,No,Damaged
D03431,PAY03431,O03431,Express,Delivered,10,Credit Card,Pending,5,8,No,Late Delivery
D03432,PAY03432,O03432,Standard,Returned,10,Cash On Delivery,Paid,4,3,No,Wrong Item
D03433,PAY03433,O03433,Same Day,Delivered,8,Debit Card,Pending,4,9,Yes,Wrong Item
D03434,PAY03434,O03434,Same Day,Returned,9,Credit Card,Pending,3,7,No,Damaged
D03435,PAY03435,O03435,Express,In Transit,10,Debit Card,Paid,1,2,No,Damaged
D03436,PAY03436,O03436,Express,Returned,10,Mada,Refunded,2,10,Yes,Wrong Item
D03437,PAY03437,O03437,Standard,In Transit,7,Apple Pay,Refunded,1,5,Yes,Wrong Item
D03438,PAY03438,O03438,Express,In Transit,8,Mada,Pending,3,6,Yes,Wrong Item
D03439,PAY03439,O03439,Standard,In Transit,8,Mada,Refunded,3,1,Yes,Late Delivery
D03440,PAY03440,O03440,Standard,Returned,4,Apple Pay,Pending,1,8,Yes,N/A
D03441,PAY03441,O03441,Express,Returned,1,Mada,Pending,3,4,No,N/A
D03442,PAY03442,O03442,Express,Returned,5,Cash On Delivery,Pending,5,2,No,N/A
D03443,PAY03443,O03443,Standard,Delivered,3,Credit Card,Paid,1,6,Yes,N/A
D03444,PAY03444,O03444,Standard,In Transit,1,Cash On Delivery,Pending,3,9,Yes,Late Delivery
D03445,PAY03445,O03445,Same Day,Delivered,1,Debit Card,Paid,1,1,Yes,N/A
D03446,PAY03446,O03446,Same Day,Returned,2,Debit Card,Paid,2,6,No,N/A
D03447,PAY03447,O03447,Same Day,In Transit,5,STC Pay,Pending,4,9,No,Wrong Item
D03448,PAY03448,O03448,Same Day,In Transit,5,Debit Card,Refunded,5,10,Yes,N/A
D03449,PAY03449,O03449,Same Day,Delivered,8,Mada,Paid,5,4,No,N/A
D03450,PAY03450,O03450,Express,In Transit,7,Apple Pay,Pending,3,9,Yes,Wrong Item
D03451,PAY03451,O03451,Standard,Delivered,4,Credit Card,Refunded,5,2,No,N/A
D03452,PAY03452,O03452,Same Day,Delivered,3,STC Pay,Paid,4,10,Yes,N/A
D03453,PAY03453,O03453,Express,In Transit,3,Mada,Refunded,1,7,No,N/A
D03454,PAY03454,O03454,Standard,In Transit,2,STC Pay,Refunded,1,10,Yes,Damaged
D03455,PAY03455,O03455,Express,In Transit,8,Mada,Paid,4,1,No,N/A
D03456,PAY03456,O03456,Express,In Transit,3,Mada,Paid,5,4,No,Damaged
D03457,PAY03457,O03457,Same Day,Returned,3,Credit Card,Pending,4,9,No,Wrong Item
D03458,PAY03458,O03458,Same Day,Delivered,5,Credit Card,Refunded,4,4,Yes,Damaged
D03459,PAY03459,O03459,Same Day,In Transit,4,Cash On Delivery,Pending,2,6,Yes,Late Delivery
D03460,PAY03460,O03460,Standard,Delivered,9,Credit Card,Paid,4,7,Yes,Late Delivery
D03461,PAY03461,O03461,Same Day,Delivered,6,Cash On Delivery,Pending,1,6,Yes,Late Delivery
D03462,PAY03462,O03462,Express,Delivered,5,Cash On Delivery,Pending,1,10,Yes,Wrong Item
D03463,PAY03463,O03463,Standard,In Transit,9,Debit Card,Refunded,1,8,No,N/A
D03464,PAY03464,O03464,Standard,Returned,10,Apple Pay,Pending,1,5,No,Damaged
D03465,PAY03465,O03465,Standard,Returned,6,Debit Card,Refunded,1,7,Yes,Damaged
D03466,PAY03466,O03466,Express,Delivered,10,Cash On Delivery,Paid,4,1,No,Late Delivery
D03467,PAY03467,O03467,Standard,In Transit,7,Cash On Delivery,Refunded,5,9,No,Damaged
D03468,PAY03468,O03468,Express,Delivered,8,Cash On Delivery,Pending,2,7,Yes,Damaged
D03469,PAY03469,O03469,Express,Returned,7,STC Pay,Pending,1,5,Yes,N/A
D03470,PAY03470,O03470,Standard,Delivered,9,Credit Card,Refunded,1,9,No,Damaged
D03471,PAY03471,O03471,Same Day,Delivered,4,Mada,Paid,2,1,No,Wrong Item
D03472,PAY03472,O03472,Express,In Transit,4,Debit Card,Pending,4,10,Yes,Late Delivery
D03473,PAY03473,O03473,Same Day,Delivered,9,Credit Card,Paid,4,3,Yes,Damaged
D03474,PAY03474,O03474,Express,Returned,3,Apple Pay,Pending,1,3,No,Wrong Item
D03475,PAY03475,O03475,Express,In Transit,2,Debit Card,Paid,5,8,Yes,Late Delivery
D03476,PAY03476,O03476,Same Day,In Transit,4,Cash On Delivery,Refunded,4,3,Yes,Late Delivery
D03477,PAY03477,O03477,Express,Delivered,7,Debit Card,Pending,2,8,No,Wrong Item
D03478,PAY03478,O03478,Express,In Transit,2,Mada,Pending,5,9,Yes,Damaged
D03479,PAY03479,O03479,Express,Returned,7,Apple Pay,Paid,2,2,Yes,Wrong Item
D03480,PAY03480,O03480,Standard,Delivered,2,Debit Card,Refunded,3,5,Yes,Damaged
D03481,PAY03481,O03481,Standard,Delivered,2,STC Pay,Pending,1,7,No,Late Delivery
D03482,PAY03482,O03482,Standard,Returned,5,STC Pay,Pending,5,1,Yes,Late Delivery
D03483,PAY03483,O03483,Express,Delivered,2,Credit Card,Pending,4,3,No,N/A
D03484,PAY03484,O03484,Express,In Transit,8,Cash On Delivery,Pending,3,3,No,Wrong Item
D03485,PAY03485,O03485,Express,In Transit,9,Credit Card,Paid,4,4,No,N/A
D03486,PAY03486,O03486,Same Day,In Transit,10,Apple Pay,Pending,1,8,No,N/A
D03487,PAY03487,O03487,Standard,Returned,1,Cash On Delivery,Refunded,5,5,No,Wrong Item
D03488,PAY03488,O03488,Standard,Returned,2,Debit Card,Refunded,4,2,Yes,N/A
D03489,PAY03489,O03489,Same Day,Returned,9,Cash On Delivery,Paid,4,6,Yes,Damaged
D03490,PAY03490,O03490,Same Day,Delivered,7,Debit Card,Pending,4,9,Yes,Late Delivery
D03491,PAY03491,O03491,Standard,Delivered,3,STC Pay,Paid,3,3,No,Damaged
D03492,PAY03492,O03492,Same Day,Delivered,6,Mada,Refunded,5,1,No,Late Delivery
D03493,PAY03493,O03493,Express,Delivered,2,STC Pay,Pending,1,3,No,Damaged
D03494,PAY03494,O03494,Standard,In Transit,6,Mada,Pending,4,9,No,Damaged
D03495,PAY03495,O03495,Express,In Transit,3,Debit Card,Refunded,4,1,No,Damaged
D03496,PAY03496,O03496,Same Day,Delivered,7,Debit Card,Refunded,2,6,Yes,N/A
D03497,PAY03497,O03497,Express,Returned,10,Mada,Paid,5,2,No,Damaged
D03498,PAY03498,O03498,Express,Returned,3,Credit Card,Refunded,1,2,Yes,N/A
D03499,PAY03499,O03499,Express,Delivered,10,Apple Pay,Pending,1,2,No,Late Delivery
D03500,PAY03500,O03500,Standard,Returned,4,Credit Card,Paid,2,1,Yes,Late Delivery
D03501,PAY03501,O03501,Standard,Returned,6,Apple Pay,Paid,1,2,No,N/A
D03502,PAY03502,O03502,Express,In Transit,10,STC Pay,Refunded,4,9,Yes,Wrong Item
D03503,PAY03503,O03503,Express,Delivered,10,Debit Card,Refunded,5,7,No,Late Delivery
D03504,PAY03504,O03504,Standard,In Transit,6,STC Pay,Pending,3,5,Yes,Damaged
D03505,PAY03505,O03505,Standard,Delivered,3,Credit Card,Paid,3,6,Yes,Wrong Item
D03506,PAY03506,O03506,Standard,In Transit,1,STC Pay,Pending,2,5,No,N/A
D03507,PAY03507,O03507,Same Day,In Transit,10,Debit Card,Paid,2,6,No,Late Delivery
D03508,PAY03508,O03508,Standard,Delivered,9,Mada,Paid,1,9,No,Late Delivery
D03509,PAY03509,O03509,Same Day,In Transit,3,STC Pay,Paid,5,1,No,N/A
D03510,PAY03510,O03510,Same Day,Returned,7,Debit Card,Pending,1,3,Yes,Late Delivery
D03511,PAY03511,O03511,Standard,Delivered,10,Credit Card,Pending,2,10,No,Damaged
D03512,PAY03512,O03512,Standard,In Transit,10,Cash On Delivery,Paid,2,10,Yes,Late Delivery
D03513,PAY03513,O03513,Same Day,Returned,2,Credit Card,Refunded,3,10,No,N/A
D03514,PAY03514,O03514,Standard,In Transit,10,STC Pay,Pending,3,3,Yes,Wrong Item
D03515,PAY03515,O03515,Standard,Delivered,4,Mada,Refunded,5,4,Yes,Late Delivery
D03516,PAY03516,O03516,Same Day,Delivered,2,Debit Card,Paid,3,2,Yes,Wrong Item
D03517,PAY03517,O03517,Same Day,Delivered,1,Cash On Delivery,Paid,2,8,No,Damaged
D03518,PAY03518,O03518,Standard,Delivered,2,Cash On Delivery,Refunded,2,2,Yes,Late Delivery
D03519,PAY03519,O03519,Express,Delivered,3,Mada,Paid,2,2,No,N/A
D03520,PAY03520,O03520,Same Day,Delivered,5,Apple Pay,Refunded,2,7,Yes,Late Delivery
D03521,PAY03521,O03521,Same Day,Returned,4,Debit Card,Pending,2,2,No,Late Delivery
D03522,PAY03522,O03522,Express,In Transit,7,STC Pay,Refunded,4,5,No,N/A
D03523,PAY03523,O03523,Same Day,In Transit,3,Mada,Pending,4,2,No,Damaged
D03524,PAY03524,O03524,Standard,Returned,10,Debit Card,Pending,4,7,Yes,Wrong Item
D03525,PAY03525,O03525,Standard,Returned,7,Cash On Delivery,Refunded,2,4,No,N/A
D03526,PAY03526,O03526,Same Day,Returned,1,Apple Pay,Refunded,2,8,No,N/A
D03527,PAY03527,O03527,Express,Returned,7,Mada,Paid,2,2,No,Damaged
D03528,PAY03528,O03528,Express,Returned,5,STC Pay,Pending,5,1,No,Damaged
D03529,PAY03529,O03529,Express,In Transit,4,Apple Pay,Pending,2,10,Yes,Damaged
D03530,PAY03530,O03530,Express,Delivered,7,Mada,Pending,3,8,No,Damaged
D03531,PAY03531,O03531,Standard,In Transit,9,Credit Card,Refunded,2,10,Yes,Wrong Item
D03532,PAY03532,O03532,Express,Delivered,2,STC Pay,Paid,5,8,No,N/A
D03533,PAY03533,O03533,Standard,Delivered,4,STC Pay,Pending,3,1,Yes,Damaged
D03534,PAY03534,O03534,Standard,Returned,6,Mada,Paid,2,4,No,N/A
D03535,PAY03535,O03535,Express,Returned,7,Credit Card,Paid,5,1,No,Late Delivery
D03536,PAY03536,O03536,Same Day,Returned,1,Cash On Delivery,Paid,1,10,No,Wrong Item
D03537,PAY03537,O03537,Express,Delivered,1,Mada,Pending,3,2,Yes,Late Delivery
D03538,PAY03538,O03538,Standard,In Transit,1,Apple Pay,Pending,3,9,No,Damaged
D03539,PAY03539,O03539,Same Day,Returned,5,STC Pay,Paid,4,7,Yes,Late Delivery
D03540,PAY03540,O03540,Same Day,In Transit,10,Apple Pay,Pending,5,9,No,N/A
D03541,PAY03541,O03541,Express,In Transit,4,Apple Pay,Refunded,5,5,No,Damaged
D03542,PAY03542,O03542,Same Day,Returned,9,Mada,Refunded,1,7,Yes,Damaged
D03543,PAY03543,O03543,Standard,In Transit,4,Debit Card,Paid,4,7,No,Wrong Item
D03544,PAY03544,O03544,Standard,Returned,2,Apple Pay,Pending,4,1,No,N/A
D03545,PAY03545,O03545,Same Day,Delivered,9,Debit Card,Refunded,2,8,Yes,Late Delivery
D03546,PAY03546,O03546,Standard,Returned,5,STC Pay,Paid,5,9,No,Damaged
D03547,PAY03547,O03547,Standard,Returned,8,STC Pay,Paid,2,4,No,Late Delivery
D03548,PAY03548,O03548,Express,Delivered,8,Apple Pay,Paid,5,9,No,N/A
D03549,PAY03549,O03549,Same Day,In Transit,10,STC Pay,Refunded,5,8,Yes,Late Delivery
D03550,PAY03550,O03550,Standard,Delivered,2,Mada,Refunded,4,2,Yes,Wrong Item
D03551,PAY03551,O03551,Express,Returned,8,Credit Card,Paid,3,10,No,Late Delivery
D03552,PAY03552,O03552,Express,Delivered,2,Credit Card,Paid,4,1,No,Damaged
D03553,PAY03553,O03553,Standard,In Transit,2,Apple Pay,Refunded,1,4,No,N/A
D03554,PAY03554,O03554,Same Day,Delivered,4,Debit Card,Pending,5,9,No,Late Delivery
D03555,PAY03555,O03555,Standard,In Transit,2,STC Pay,Paid,3,5,No,Late Delivery
D03556,PAY03556,O03556,Express,Delivered,5,Cash On Delivery,Refunded,1,7,Yes,N/A
D03557,PAY03557,O03557,Express,In Transit,8,Mada,Refunded,1,2,No,Late Delivery
D03558,PAY03558,O03558,Same Day,In Transit,9,Cash On Delivery,Pending,5,8,Yes,N/A
D03559,PAY03559,O03559,Standard,In Transit,10,Mada,Pending,2,9,No,N/A
D03560,PAY03560,O03560,Same Day,In Transit,7,Cash On Delivery,Refunded,2,1,No,Wrong Item
D03561,PAY03561,O03561,Same Day,Delivered,5,Apple Pay,Pending,4,9,Yes,Late Delivery
D03562,PAY03562,O03562,Same Day,In Transit,5,Cash On Delivery,Refunded,1,3,No,Late Delivery
D03563,PAY03563,O03563,Same Day,Delivered,2,Mada,Paid,3,5,Yes,Late Delivery
D03564,PAY03564,O03564,Same Day,In Transit,9,Cash On Delivery,Pending,3,4,No,N/A
D03565,PAY03565,O03565,Express,Delivered,1,Cash On Delivery,Refunded,5,3,No,N/A
D03566,PAY03566,O03566,Express,In Transit,7,Debit Card,Refunded,1,4,No,Wrong Item
D03567,PAY03567,O03567,Express,In Transit,1,Apple Pay,Pending,4,1,Yes,Wrong Item
D03568,PAY03568,O03568,Standard,Returned,5,Apple Pay,Refunded,5,10,No,Wrong Item
D03569,PAY03569,O03569,Standard,Returned,10,Debit Card,Paid,5,1,No,N/A
D03570,PAY03570,O03570,Standard,In Transit,7,Debit Card,Pending,5,6,Yes,Damaged
D03571,PAY03571,O03571,Standard,Returned,8,Cash On Delivery,Pending,3,5,Yes,Wrong Item
D03572,PAY03572,O03572,Express,Delivered,6,Apple Pay,Refunded,3,3,Yes,Damaged
D03573,PAY03573,O03573,Standard,Returned,6,Debit Card,Refunded,4,10,No,Late Delivery
D03574,PAY03574,O03574,Same Day,Delivered,8,Debit Card,Pending,3,1,No,Wrong Item
D03575,PAY03575,O03575,Standard,In Transit,5,Debit Card,Paid,4,1,Yes,Damaged
D03576,PAY03576,O03576,Express,Delivered,6,Mada,Pending,3,10,Yes,Damaged
D03577,PAY03577,O03577,Standard,Returned,5,Apple Pay,Refunded,2,9,Yes,N/A
D03578,PAY03578,O03578,Same Day,In Transit,2,Mada,Refunded,5,4,Yes,Damaged
D03579,PAY03579,O03579,Standard,In Transit,5,Debit Card,Refunded,2,9,Yes,N/A
D03580,PAY03580,O03580,Standard,In Transit,9,Cash On Delivery,Paid,4,3,No,N/A
D03581,PAY03581,O03581,Standard,In Transit,9,Apple Pay,Pending,5,1,No,Late Delivery
D03582,PAY03582,O03582,Same Day,Delivered,7,Mada,Refunded,4,4,No,Damaged
D03583,PAY03583,O03583,Standard,In Transit,1,Credit Card,Refunded,3,6,No,Damaged
D03584,PAY03584,O03584,Standard,Delivered,3,Apple Pay,Refunded,4,1,No,Wrong Item
D03585,PAY03585,O03585,Standard,Delivered,4,Cash On Delivery,Paid,1,2,No,Damaged
D03586,PAY03586,O03586,Same Day,Returned,2,Debit Card,Pending,5,8,No,Wrong Item
D03587,PAY03587,O03587,Standard,In Transit,8,Mada,Pending,3,2,Yes,N/A
D03588,PAY03588,O03588,Express,Delivered,8,Debit Card,Paid,2,9,Yes,Wrong Item
D03589,PAY03589,O03589,Same Day,Returned,7,STC Pay,Paid,1,5,Yes,Late Delivery
D03590,PAY03590,O03590,Standard,Returned,6,STC Pay,Pending,2,3,No,Wrong Item
D03591,PAY03591,O03591,Standard,Returned,4,Mada,Paid,2,2,No,Damaged
D03592,PAY03592,O03592,Standard,Delivered,9,Mada,Refunded,3,9,Yes,N/A
D03593,PAY03593,O03593,Standard,Delivered,4,Apple Pay,Pending,1,6,Yes,Wrong Item
D03594,PAY03594,O03594,Express,Returned,4,STC Pay,Pending,1,8,Yes,N/A
D03595,PAY03595,O03595,Same Day,Returned,3,Mada,Paid,2,6,No,Late Delivery
D03596,PAY03596,O03596,Standard,In Transit,8,Debit Card,Pending,2,1,No,Wrong Item
D03597,PAY03597,O03597,Standard,Delivered,10,Mada,Pending,2,8,No,Late Delivery
D03598,PAY03598,O03598,Same Day,Delivered,6,Cash On Delivery,Paid,5,10,No,N/A
D03599,PAY03599,O03599,Express,Returned,5,Apple Pay,Pending,2,9,No,N/A
D03600,PAY03600,O03600,Express,Delivered,7,Credit Card,Pending,4,10,Yes,N/A
D03601,PAY03601,O03601,Same Day,Returned,6,Mada,Pending,3,3,Yes,Late Delivery
D03602,PAY03602,O03602,Same Day,Returned,7,Debit Card,Pending,2,5,Yes,Late Delivery
D03603,PAY03603,O03603,Express,Delivered,9,STC Pay,Paid,2,7,No,Damaged
D03604,PAY03604,O03604,Express,Returned,4,Debit Card,Pending,1,7,Yes,Damaged
D03605,PAY03605,O03605,Same Day,Returned,6,Apple Pay,Paid,3,4,No,N/A
D03606,PAY03606,O03606,Same Day,Delivered,5,Cash On Delivery,Pending,5,9,No,Damaged
D03607,PAY03607,O03607,Standard,Returned,5,Mada,Paid,3,1,Yes,N/A
D03608,PAY03608,O03608,Express,In Transit,8,Mada,Paid,4,4,No,Damaged
D03609,PAY03609,O03609,Same Day,Returned,1,Debit Card,Pending,3,8,Yes,Late Delivery
D03610,PAY03610,O03610,Standard,Delivered,7,STC Pay,Paid,1,7,No,Wrong Item
D03611,PAY03611,O03611,Express,Returned,3,Debit Card,Refunded,5,10,Yes,N/A
D03612,PAY03612,O03612,Same Day,In Transit,9,Debit Card,Paid,1,4,Yes,N/A
D03613,PAY03613,O03613,Express,In Transit,10,Debit Card,Paid,2,4,No,Late Delivery
D03614,PAY03614,O03614,Standard,Delivered,2,Credit Card,Paid,5,4,No,Late Delivery
D03615,PAY03615,O03615,Same Day,Delivered,10,STC Pay,Pending,4,10,Yes,N/A
D03616,PAY03616,O03616,Express,Returned,10,Credit Card,Paid,1,5,Yes,Wrong Item
D03617,PAY03617,O03617,Standard,In Transit,9,Debit Card,Paid,3,8,Yes,Damaged
D03618,PAY03618,O03618,Standard,Returned,6,Cash On Delivery,Pending,3,9,Yes,N/A
D03619,PAY03619,O03619,Express,Returned,10,Apple Pay,Pending,4,1,Yes,Damaged
D03620,PAY03620,O03620,Same Day,In Transit,6,STC Pay,Pending,1,1,Yes,N/A
D03621,PAY03621,O03621,Standard,Delivered,9,Debit Card,Refunded,4,1,No,Late Delivery
D03622,PAY03622,O03622,Express,Delivered,3,Credit Card,Refunded,5,5,Yes,Damaged
D03623,PAY03623,O03623,Same Day,Returned,3,STC Pay,Pending,1,8,No,Late Delivery
D03624,PAY03624,O03624,Standard,In Transit,9,Credit Card,Paid,3,5,Yes,Damaged
D03625,PAY03625,O03625,Express,In Transit,6,Debit Card,Paid,2,4,No,Wrong Item
D03626,PAY03626,O03626,Same Day,Returned,6,Mada,Pending,3,4,No,Late Delivery
D03627,PAY03627,O03627,Express,In Transit,7,Apple Pay,Refunded,3,5,No,Damaged
D03628,PAY03628,O03628,Express,Delivered,6,Apple Pay,Pending,1,10,Yes,Wrong Item
D03629,PAY03629,O03629,Standard,Delivered,9,STC Pay,Refunded,5,7,No,Late Delivery
D03630,PAY03630,O03630,Express,Returned,4,Credit Card,Paid,5,3,No,Damaged
D03631,PAY03631,O03631,Same Day,Returned,8,Credit Card,Paid,3,9,Yes,Wrong Item
D03632,PAY03632,O03632,Same Day,Returned,1,Debit Card,Pending,4,6,No,Damaged
D03633,PAY03633,O03633,Express,Returned,9,Credit Card,Refunded,3,2,No,Wrong Item
D03634,PAY03634,O03634,Express,In Transit,5,Mada,Pending,4,9,Yes,Wrong Item
D03635,PAY03635,O03635,Standard,In Transit,2,Cash On Delivery,Refunded,3,10,Yes,Late Delivery
D03636,PAY03636,O03636,Express,Delivered,8,Credit Card,Refunded,3,6,Yes,Damaged
D03637,PAY03637,O03637,Same Day,In Transit,10,Cash On Delivery,Refunded,2,8,No,Damaged
D03638,PAY03638,O03638,Standard,Returned,9,Credit Card,Refunded,1,10,Yes,N/A
D03639,PAY03639,O03639,Express,Returned,4,Apple Pay,Paid,5,1,No,Wrong Item
D03640,PAY03640,O03640,Same Day,Delivered,3,Credit Card,Paid,1,3,No,Damaged
D03641,PAY03641,O03641,Standard,In Transit,2,Debit Card,Paid,4,6,Yes,Wrong Item
D03642,PAY03642,O03642,Express,In Transit,4,Credit Card,Refunded,2,2,No,Wrong Item
D03643,PAY03643,O03643,Express,Returned,10,Cash On Delivery,Pending,2,5,No,N/A
D03644,PAY03644,O03644,Express,Returned,1,Credit Card,Pending,1,6,No,Damaged
D03645,PAY03645,O03645,Same Day,In Transit,7,Cash On Delivery,Pending,4,2,Yes,Damaged
D03646,PAY03646,O03646,Standard,In Transit,7,STC Pay,Pending,1,7,No,Wrong Item
D03647,PAY03647,O03647,Express,Delivered,7,Cash On Delivery,Refunded,2,8,No,N/A
D03648,PAY03648,O03648,Same Day,Delivered,6,Credit Card,Paid,3,6,Yes,Wrong Item
D03649,PAY03649,O03649,Express,Delivered,6,Mada,Paid,1,4,Yes,Wrong Item
D03650,PAY03650,O03650,Standard,Returned,7,Apple Pay,Paid,5,10,No,Damaged
D03651,PAY03651,O03651,Standard,Delivered,3,Credit Card,Paid,5,6,Yes,Late Delivery
D03652,PAY03652,O03652,Standard,In Transit,7,Debit Card,Refunded,2,8,No,Wrong Item
D03653,PAY03653,O03653,Standard,Returned,7,STC Pay,Paid,3,7,No,Wrong Item
D03654,PAY03654,O03654,Standard,Returned,7,Debit Card,Paid,2,3,Yes,N/A
D03655,PAY03655,O03655,Express,Delivered,2,Credit Card,Refunded,5,2,No,Damaged
D03656,PAY03656,O03656,Express,Delivered,4,Debit Card,Refunded,1,8,Yes,Damaged
D03657,PAY03657,O03657,Express,Delivered,4,Credit Card,Paid,4,6,Yes,Late Delivery
D03658,PAY03658,O03658,Same Day,Returned,6,Mada,Refunded,2,9,Yes,Late Delivery
D03659,PAY03659,O03659,Same Day,Returned,9,STC Pay,Paid,4,7,No,Wrong Item
D03660,PAY03660,O03660,Standard,Returned,1,STC Pay,Paid,4,7,No,Damaged
D03661,PAY03661,O03661,Same Day,Delivered,1,STC Pay,Refunded,1,4,No,Wrong Item
D03662,PAY03662,O03662,Express,In Transit,7,Apple Pay,Pending,3,2,Yes,Late Delivery
D03663,PAY03663,O03663,Standard,In Transit,9,Credit Card,Refunded,3,10,No,Damaged
D03664,PAY03664,O03664,Express,In Transit,9,Mada,Paid,1,2,No,Damaged
D03665,PAY03665,O03665,Express,Returned,4,Mada,Paid,4,7,No,Wrong Item
D03666,PAY03666,O03666,Express,In Transit,5,Mada,Paid,3,8,Yes,Wrong Item
D03667,PAY03667,O03667,Same Day,Delivered,6,Mada,Paid,5,2,No,Late Delivery
D03668,PAY03668,O03668,Same Day,In Transit,5,Mada,Refunded,1,6,No,Late Delivery
D03669,PAY03669,O03669,Express,Delivered,7,Cash On Delivery,Refunded,3,2,No,Damaged
D03670,PAY03670,O03670,Standard,Delivered,7,Mada,Paid,2,8,Yes,Late Delivery
D03671,PAY03671,O03671,Express,Returned,7,Debit Card,Refunded,5,1,Yes,Damaged
D03672,PAY03672,O03672,Express,Returned,7,Mada,Refunded,3,4,No,Damaged
D03673,PAY03673,O03673,Express,Delivered,10,Credit Card,Refunded,3,3,Yes,Wrong Item
D03674,PAY03674,O03674,Standard,In Transit,6,Credit Card,Paid,5,6,Yes,Late Delivery
D03675,PAY03675,O03675,Standard,Delivered,4,Debit Card,Refunded,1,2,No,Damaged
D03676,PAY03676,O03676,Standard,In Transit,2,Credit Card,Refunded,3,3,No,Wrong Item
D03677,PAY03677,O03677,Standard,In Transit,2,Credit Card,Refunded,5,9,Yes,Wrong Item
D03678,PAY03678,O03678,Standard,In Transit,3,STC Pay,Paid,3,10,Yes,N/A
D03679,PAY03679,O03679,Express,Delivered,6,Debit Card,Refunded,2,8,No,Damaged
D03680,PAY03680,O03680,Standard,Returned,1,Credit Card,Refunded,4,4,Yes,N/A
D03681,PAY03681,O03681,Standard,Returned,10,Mada,Pending,1,1,No,N/A
D03682,PAY03682,O03682,Standard,Delivered,5,Mada,Pending,5,9,Yes,Damaged
D03683,PAY03683,O03683,Same Day,Delivered,8,Debit Card,Paid,1,6,No,Wrong Item
D03684,PAY03684,O03684,Express,Returned,7,Debit Card,Pending,4,3,Yes,N/A
D03685,PAY03685,O03685,Standard,Returned,9,Mada,Refunded,1,4,No,N/A
D03686,PAY03686,O03686,Same Day,In Transit,8,Mada,Paid,4,1,Yes,Late Delivery
D03687,PAY03687,O03687,Same Day,In Transit,1,Credit Card,Pending,1,10,No,Damaged
D03688,PAY03688,O03688,Same Day,In Transit,2,STC Pay,Refunded,1,3,No,Wrong Item
D03689,PAY03689,O03689,Standard,Returned,6,Debit Card,Pending,5,5,Yes,Wrong Item
D03690,PAY03690,O03690,Standard,Delivered,6,Apple Pay,Pending,2,6,No,Late Delivery
D03691,PAY03691,O03691,Same Day,In Transit,5,Mada,Pending,1,5,No,Late Delivery
D03692,PAY03692,O03692,Same Day,Returned,7,Credit Card,Paid,5,9,Yes,Late Delivery
D03693,PAY03693,O03693,Same Day,Delivered,5,Mada,Paid,2,1,Yes,Late Delivery
D03694,PAY03694,O03694,Standard,Delivered,6,STC Pay,Refunded,4,3,Yes,Damaged
D03695,PAY03695,O03695,Standard,In Transit,10,Mada,Refunded,1,4,No,Late Delivery
D03696,PAY03696,O03696,Same Day,Returned,4,Apple Pay,Pending,5,8,No,N/A
D03697,PAY03697,O03697,Express,Returned,5,STC Pay,Pending,4,10,Yes,Wrong Item
D03698,PAY03698,O03698,Standard,Returned,10,Apple Pay,Pending,3,8,No,Damaged
D03699,PAY03699,O03699,Express,Delivered,2,Debit Card,Pending,5,2,Yes,Wrong Item
D03700,PAY03700,O03700,Standard,Delivered,1,Mada,Pending,3,10,No,Wrong Item
D03701,PAY03701,O03701,Standard,Returned,9,Debit Card,Refunded,4,5,No,Late Delivery
D03702,PAY03702,O03702,Express,Returned,5,Mada,Paid,2,10,Yes,Damaged
D03703,PAY03703,O03703,Express,Returned,7,Debit Card,Paid,5,9,No,N/A
D03704,PAY03704,O03704,Standard,Returned,3,Debit Card,Pending,4,3,No,Late Delivery
D03705,PAY03705,O03705,Same Day,Delivered,10,STC Pay,Paid,5,8,No,N/A
D03706,PAY03706,O03706,Standard,In Transit,9,STC Pay,Refunded,2,5,No,Wrong Item
D03707,PAY03707,O03707,Express,Returned,10,Debit Card,Paid,5,7,No,Wrong Item
D03708,PAY03708,O03708,Same Day,Returned,9,STC Pay,Refunded,2,1,Yes,Wrong Item
D03709,PAY03709,O03709,Express,Delivered,3,STC Pay,Pending,3,10,No,Wrong Item
D03710,PAY03710,O03710,Standard,Returned,6,Debit Card,Pending,3,7,No,Wrong Item
D03711,PAY03711,O03711,Express,Delivered,10,Debit Card,Pending,3,4,No,Late Delivery
D03712,PAY03712,O03712,Express,Delivered,10,Cash On Delivery,Paid,1,4,No,Wrong Item
D03713,PAY03713,O03713,Same Day,Returned,7,Apple Pay,Paid,4,10,Yes,Damaged
D03714,PAY03714,O03714,Same Day,Returned,2,Debit Card,Refunded,4,7,Yes,Wrong Item
D03715,PAY03715,O03715,Express,In Transit,1,Debit Card,Paid,2,4,No,Late Delivery
D03716,PAY03716,O03716,Express,Delivered,6,Credit Card,Paid,5,8,No,Wrong Item
D03717,PAY03717,O03717,Standard,Returned,7,Mada,Paid,1,8,No,Damaged
D03718,PAY03718,O03718,Standard,Delivered,7,Debit Card,Pending,4,3,No,Late Delivery
D03719,PAY03719,O03719,Same Day,Returned,6,Mada,Pending,3,10,Yes,Wrong Item
D03720,PAY03720,O03720,Standard,Returned,2,STC Pay,Refunded,3,7,No,Damaged
D03721,PAY03721,O03721,Standard,Returned,2,STC Pay,Pending,3,3,No,Damaged
D03722,PAY03722,O03722,Express,In Transit,6,Debit Card,Pending,3,1,No,Late Delivery
D03723,PAY03723,O03723,Express,Returned,9,STC Pay,Paid,4,4,No,Wrong Item
D03724,PAY03724,O03724,Express,In Transit,5,Cash On Delivery,Paid,5,9,Yes,Wrong Item
D03725,PAY03725,O03725,Standard,Delivered,9,Apple Pay,Pending,4,1,No,Wrong Item
D03726,PAY03726,O03726,Express,In Transit,8,Mada,Refunded,5,6,No,Late Delivery
D03727,PAY03727,O03727,Standard,Returned,1,Mada,Refunded,3,3,Yes,Wrong Item
D03728,PAY03728,O03728,Standard,Returned,1,Credit Card,Paid,4,5,No,Damaged
D03729,PAY03729,O03729,Same Day,In Transit,10,Debit Card,Paid,3,8,No,Late Delivery
D03730,PAY03730,O03730,Express,Delivered,5,Credit Card,Paid,3,10,Yes,N/A
D03731,PAY03731,O03731,Express,Delivered,7,Cash On Delivery,Refunded,2,7,No,N/A
D03732,PAY03732,O03732,Standard,Delivered,4,Credit Card,Refunded,1,3,No,Wrong Item
D03733,PAY03733,O03733,Same Day,In Transit,7,Credit Card,Pending,2,10,No,Damaged
D03734,PAY03734,O03734,Express,Delivered,8,Apple Pay,Pending,4,3,Yes,Late Delivery
D03735,PAY03735,O03735,Same Day,Returned,4,Credit Card,Refunded,5,5,Yes,Damaged
D03736,PAY03736,O03736,Express,Delivered,8,STC Pay,Refunded,1,5,Yes,Wrong Item
D03737,PAY03737,O03737,Same Day,In Transit,6,STC Pay,Pending,2,9,No,Wrong Item
D03738,PAY03738,O03738,Standard,Delivered,8,STC Pay,Paid,2,8,No,Wrong Item
D03739,PAY03739,O03739,Express,In Transit,3,STC Pay,Refunded,1,5,No,N/A
D03740,PAY03740,O03740,Same Day,In Transit,7,Apple Pay,Paid,1,8,No,Damaged
D03741,PAY03741,O03741,Same Day,In Transit,9,Credit Card,Refunded,5,1,No,Wrong Item
D03742,PAY03742,O03742,Standard,Delivered,1,Mada,Pending,1,8,Yes,Late Delivery
D03743,PAY03743,O03743,Same Day,In Transit,8,Mada,Pending,1,9,Yes,Wrong Item
D03744,PAY03744,O03744,Standard,Delivered,3,Apple Pay,Refunded,3,4,Yes,N/A
D03745,PAY03745,O03745,Same Day,Returned,3,Debit Card,Paid,2,5,Yes,Late Delivery
D03746,PAY03746,O03746,Express,Delivered,6,STC Pay,Refunded,4,9,Yes,Late Delivery
D03747,PAY03747,O03747,Express,Returned,5,Cash On Delivery,Pending,1,4,No,Wrong Item
D03748,PAY03748,O03748,Express,Delivered,8,Credit Card,Pending,1,7,No,Damaged
D03749,PAY03749,O03749,Same Day,Returned,9,Apple Pay,Pending,4,2,Yes,Wrong Item
D03750,PAY03750,O03750,Standard,Delivered,3,Credit Card,Paid,1,8,Yes,Late Delivery
D03751,PAY03751,O03751,Same Day,Returned,4,Debit Card,Paid,5,3,Yes,Damaged
D03752,PAY03752,O03752,Standard,Returned,9,Mada,Pending,3,2,Yes,Damaged
D03753,PAY03753,O03753,Same Day,In Transit,8,STC Pay,Pending,3,9,Yes,N/A
D03754,PAY03754,O03754,Same Day,Delivered,8,Mada,Refunded,2,2,No,Late Delivery
D03755,PAY03755,O03755,Express,Returned,10,Debit Card,Refunded,2,3,No,Damaged
D03756,PAY03756,O03756,Express,Returned,3,Cash On Delivery,Pending,4,3,No,Late Delivery
D03757,PAY03757,O03757,Same Day,Returned,1,Mada,Pending,3,9,No,Late Delivery
D03758,PAY03758,O03758,Standard,Delivered,1,Debit Card,Pending,1,10,No,N/A
D03759,PAY03759,O03759,Same Day,In Transit,3,STC Pay,Refunded,3,10,Yes,Wrong Item
D03760,PAY03760,O03760,Express,Delivered,10,Credit Card,Pending,3,10,Yes,Damaged
D03761,PAY03761,O03761,Standard,In Transit,9,Cash On Delivery,Pending,4,8,No,Late Delivery
D03762,PAY03762,O03762,Same Day,Delivered,1,Cash On Delivery,Pending,4,4,Yes,Late Delivery
D03763,PAY03763,O03763,Standard,Delivered,1,Mada,Refunded,2,1,No,N/A
D03764,PAY03764,O03764,Express,Delivered,3,STC Pay,Paid,2,5,Yes,Late Delivery
D03765,PAY03765,O03765,Standard,Delivered,1,Apple Pay,Paid,1,7,No,Damaged
D03766,PAY03766,O03766,Standard,Returned,3,Debit Card,Refunded,2,3,No,N/A
D03767,PAY03767,O03767,Express,Returned,5,Debit Card,Paid,5,10,No,Damaged
D03768,PAY03768,O03768,Express,Returned,10,Credit Card,Refunded,4,6,No,Damaged
D03769,PAY03769,O03769,Standard,In Transit,4,STC Pay,Refunded,1,10,Yes,Late Delivery
D03770,PAY03770,O03770,Same Day,In Transit,8,STC Pay,Refunded,3,7,No,Damaged
D03771,PAY03771,O03771,Standard,Returned,8,Apple Pay,Refunded,5,8,Yes,N/A
D03772,PAY03772,O03772,Express,In Transit,10,STC Pay,Pending,2,3,Yes,Wrong Item
D03773,PAY03773,O03773,Express,In Transit,5,Apple Pay,Refunded,4,5,No,N/A
D03774,PAY03774,O03774,Same Day,Delivered,6,Apple Pay,Paid,2,1,Yes,Late Delivery
D03775,PAY03775,O03775,Same Day,Delivered,5,Mada,Refunded,2,9,Yes,N/A
D03776,PAY03776,O03776,Standard,In Transit,9,Mada,Paid,1,8,No,Late Delivery
D03777,PAY03777,O03777,Same Day,Delivered,8,Cash On Delivery,Refunded,2,2,No,N/A
D03778,PAY03778,O03778,Standard,Delivered,9,Debit Card,Pending,5,6,No,Late Delivery
D03779,PAY03779,O03779,Same Day,In Transit,1,Cash On Delivery,Refunded,1,6,Yes,N/A
D03780,PAY03780,O03780,Standard,In Transit,8,Mada,Pending,1,6,Yes,N/A
D03781,PAY03781,O03781,Standard,Delivered,7,Cash On Delivery,Pending,2,4,Yes,Damaged
D03782,PAY03782,O03782,Same Day,In Transit,1,Mada,Refunded,4,8,No,Late Delivery
D03783,PAY03783,O03783,Same Day,In Transit,8,Mada,Pending,1,10,Yes,Late Delivery
D03784,PAY03784,O03784,Express,In Transit,7,Cash On Delivery,Refunded,5,7,No,Damaged
D03785,PAY03785,O03785,Express,In Transit,2,Debit Card,Pending,5,6,Yes,Damaged
D03786,PAY03786,O03786,Standard,In Transit,3,Credit Card,Refunded,1,9,Yes,N/A
D03787,PAY03787,O03787,Standard,Returned,7,Apple Pay,Paid,4,6,Yes,N/A
D03788,PAY03788,O03788,Standard,In Transit,1,Apple Pay,Pending,4,6,Yes,Late Delivery
D03789,PAY03789,O03789,Standard,Delivered,1,Credit Card,Pending,5,3,Yes,Wrong Item
D03790,PAY03790,O03790,Same Day,In Transit,3,Debit Card,Pending,1,10,Yes,Wrong Item
D03791,PAY03791,O03791,Express,In Transit,3,Credit Card,Paid,1,5,Yes,Late Delivery
D03792,PAY03792,O03792,Same Day,Returned,5,Apple Pay,Refunded,2,5,No,Wrong Item
D03793,PAY03793,O03793,Express,In Transit,7,Debit Card,Paid,4,1,Yes,Late Delivery
D03794,PAY03794,O03794,Express,In Transit,7,STC Pay,Refunded,1,6,Yes,Wrong Item
D03795,PAY03795,O03795,Standard,Delivered,4,Mada,Pending,5,2,No,Late Delivery
D03796,PAY03796,O03796,Standard,Delivered,8,Apple Pay,Refunded,5,10,No,N/A
D03797,PAY03797,O03797,Standard,Returned,10,Apple Pay,Pending,1,7,No,Late Delivery
D03798,PAY03798,O03798,Standard,Delivered,10,Debit Card,Paid,3,10,No,N/A
D03799,PAY03799,O03799,Same Day,In Transit,2,STC Pay,Paid,5,5,No,Wrong Item
D03800,PAY03800,O03800,Express,Returned,6,STC Pay,Paid,2,2,Yes,Wrong Item
D03801,PAY03801,O03801,Standard,Returned,5,Credit Card,Refunded,4,1,Yes,Damaged
D03802,PAY03802,O03802,Same Day,Delivered,7,Mada,Paid,2,3,Yes,N/A
D03803,PAY03803,O03803,Same Day,Delivered,7,STC Pay,Paid,5,9,Yes,Damaged
D03804,PAY03804,O03804,Same Day,Delivered,4,Cash On Delivery,Paid,3,1,No,N/A
D03805,PAY03805,O03805,Express,Returned,8,Credit Card,Paid,5,1,No,Damaged
D03806,PAY03806,O03806,Standard,Returned,2,STC Pay,Paid,2,6,No,Damaged
D03807,PAY03807,O03807,Standard,Delivered,8,Mada,Refunded,3,7,Yes,N/A
D03808,PAY03808,O03808,Same Day,Delivered,1,Debit Card,Pending,4,8,No,Damaged
D03809,PAY03809,O03809,Express,Delivered,8,Apple Pay,Paid,2,7,No,Late Delivery
D03810,PAY03810,O03810,Same Day,Returned,6,Mada,Refunded,5,4,Yes,Damaged
D03811,PAY03811,O03811,Express,Returned,3,STC Pay,Pending,1,10,No,N/A
D03812,PAY03812,O03812,Express,Delivered,4,STC Pay,Pending,4,10,No,Wrong Item
D03813,PAY03813,O03813,Express,Delivered,9,STC Pay,Paid,4,2,No,Wrong Item
D03814,PAY03814,O03814,Same Day,Returned,5,Cash On Delivery,Pending,1,9,No,Late Delivery
D03815,PAY03815,O03815,Express,Returned,8,Credit Card,Pending,3,10,Yes,N/A
D03816,PAY03816,O03816,Same Day,Returned,4,Debit Card,Pending,5,6,No,Late Delivery
D03817,PAY03817,O03817,Express,Returned,2,Debit Card,Refunded,5,4,Yes,Late Delivery
D03818,PAY03818,O03818,Same Day,In Transit,9,Apple Pay,Refunded,5,6,Yes,N/A
D03819,PAY03819,O03819,Standard,In Transit,6,Cash On Delivery,Paid,5,5,Yes,Damaged
D03820,PAY03820,O03820,Standard,Delivered,7,Credit Card,Pending,3,5,No,Damaged
D03821,PAY03821,O03821,Standard,In Transit,10,STC Pay,Refunded,4,7,No,Wrong Item
D03822,PAY03822,O03822,Standard,In Transit,4,STC Pay,Paid,1,8,Yes,Wrong Item
D03823,PAY03823,O03823,Standard,Returned,5,Credit Card,Pending,5,4,Yes,N/A
D03824,PAY03824,O03824,Same Day,Returned,1,Mada,Refunded,3,5,No,Late Delivery
D03825,PAY03825,O03825,Standard,Delivered,10,Apple Pay,Pending,5,3,Yes,Damaged
D03826,PAY03826,O03826,Same Day,In Transit,8,STC Pay,Refunded,5,4,No,Late Delivery
D03827,PAY03827,O03827,Express,In Transit,9,Mada,Pending,4,1,Yes,Wrong Item
D03828,PAY03828,O03828,Standard,In Transit,7,STC Pay,Refunded,2,3,No,Damaged
D03829,PAY03829,O03829,Same Day,In Transit,1,Credit Card,Paid,5,2,No,Damaged
D03830,PAY03830,O03830,Same Day,Returned,2,STC Pay,Paid,5,3,Yes,Damaged
D03831,PAY03831,O03831,Standard,Delivered,7,Mada,Pending,4,6,Yes,Damaged
D03832,PAY03832,O03832,Same Day,In Transit,5,STC Pay,Paid,1,9,No,Damaged
D03833,PAY03833,O03833,Standard,Returned,1,Debit Card,Paid,4,7,Yes,Damaged
D03834,PAY03834,O03834,Same Day,Delivered,4,STC Pay,Paid,3,1,Yes,Damaged
D03835,PAY03835,O03835,Standard,Delivered,5,STC Pay,Paid,4,4,No,N/A
D03836,PAY03836,O03836,Same Day,Delivered,7,STC Pay,Refunded,3,2,Yes,Late Delivery
D03837,PAY03837,O03837,Same Day,Returned,2,STC Pay,Pending,2,9,Yes,Wrong Item
D03838,PAY03838,O03838,Express,Returned,5,Debit Card,Paid,3,4,Yes,Late Delivery
D03839,PAY03839,O03839,Same Day,Returned,5,Credit Card,Paid,5,5,No,Late Delivery
D03840,PAY03840,O03840,Same Day,Returned,10,Apple Pay,Pending,1,4,No,N/A
D03841,PAY03841,O03841,Standard,Returned,2,Cash On Delivery,Pending,1,5,Yes,Damaged
D03842,PAY03842,O03842,Express,In Transit,6,Apple Pay,Refunded,4,10,Yes,Late Delivery
D03843,PAY03843,O03843,Express,In Transit,5,Debit Card,Pending,5,4,Yes,N/A
D03844,PAY03844,O03844,Same Day,Returned,6,Mada,Pending,2,8,No,Wrong Item
D03845,PAY03845,O03845,Standard,Delivered,1,Mada,Refunded,2,10,Yes,Damaged
D03846,PAY03846,O03846,Standard,Delivered,10,Mada,Pending,4,2,Yes,N/A
D03847,PAY03847,O03847,Same Day,In Transit,6,Cash On Delivery,Paid,1,4,Yes,N/A
D03848,PAY03848,O03848,Express,Delivered,3,Apple Pay,Paid,2,2,No,N/A
D03849,PAY03849,O03849,Express,In Transit,10,Credit Card,Refunded,2,9,Yes,Damaged
D03850,PAY03850,O03850,Express,Delivered,8,Cash On Delivery,Pending,5,3,Yes,Late Delivery
D03851,PAY03851,O03851,Express,In Transit,8,Credit Card,Refunded,4,5,No,N/A
D03852,PAY03852,O03852,Same Day,Returned,9,Cash On Delivery,Refunded,1,3,No,Wrong Item
D03853,PAY03853,O03853,Same Day,Delivered,1,Debit Card,Pending,3,7,No,Late Delivery
D03854,PAY03854,O03854,Standard,Delivered,3,Debit Card,Refunded,1,7,No,N/A
D03855,PAY03855,O03855,Same Day,Delivered,10,Credit Card,Pending,2,6,No,Wrong Item
D03856,PAY03856,O03856,Standard,In Transit,7,Cash On Delivery,Refunded,5,5,Yes,Late Delivery
D03857,PAY03857,O03857,Standard,Returned,3,STC Pay,Paid,3,4,Yes,Wrong Item
D03858,PAY03858,O03858,Standard,Delivered,7,Cash On Delivery,Pending,2,6,No,N/A
D03859,PAY03859,O03859,Express,Returned,1,Mada,Refunded,5,4,Yes,Late Delivery
D03860,PAY03860,O03860,Standard,In Transit,7,Apple Pay,Refunded,4,4,Yes,Late Delivery
D03861,PAY03861,O03861,Express,In Transit,10,Apple Pay,Pending,5,6,No,N/A
D03862,PAY03862,O03862,Standard,Delivered,1,Cash On Delivery,Paid,4,6,Yes,Damaged
D03863,PAY03863,O03863,Standard,Returned,2,Credit Card,Pending,5,7,No,N/A
D03864,PAY03864,O03864,Express,Returned,8,Cash On Delivery,Paid,2,4,No,Late Delivery
D03865,PAY03865,O03865,Same Day,Delivered,5,Apple Pay,Refunded,5,9,No,N/A
D03866,PAY03866,O03866,Standard,Returned,6,Credit Card,Refunded,1,9,No,N/A
D03867,PAY03867,O03867,Standard,Returned,6,STC Pay,Paid,2,4,Yes,Wrong Item
D03868,PAY03868,O03868,Express,Delivered,1,Cash On Delivery,Pending,2,8,Yes,Late Delivery
D03869,PAY03869,O03869,Express,Returned,5,Cash On Delivery,Refunded,1,4,Yes,Wrong Item
D03870,PAY03870,O03870,Same Day,Delivered,8,STC Pay,Refunded,1,9,Yes,Damaged
D03871,PAY03871,O03871,Same Day,Delivered,4,Apple Pay,Refunded,1,3,Yes,Late Delivery
D03872,PAY03872,O03872,Express,In Transit,8,Credit Card,Refunded,5,5,No,Wrong Item
D03873,PAY03873,O03873,Standard,Delivered,8,STC Pay,Paid,1,9,Yes,Wrong Item
D03874,PAY03874,O03874,Express,Delivered,9,Debit Card,Refunded,2,10,Yes,Damaged
D03875,PAY03875,O03875,Express,Returned,1,Credit Card,Pending,5,3,Yes,Wrong Item
D03876,PAY03876,O03876,Standard,In Transit,4,Cash On Delivery,Refunded,5,4,Yes,Wrong Item
D03877,PAY03877,O03877,Standard,Returned,10,Cash On Delivery,Paid,2,8,Yes,Late Delivery
D03878,PAY03878,O03878,Same Day,Delivered,5,Cash On Delivery,Refunded,1,1,Yes,Late Delivery
D03879,PAY03879,O03879,Standard,Returned,3,STC Pay,Refunded,3,10,Yes,Late Delivery
D03880,PAY03880,O03880,Express,Delivered,8,Debit Card,Pending,3,9,Yes,N/A
D03881,PAY03881,O03881,Express,Returned,8,Debit Card,Pending,1,1,Yes,Damaged
D03882,PAY03882,O03882,Express,In Transit,5,Apple Pay,Paid,4,8,Yes,Late Delivery
D03883,PAY03883,O03883,Same Day,In Transit,9,STC Pay,Paid,4,7,No,Wrong Item
D03884,PAY03884,O03884,Same Day,Returned,6,Apple Pay,Paid,2,4,No,N/A
D03885,PAY03885,O03885,Express,Returned,4,Credit Card,Paid,2,4,Yes,N/A
D03886,PAY03886,O03886,Express,In Transit,4,Cash On Delivery,Paid,5,6,No,N/A
D03887,PAY03887,O03887,Same Day,In Transit,1,Mada,Refunded,2,7,Yes,Damaged
D03888,PAY03888,O03888,Express,Returned,4,Credit Card,Pending,4,6,No,N/A
D03889,PAY03889,O03889,Standard,Returned,2,Cash On Delivery,Pending,5,5,Yes,Wrong Item
D03890,PAY03890,O03890,Standard,Delivered,4,Apple Pay,Refunded,2,10,No,N/A
D03891,PAY03891,O03891,Standard,In Transit,6,Credit Card,Pending,5,8,Yes,Wrong Item
D03892,PAY03892,O03892,Same Day,Returned,9,Debit Card,Paid,3,7,Yes,Late Delivery
D03893,PAY03893,O03893,Same Day,Returned,2,Credit Card,Pending,4,4,No,Damaged
D03894,PAY03894,O03894,Standard,Returned,3,STC Pay,Paid,1,2,No,Late Delivery
D03895,PAY03895,O03895,Express,Returned,9,Mada,Refunded,2,3,No,Wrong Item
D03896,PAY03896,O03896,Standard,Returned,3,Cash On Delivery,Paid,1,6,No,Wrong Item
D03897,PAY03897,O03897,Standard,Returned,8,Apple Pay,Refunded,3,6,Yes,Damaged
D03898,PAY03898,O03898,Standard,In Transit,2,Credit Card,Paid,2,3,No,Late Delivery
D03899,PAY03899,O03899,Express,Delivered,6,STC Pay,Refunded,1,6,No,Late Delivery
D03900,PAY03900,O03900,Same Day,Delivered,1,Mada,Paid,5,7,Yes,N/A
D03901,PAY03901,O03901,Same Day,In Transit,3,STC Pay,Pending,5,1,Yes,N/A
D03902,PAY03902,O03902,Same Day,In Transit,5,Credit Card,Paid,4,2,No,Late Delivery
D03903,PAY03903,O03903,Same Day,In Transit,3,Credit Card,Refunded,5,1,Yes,N/A
D03904,PAY03904,O03904,Express,Delivered,10,Mada,Pending,4,5,No,Late Delivery
D03905,PAY03905,O03905,Same Day,Returned,8,Mada,Refunded,2,2,No,Damaged
D03906,PAY03906,O03906,Standard,Delivered,2,Mada,Paid,5,3,No,Late Delivery
D03907,PAY03907,O03907,Express,Delivered,9,Debit Card,Pending,1,6,No,Damaged
D03908,PAY03908,O03908,Same Day,Delivered,8,Credit Card,Pending,3,8,Yes,N/A
D03909,PAY03909,O03909,Standard,In Transit,10,STC Pay,Pending,5,4,Yes,Wrong Item
D03910,PAY03910,O03910,Standard,Delivered,10,STC Pay,Paid,1,5,No,Damaged
D03911,PAY03911,O03911,Same Day,Delivered,6,Mada,Refunded,1,3,Yes,Late Delivery
D03912,PAY03912,O03912,Same Day,Returned,4,Cash On Delivery,Pending,4,10,Yes,Late Delivery
D03913,PAY03913,O03913,Standard,In Transit,6,Apple Pay,Refunded,3,5,No,Late Delivery
D03914,PAY03914,O03914,Standard,In Transit,7,Cash On Delivery,Refunded,3,9,No,N/A
D03915,PAY03915,O03915,Same Day,In Transit,8,STC Pay,Paid,3,10,No,Late Delivery
D03916,PAY03916,O03916,Express,In Transit,8,Mada,Refunded,2,7,Yes,N/A
D03917,PAY03917,O03917,Standard,Returned,3,STC Pay,Paid,3,2,Yes,Damaged
D03918,PAY03918,O03918,Same Day,In Transit,1,Debit Card,Pending,5,8,No,Wrong Item
D03919,PAY03919,O03919,Standard,Delivered,3,Credit Card,Refunded,5,4,No,Wrong Item
D03920,PAY03920,O03920,Standard,In Transit,1,Debit Card,Pending,4,9,Yes,Damaged
D03921,PAY03921,O03921,Express,Returned,8,Cash On Delivery,Pending,2,8,No,Damaged
D03922,PAY03922,O03922,Standard,In Transit,10,STC Pay,Paid,5,7,No,Damaged
D03923,PAY03923,O03923,Same Day,Delivered,5,Apple Pay,Pending,1,6,Yes,Damaged
D03924,PAY03924,O03924,Express,Returned,9,Apple Pay,Paid,3,2,Yes,Wrong Item
D03925,PAY03925,O03925,Standard,Returned,6,Mada,Pending,4,7,No,Late Delivery
D03926,PAY03926,O03926,Standard,Delivered,4,Cash On Delivery,Paid,4,7,Yes,N/A
D03927,PAY03927,O03927,Same Day,Returned,9,STC Pay,Pending,3,7,No,N/A
D03928,PAY03928,O03928,Same Day,Delivered,3,Mada,Paid,2,4,No,Late Delivery
D03929,PAY03929,O03929,Same Day,Delivered,6,Cash On Delivery,Refunded,5,7,Yes,N/A
D03930,PAY03930,O03930,Standard,Delivered,3,Credit Card,Paid,5,4,Yes,Wrong Item
D03931,PAY03931,O03931,Standard,Returned,10,Debit Card,Refunded,3,9,No,Damaged
D03932,PAY03932,O03932,Express,In Transit,1,Apple Pay,Refunded,1,9,No,N/A
D03933,PAY03933,O03933,Standard,Delivered,10,Credit Card,Pending,1,3,Yes,N/A
D03934,PAY03934,O03934,Same Day,Delivered,10,Apple Pay,Paid,3,9,Yes,N/A
D03935,PAY03935,O03935,Same Day,Delivered,3,Credit Card,Refunded,2,1,Yes,Wrong Item
D03936,PAY03936,O03936,Express,Delivered,1,Mada,Pending,3,6,Yes,Late Delivery
D03937,PAY03937,O03937,Express,Returned,7,STC Pay,Refunded,4,3,No,N/A
D03938,PAY03938,O03938,Same Day,Delivered,6,Apple Pay,Paid,2,1,No,Late Delivery
D03939,PAY03939,O03939,Express,In Transit,1,Mada,Pending,5,2,Yes,Late Delivery
D03940,PAY03940,O03940,Express,In Transit,6,Cash On Delivery,Paid,4,1,No,Damaged
D03941,PAY03941,O03941,Express,Delivered,7,Credit Card,Refunded,5,7,Yes,Damaged
D03942,PAY03942,O03942,Express,Delivered,10,STC Pay,Refunded,5,4,No,N/A
D03943,PAY03943,O03943,Same Day,Delivered,6,Mada,Refunded,4,8,Yes,N/A
D03944,PAY03944,O03944,Standard,Returned,5,Credit Card,Paid,4,9,No,Damaged
D03945,PAY03945,O03945,Same Day,Delivered,7,Mada,Refunded,1,3,Yes,Wrong Item
D03946,PAY03946,O03946,Express,Delivered,2,Mada,Pending,1,3,Yes,Damaged
D03947,PAY03947,O03947,Standard,In Transit,6,Credit Card,Paid,2,2,Yes,N/A
D03948,PAY03948,O03948,Express,In Transit,5,Mada,Refunded,2,5,No,N/A
D03949,PAY03949,O03949,Express,Delivered,10,Mada,Refunded,3,8,Yes,N/A
D03950,PAY03950,O03950,Express,Delivered,4,Apple Pay,Pending,4,1,No,Damaged
D03951,PAY03951,O03951,Same Day,Delivered,9,Apple Pay,Pending,5,1,Yes,Wrong Item
D03952,PAY03952,O03952,Express,Delivered,5,STC Pay,Pending,1,6,No,Damaged
D03953,PAY03953,O03953,Same Day,Delivered,7,Apple Pay,Pending,3,1,No,Wrong Item
D03954,PAY03954,O03954,Same Day,In Transit,1,Mada,Pending,3,2,Yes,Damaged
D03955,PAY03955,O03955,Standard,Delivered,1,Credit Card,Refunded,4,9,No,Late Delivery
D03956,PAY03956,O03956,Same Day,Returned,4,Cash On Delivery,Paid,5,10,No,N/A
D03957,PAY03957,O03957,Standard,In Transit,2,Debit Card,Pending,1,2,Yes,Damaged
D03958,PAY03958,O03958,Same Day,In Transit,2,Apple Pay,Refunded,2,4,No,Late Delivery
D03959,PAY03959,O03959,Same Day,Returned,7,Apple Pay,Pending,3,8,Yes,Late Delivery
D03960,PAY03960,O03960,Standard,Returned,6,Credit Card,Refunded,3,8,No,Damaged
D03961,PAY03961,O03961,Express,In Transit,4,Debit Card,Paid,1,8,Yes,Wrong Item
D03962,PAY03962,O03962,Express,Returned,1,Credit Card,Paid,2,10,Yes,N/A
D03963,PAY03963,O03963,Standard,Delivered,9,Apple Pay,Pending,5,1,Yes,Damaged
D03964,PAY03964,O03964,Express,In Transit,8,Cash On Delivery,Pending,2,2,No,Damaged
D03965,PAY03965,O03965,Standard,Returned,6,Credit Card,Refunded,2,10,No,N/A
D03966,PAY03966,O03966,Standard,Delivered,1,Credit Card,Pending,2,4,No,Late Delivery
D03967,PAY03967,O03967,Express,In Transit,10,Debit Card,Refunded,4,1,No,Wrong Item
D03968,PAY03968,O03968,Same Day,In Transit,10,Debit Card,Paid,1,8,Yes,N/A
D03969,PAY03969,O03969,Express,Returned,3,Apple Pay,Refunded,4,5,No,N/A
D03970,PAY03970,O03970,Standard,Delivered,4,Credit Card,Paid,3,5,No,N/A
D03971,PAY03971,O03971,Express,In Transit,9,Apple Pay,Paid,2,5,Yes,Late Delivery
D03972,PAY03972,O03972,Standard,Returned,4,Cash On Delivery,Refunded,1,1,Yes,Damaged
D03973,PAY03973,O03973,Standard,Returned,2,STC Pay,Paid,3,6,Yes,N/A
D03974,PAY03974,O03974,Standard,In Transit,6,Debit Card,Refunded,4,1,No,Damaged
D03975,PAY03975,O03975,Express,In Transit,10,STC Pay,Paid,4,2,No,N/A
D03976,PAY03976,O03976,Standard,In Transit,4,Cash On Delivery,Paid,2,2,Yes,Damaged
D03977,PAY03977,O03977,Express,Returned,6,Mada,Pending,1,9,Yes,Late Delivery
D03978,PAY03978,O03978,Express,Returned,7,Apple Pay,Paid,4,3,Yes,Damaged
D03979,PAY03979,O03979,Standard,In Transit,6,Credit Card,Paid,4,7,Yes,Damaged
D03980,PAY03980,O03980,Express,Delivered,6,Credit Card,Paid,5,10,Yes,N/A
D03981,PAY03981,O03981,Same Day,Delivered,6,Apple Pay,Pending,4,7,No,N/A
D03982,PAY03982,O03982,Standard,Delivered,7,Credit Card,Refunded,3,5,No,Damaged
D03983,PAY03983,O03983,Standard,Delivered,3,STC Pay,Refunded,4,5,No,N/A
D03984,PAY03984,O03984,Express,Delivered,7,Credit Card,Paid,2,1,No,Damaged
D03985,PAY03985,O03985,Standard,Returned,1,Cash On Delivery,Refunded,4,10,Yes,Late Delivery
D03986,PAY03986,O03986,Same Day,Delivered,10,Debit Card,Paid,1,3,Yes,Late Delivery
D03987,PAY03987,O03987,Standard,Delivered,5,Debit Card,Refunded,4,4,No,Wrong Item
D03988,PAY03988,O03988,Express,In Transit,1,Credit Card,Pending,2,6,Yes,Late Delivery
D03989,PAY03989,O03989,Express,Delivered,9,Cash On Delivery,Refunded,4,7,No,Late Delivery
D03990,PAY03990,O03990,Same Day,In Transit,5,Debit Card,Paid,4,10,No,Wrong Item
D03991,PAY03991,O03991,Standard,Returned,5,STC Pay,Pending,2,4,Yes,Late Delivery
D03992,PAY03992,O03992,Same Day,In Transit,1,Credit Card,Refunded,3,2,Yes,Damaged
D03993,PAY03993,O03993,Standard,In Transit,7,Debit Card,Refunded,2,4,Yes,Damaged
D03994,PAY03994,O03994,Standard,Returned,3,Credit Card,Pending,5,6,No,N/A
D03995,PAY03995,O03995,Express,Returned,4,Credit Card,Refunded,4,4,No,N/A
D03996,PAY03996,O03996,Same Day,Returned,7,Debit Card,Pending,4,9,No,Late Delivery
D03997,PAY03997,O03997,Same Day,Delivered,4,Debit Card,Pending,4,1,No,Wrong Item
D03998,PAY03998,O03998,Express,Returned,2,Credit Card,Refunded,2,8,Yes,Damaged
D03999,PAY03999,O03999,Same Day,Returned,6,Apple Pay,Refunded,3,10,Yes,Damaged
D04000,PAY04000,O04000,Express,Returned,3,Credit Card,Paid,5,3,Yes,N/A
D04001,PAY04001,O04001,Same Day,In Transit,10,Apple Pay,Paid,5,8,Yes,Damaged
D04002,PAY04002,O04002,Express,In Transit,4,Mada,Paid,2,1,No,Late Delivery
D04003,PAY04003,O04003,Standard,Delivered,5,Cash On Delivery,Refunded,2,6,Yes,Wrong Item
D04004,PAY04004,O04004,Standard,Returned,9,Credit Card,Paid,4,9,Yes,Late Delivery
D04005,PAY04005,O04005,Standard,In Transit,1,Mada,Paid,2,7,Yes,Wrong Item
D04006,PAY04006,O04006,Same Day,Returned,9,STC Pay,Refunded,1,3,Yes,N/A
D04007,PAY04007,O04007,Same Day,Delivered,7,Cash On Delivery,Paid,5,4,No,Damaged
D04008,PAY04008,O04008,Standard,In Transit,4,Mada,Refunded,2,3,Yes,N/A
D04009,PAY04009,O04009,Same Day,In Transit,6,STC Pay,Paid,4,4,No,Late Delivery
D04010,PAY04010,O04010,Standard,In Transit,6,Mada,Refunded,2,5,No,Wrong Item
D04011,PAY04011,O04011,Express,Delivered,2,STC Pay,Pending,4,8,No,Wrong Item
D04012,PAY04012,O04012,Standard,Delivered,9,Debit Card,Pending,4,2,No,Damaged
D04013,PAY04013,O04013,Express,Returned,8,Mada,Refunded,3,10,No,N/A
D04014,PAY04014,O04014,Express,Returned,10,Debit Card,Refunded,1,6,Yes,Late Delivery
D04015,PAY04015,O04015,Standard,Delivered,5,Apple Pay,Paid,3,1,No,N/A
D04016,PAY04016,O04016,Standard,Returned,2,Mada,Paid,1,5,No,Damaged
D04017,PAY04017,O04017,Express,Delivered,9,Cash On Delivery,Paid,2,2,Yes,Late Delivery
D04018,PAY04018,O04018,Same Day,In Transit,4,Mada,Pending,1,2,Yes,Damaged
D04019,PAY04019,O04019,Express,Delivered,9,STC Pay,Pending,3,2,No,Wrong Item
D04020,PAY04020,O04020,Same Day,In Transit,8,STC Pay,Refunded,4,9,Yes,N/A
D04021,PAY04021,O04021,Same Day,Delivered,5,STC Pay,Refunded,1,4,No,N/A
D04022,PAY04022,O04022,Standard,Returned,3,Mada,Pending,1,8,Yes,Wrong Item
D04023,PAY04023,O04023,Same Day,Delivered,10,Credit Card,Refunded,4,8,Yes,Damaged
D04024,PAY04024,O04024,Express,In Transit,7,Credit Card,Paid,3,6,Yes,Wrong Item
D04025,PAY04025,O04025,Express,In Transit,3,Credit Card,Refunded,5,9,No,Late Delivery
D04026,PAY04026,O04026,Same Day,In Transit,10,Apple Pay,Pending,5,10,Yes,Damaged
D04027,PAY04027,O04027,Standard,In Transit,5,Apple Pay,Paid,4,2,No,Wrong Item
D04028,PAY04028,O04028,Standard,In Transit,5,STC Pay,Paid,1,9,Yes,Damaged
D04029,PAY04029,O04029,Standard,Returned,1,STC Pay,Pending,2,3,No,Late Delivery
D04030,PAY04030,O04030,Same Day,In Transit,9,Mada,Pending,2,5,Yes,Wrong Item
D04031,PAY04031,O04031,Express,Delivered,9,Cash On Delivery,Pending,1,5,Yes,Late Delivery
D04032,PAY04032,O04032,Express,Delivered,2,Debit Card,Pending,4,5,Yes,N/A
D04033,PAY04033,O04033,Express,In Transit,5,Apple Pay,Paid,5,4,Yes,N/A
D04034,PAY04034,O04034,Standard,Delivered,1,Mada,Refunded,1,4,No,Late Delivery
D04035,PAY04035,O04035,Standard,In Transit,6,Mada,Pending,4,10,Yes,N/A
D04036,PAY04036,O04036,Standard,Delivered,10,Apple Pay,Refunded,5,8,No,N/A
D04037,PAY04037,O04037,Same Day,Delivered,2,Debit Card,Paid,2,10,No,Damaged
D04038,PAY04038,O04038,Same Day,In Transit,4,Credit Card,Pending,5,3,Yes,Wrong Item
D04039,PAY04039,O04039,Standard,Delivered,8,Debit Card,Pending,3,3,No,Damaged
D04040,PAY04040,O04040,Same Day,In Transit,6,Debit Card,Pending,5,1,Yes,Wrong Item
D04041,PAY04041,O04041,Same Day,Returned,8,Debit Card,Pending,3,8,No,Damaged
D04042,PAY04042,O04042,Express,Delivered,5,Credit Card,Refunded,4,4,Yes,Wrong Item
D04043,PAY04043,O04043,Standard,Delivered,7,Credit Card,Pending,1,4,No,Damaged
D04044,PAY04044,O04044,Express,Returned,8,Mada,Refunded,3,9,Yes,N/A
D04045,PAY04045,O04045,Same Day,Returned,6,STC Pay,Refunded,3,6,No,Damaged
D04046,PAY04046,O04046,Standard,Returned,6,Credit Card,Pending,3,6,No,Wrong Item
D04047,PAY04047,O04047,Express,In Transit,1,Mada,Refunded,3,7,Yes,N/A
D04048,PAY04048,O04048,Express,Returned,8,Mada,Pending,5,5,Yes,Wrong Item
D04049,PAY04049,O04049,Standard,Returned,2,Mada,Paid,2,7,No,Damaged
D04050,PAY04050,O04050,Standard,Returned,4,Apple Pay,Pending,4,5,Yes,Wrong Item
D04051,PAY04051,O04051,Same Day,Returned,4,Mada,Pending,1,5,No,Late Delivery
D04052,PAY04052,O04052,Express,Returned,7,Credit Card,Refunded,5,3,Yes,N/A
D04053,PAY04053,O04053,Express,In Transit,10,STC Pay,Pending,2,6,Yes,Damaged
D04054,PAY04054,O04054,Express,Delivered,2,Debit Card,Paid,4,1,No,Damaged
D04055,PAY04055,O04055,Standard,Delivered,10,Apple Pay,Refunded,5,2,Yes,Damaged
D04056,PAY04056,O04056,Express,In Transit,1,Apple Pay,Paid,1,8,Yes,Damaged
D04057,PAY04057,O04057,Same Day,In Transit,5,Debit Card,Refunded,3,1,Yes,Late Delivery
D04058,PAY04058,O04058,Express,Returned,10,Mada,Refunded,1,7,No,Damaged
D04059,PAY04059,O04059,Standard,Delivered,10,Credit Card,Refunded,2,10,No,Late Delivery
D04060,PAY04060,O04060,Same Day,Returned,2,Credit Card,Refunded,3,3,No,Wrong Item
D04061,PAY04061,O04061,Express,Returned,4,Debit Card,Refunded,1,1,Yes,Wrong Item
D04062,PAY04062,O04062,Express,Delivered,10,Credit Card,Pending,4,1,Yes,Wrong Item
D04063,PAY04063,O04063,Express,In Transit,5,STC Pay,Pending,5,9,Yes,Wrong Item
D04064,PAY04064,O04064,Same Day,Returned,6,Credit Card,Paid,2,3,Yes,Late Delivery
D04065,PAY04065,O04065,Express,Delivered,9,Debit Card,Pending,3,3,Yes,Wrong Item
D04066,PAY04066,O04066,Same Day,Returned,5,Debit Card,Paid,5,8,No,N/A
D04067,PAY04067,O04067,Same Day,Delivered,5,Cash On Delivery,Refunded,4,7,Yes,N/A
D04068,PAY04068,O04068,Same Day,Delivered,7,Cash On Delivery,Refunded,2,8,Yes,Wrong Item
D04069,PAY04069,O04069,Express,Returned,4,Debit Card,Pending,3,4,No,Late Delivery
D04070,PAY04070,O04070,Express,In Transit,7,Apple Pay,Paid,2,8,Yes,Wrong Item
D04071,PAY04071,O04071,Standard,In Transit,8,Credit Card,Refunded,3,7,Yes,Wrong Item
D04072,PAY04072,O04072,Standard,In Transit,3,Credit Card,Paid,4,5,No,N/A
D04073,PAY04073,O04073,Express,Returned,9,Debit Card,Paid,2,7,No,Late Delivery
D04074,PAY04074,O04074,Same Day,Returned,4,STC Pay,Paid,1,3,No,N/A
D04075,PAY04075,O04075,Same Day,Returned,4,Mada,Pending,2,8,Yes,Late Delivery
D04076,PAY04076,O04076,Express,Returned,10,STC Pay,Pending,1,3,No,Late Delivery
D04077,PAY04077,O04077,Express,Delivered,4,Cash On Delivery,Pending,3,10,No,Wrong Item
D04078,PAY04078,O04078,Express,In Transit,3,Cash On Delivery,Paid,2,9,No,Wrong Item
D04079,PAY04079,O04079,Same Day,In Transit,10,Cash On Delivery,Pending,4,7,Yes,Damaged
D04080,PAY04080,O04080,Standard,Returned,1,Credit Card,Refunded,2,6,No,Late Delivery
D04081,PAY04081,O04081,Same Day,Returned,2,Apple Pay,Refunded,5,6,Yes,Late Delivery
D04082,PAY04082,O04082,Standard,Returned,4,Mada,Refunded,3,5,No,N/A
D04083,PAY04083,O04083,Same Day,In Transit,6,Credit Card,Paid,5,5,No,Late Delivery
D04084,PAY04084,O04084,Standard,Delivered,5,Credit Card,Pending,1,8,Yes,Late Delivery
D04085,PAY04085,O04085,Express,In Transit,10,Mada,Refunded,1,5,Yes,N/A
D04086,PAY04086,O04086,Standard,In Transit,5,Debit Card,Paid,3,1,No,N/A
D04087,PAY04087,O04087,Standard,Delivered,9,Mada,Refunded,5,9,No,N/A
D04088,PAY04088,O04088,Express,Delivered,3,Mada,Paid,5,3,No,Damaged
D04089,PAY04089,O04089,Same Day,In Transit,10,Debit Card,Pending,3,4,No,Late Delivery
D04090,PAY04090,O04090,Same Day,In Transit,10,Debit Card,Paid,1,8,Yes,Late Delivery
D04091,PAY04091,O04091,Express,Returned,4,Mada,Pending,5,4,No,Wrong Item
D04092,PAY04092,O04092,Standard,Returned,4,Cash On Delivery,Pending,4,6,No,Wrong Item
D04093,PAY04093,O04093,Standard,Delivered,6,Mada,Pending,5,2,Yes,Damaged
D04094,PAY04094,O04094,Express,Returned,6,Mada,Paid,1,3,No,N/A
D04095,PAY04095,O04095,Standard,Returned,10,Mada,Paid,4,8,Yes,N/A
D04096,PAY04096,O04096,Same Day,Returned,2,Credit Card,Refunded,2,3,No,N/A
D04097,PAY04097,O04097,Standard,Returned,10,Debit Card,Pending,5,1,No,Wrong Item
D04098,PAY04098,O04098,Same Day,Delivered,6,Cash On Delivery,Paid,4,7,No,Late Delivery
D04099,PAY04099,O04099,Express,In Transit,9,Debit Card,Paid,3,9,No,N/A
D04100,PAY04100,O04100,Same Day,Returned,8,Mada,Refunded,3,7,No,N/A
D04101,PAY04101,O04101,Express,Returned,9,Debit Card,Paid,1,1,Yes,Wrong Item
D04102,PAY04102,O04102,Standard,Returned,5,Debit Card,Paid,1,4,Yes,N/A
D04103,PAY04103,O04103,Standard,In Transit,6,Debit Card,Paid,1,9,No,N/A
D04104,PAY04104,O04104,Standard,Delivered,4,Mada,Pending,5,3,No,N/A
D04105,PAY04105,O04105,Express,In Transit,9,Cash On Delivery,Paid,3,5,No,Late Delivery
D04106,PAY04106,O04106,Express,Delivered,3,Cash On Delivery,Refunded,4,7,Yes,Wrong Item
D04107,PAY04107,O04107,Standard,Returned,7,Credit Card,Refunded,4,4,No,Late Delivery
D04108,PAY04108,O04108,Standard,Delivered,5,Credit Card,Pending,2,8,Yes,Damaged
D04109,PAY04109,O04109,Same Day,In Transit,10,STC Pay,Paid,2,5,Yes,N/A
D04110,PAY04110,O04110,Standard,Delivered,2,Credit Card,Pending,3,7,No,N/A
D04111,PAY04111,O04111,Same Day,In Transit,5,Credit Card,Paid,4,10,No,Wrong Item
D04112,PAY04112,O04112,Same Day,Delivered,8,Credit Card,Pending,4,1,No,Late Delivery
D04113,PAY04113,O04113,Same Day,Delivered,4,Cash On Delivery,Pending,5,10,Yes,Late Delivery
D04114,PAY04114,O04114,Same Day,Delivered,6,Cash On Delivery,Pending,2,8,No,Wrong Item
D04115,PAY04115,O04115,Same Day,Delivered,10,STC Pay,Pending,3,1,Yes,Damaged
D04116,PAY04116,O04116,Same Day,In Transit,5,Cash On Delivery,Refunded,4,6,No,Wrong Item
D04117,PAY04117,O04117,Standard,In Transit,4,Credit Card,Paid,2,9,No,Late Delivery
D04118,PAY04118,O04118,Same Day,In Transit,4,Mada,Refunded,4,8,No,Wrong Item
D04119,PAY04119,O04119,Same Day,In Transit,3,STC Pay,Pending,4,2,No,Late Delivery
D04120,PAY04120,O04120,Express,Delivered,8,Credit Card,Pending,3,6,No,Wrong Item
D04121,PAY04121,O04121,Same Day,Delivered,2,Mada,Refunded,4,8,Yes,Wrong Item
D04122,PAY04122,O04122,Same Day,Returned,8,Cash On Delivery,Pending,2,7,Yes,Late Delivery
D04123,PAY04123,O04123,Standard,In Transit,1,Debit Card,Paid,2,8,Yes,Damaged
D04124,PAY04124,O04124,Standard,Delivered,1,Debit Card,Paid,1,2,Yes,Wrong Item
D04125,PAY04125,O04125,Express,In Transit,3,Mada,Pending,4,10,Yes,Wrong Item
D04126,PAY04126,O04126,Standard,Delivered,6,STC Pay,Refunded,2,6,No,Wrong Item
D04127,PAY04127,O04127,Standard,Returned,6,Cash On Delivery,Pending,3,2,No,Wrong Item
D04128,PAY04128,O04128,Express,In Transit,10,Cash On Delivery,Pending,5,5,No,N/A
D04129,PAY04129,O04129,Express,Returned,2,Cash On Delivery,Pending,5,7,No,Wrong Item
D04130,PAY04130,O04130,Standard,Delivered,8,Mada,Pending,1,6,No,Late Delivery
D04131,PAY04131,O04131,Standard,Delivered,7,Cash On Delivery,Refunded,4,3,Yes,Late Delivery
D04132,PAY04132,O04132,Same Day,Returned,4,Mada,Pending,5,6,No,Late Delivery
D04133,PAY04133,O04133,Standard,Delivered,3,Cash On Delivery,Paid,2,5,No,Late Delivery
D04134,PAY04134,O04134,Same Day,Returned,6,Mada,Paid,2,8,Yes,Late Delivery
D04135,PAY04135,O04135,Express,Delivered,10,Credit Card,Refunded,3,7,Yes,N/A
D04136,PAY04136,O04136,Express,Returned,5,Mada,Pending,2,2,Yes,Damaged
D04137,PAY04137,O04137,Same Day,Delivered,5,Apple Pay,Paid,4,10,No,Late Delivery
D04138,PAY04138,O04138,Standard,In Transit,2,Cash On Delivery,Pending,1,9,Yes,Damaged
D04139,PAY04139,O04139,Express,Delivered,5,Debit Card,Refunded,3,5,Yes,Wrong Item
D04140,PAY04140,O04140,Same Day,In Transit,5,Credit Card,Paid,4,8,Yes,N/A
D04141,PAY04141,O04141,Standard,In Transit,5,Cash On Delivery,Refunded,5,5,Yes,Wrong Item
D04142,PAY04142,O04142,Standard,In Transit,9,STC Pay,Pending,3,10,No,Late Delivery
D04143,PAY04143,O04143,Same Day,Delivered,2,Cash On Delivery,Pending,4,1,No,Late Delivery
D04144,PAY04144,O04144,Express,In Transit,6,STC Pay,Pending,1,3,No,Wrong Item
D04145,PAY04145,O04145,Express,Delivered,3,Credit Card,Refunded,3,4,No,Damaged
D04146,PAY04146,O04146,Standard,Returned,8,Mada,Paid,4,5,Yes,Damaged
D04147,PAY04147,O04147,Standard,Returned,10,Mada,Paid,2,9,No,Late Delivery
D04148,PAY04148,O04148,Standard,In Transit,9,Cash On Delivery,Refunded,3,1,No,Late Delivery
D04149,PAY04149,O04149,Standard,Delivered,3,Debit Card,Paid,1,7,Yes,Late Delivery
D04150,PAY04150,O04150,Express,Delivered,3,Mada,Paid,4,10,Yes,Late Delivery
D04151,PAY04151,O04151,Express,Delivered,7,Debit Card,Pending,4,1,Yes,Late Delivery
D04152,PAY04152,O04152,Standard,In Transit,10,Cash On Delivery,Refunded,5,7,No,N/A
D04153,PAY04153,O04153,Same Day,Delivered,6,Credit Card,Paid,1,4,Yes,Late Delivery
D04154,PAY04154,O04154,Same Day,In Transit,10,Mada,Refunded,5,5,No,Damaged
D04155,PAY04155,O04155,Express,In Transit,5,Apple Pay,Paid,2,10,No,Late Delivery
D04156,PAY04156,O04156,Standard,Delivered,8,Mada,Paid,2,5,Yes,Late Delivery
D04157,PAY04157,O04157,Standard,Returned,10,Apple Pay,Pending,1,7,No,Damaged
D04158,PAY04158,O04158,Standard,In Transit,9,Mada,Pending,5,8,No,Damaged
D04159,PAY04159,O04159,Standard,Returned,1,Cash On Delivery,Pending,1,1,No,Wrong Item
D04160,PAY04160,O04160,Standard,Delivered,5,Debit Card,Paid,1,1,No,Wrong Item
D04161,PAY04161,O04161,Same Day,Delivered,1,Credit Card,Refunded,1,3,No,Wrong Item
D04162,PAY04162,O04162,Express,Delivered,2,Credit Card,Paid,4,7,No,Late Delivery
D04163,PAY04163,O04163,Standard,Delivered,3,Credit Card,Paid,5,4,Yes,Late Delivery
D04164,PAY04164,O04164,Express,In Transit,8,STC Pay,Refunded,1,3,No,Damaged
D04165,PAY04165,O04165,Express,Delivered,3,Credit Card,Refunded,5,6,No,Late Delivery
D04166,PAY04166,O04166,Same Day,In Transit,10,Cash On Delivery,Pending,3,5,Yes,Late Delivery
D04167,PAY04167,O04167,Same Day,Returned,9,Debit Card,Paid,5,8,Yes,N/A
D04168,PAY04168,O04168,Express,Returned,10,Apple Pay,Refunded,2,6,Yes,Damaged
D04169,PAY04169,O04169,Same Day,In Transit,6,Apple Pay,Pending,2,9,Yes,Late Delivery
D04170,PAY04170,O04170,Express,Delivered,10,Cash On Delivery,Paid,2,9,Yes,Late Delivery
D04171,PAY04171,O04171,Same Day,Delivered,4,Cash On Delivery,Refunded,1,5,No,N/A
D04172,PAY04172,O04172,Same Day,Delivered,8,Cash On Delivery,Paid,1,4,Yes,N/A
D04173,PAY04173,O04173,Same Day,In Transit,1,Debit Card,Pending,3,5,Yes,N/A
D04174,PAY04174,O04174,Same Day,In Transit,8,Mada,Refunded,1,1,No,N/A
D04175,PAY04175,O04175,Standard,Delivered,5,Credit Card,Paid,5,6,No,Wrong Item
D04176,PAY04176,O04176,Same Day,Returned,7,Cash On Delivery,Paid,4,5,No,Late Delivery
D04177,PAY04177,O04177,Express,In Transit,7,Apple Pay,Paid,3,9,No,Late Delivery
D04178,PAY04178,O04178,Express,Returned,3,Apple Pay,Paid,2,2,No,N/A
D04179,PAY04179,O04179,Standard,In Transit,10,STC Pay,Paid,3,5,Yes,Late Delivery
D04180,PAY04180,O04180,Standard,In Transit,1,Mada,Paid,2,8,Yes,Damaged
D04181,PAY04181,O04181,Express,Delivered,7,Apple Pay,Refunded,4,2,No,N/A
D04182,PAY04182,O04182,Same Day,In Transit,2,Debit Card,Pending,1,3,No,Wrong Item
D04183,PAY04183,O04183,Same Day,Delivered,7,Apple Pay,Refunded,5,7,Yes,Late Delivery
D04184,PAY04184,O04184,Express,Delivered,6,Debit Card,Paid,5,9,No,N/A
D04185,PAY04185,O04185,Standard,Returned,2,STC Pay,Pending,2,5,Yes,Wrong Item
D04186,PAY04186,O04186,Same Day,Delivered,10,STC Pay,Paid,2,4,No,Wrong Item
D04187,PAY04187,O04187,Express,In Transit,5,STC Pay,Pending,3,2,Yes,Wrong Item
D04188,PAY04188,O04188,Same Day,In Transit,2,Credit Card,Pending,3,2,Yes,Damaged
D04189,PAY04189,O04189,Express,In Transit,3,Apple Pay,Refunded,4,2,Yes,Wrong Item
D04190,PAY04190,O04190,Same Day,In Transit,2,Mada,Paid,1,8,Yes,N/A
D04191,PAY04191,O04191,Same Day,Delivered,1,Cash On Delivery,Paid,5,6,Yes,N/A
D04192,PAY04192,O04192,Express,Returned,2,Apple Pay,Pending,4,5,No,Late Delivery
D04193,PAY04193,O04193,Standard,In Transit,2,Apple Pay,Pending,5,5,No,Damaged
D04194,PAY04194,O04194,Same Day,Returned,1,STC Pay,Paid,3,2,No,Late Delivery
D04195,PAY04195,O04195,Express,In Transit,10,Mada,Pending,1,10,No,N/A
D04196,PAY04196,O04196,Express,Returned,8,Apple Pay,Refunded,5,7,Yes,Late Delivery
D04197,PAY04197,O04197,Express,Returned,7,Debit Card,Paid,5,7,Yes,Wrong Item
D04198,PAY04198,O04198,Standard,Returned,1,Debit Card,Refunded,4,1,Yes,N/A
D04199,PAY04199,O04199,Standard,Delivered,6,Debit Card,Pending,4,3,Yes,Wrong Item
D04200,PAY04200,O04200,Standard,Delivered,4,Cash On Delivery,Pending,4,9,No,Late Delivery
D04201,PAY04201,O04201,Same Day,Returned,2,Debit Card,Pending,2,10,No,N/A
D04202,PAY04202,O04202,Standard,In Transit,7,STC Pay,Paid,1,9,Yes,Damaged
D04203,PAY04203,O04203,Same Day,Returned,4,STC Pay,Paid,2,9,Yes,Damaged
D04204,PAY04204,O04204,Standard,Delivered,7,Apple Pay,Pending,3,1,Yes,Damaged
D04205,PAY04205,O04205,Same Day,Delivered,8,Apple Pay,Refunded,1,4,No,Wrong Item
D04206,PAY04206,O04206,Same Day,Returned,10,Credit Card,Refunded,1,3,No,Late Delivery
D04207,PAY04207,O04207,Standard,Returned,1,Apple Pay,Pending,3,9,No,Wrong Item
D04208,PAY04208,O04208,Same Day,Returned,4,Apple Pay,Refunded,5,3,Yes,N/A
D04209,PAY04209,O04209,Same Day,Returned,5,STC Pay,Pending,1,4,No,Wrong Item
D04210,PAY04210,O04210,Standard,In Transit,9,Cash On Delivery,Pending,3,8,Yes,Late Delivery
D04211,PAY04211,O04211,Standard,Delivered,7,STC Pay,Pending,5,2,Yes,Late Delivery
D04212,PAY04212,O04212,Same Day,Returned,7,Credit Card,Paid,3,10,No,N/A
D04213,PAY04213,O04213,Express,Returned,3,Mada,Refunded,5,8,Yes,Late Delivery
D04214,PAY04214,O04214,Same Day,Returned,4,Apple Pay,Pending,1,10,Yes,Damaged
D04215,PAY04215,O04215,Same Day,In Transit,8,STC Pay,Refunded,5,7,No,Damaged
D04216,PAY04216,O04216,Express,Returned,3,Debit Card,Refunded,1,7,No,N/A
D04217,PAY04217,O04217,Same Day,In Transit,3,Mada,Refunded,3,5,Yes,N/A
D04218,PAY04218,O04218,Standard,Returned,6,Credit Card,Paid,3,2,Yes,Damaged
D04219,PAY04219,O04219,Same Day,Delivered,8,Cash On Delivery,Refunded,1,3,No,Late Delivery
D04220,PAY04220,O04220,Same Day,Delivered,3,Mada,Pending,5,5,No,Late Delivery
D04221,PAY04221,O04221,Express,Returned,9,Debit Card,Refunded,3,6,No,N/A
D04222,PAY04222,O04222,Standard,In Transit,4,Cash On Delivery,Paid,2,4,No,Damaged
D04223,PAY04223,O04223,Standard,Returned,9,Debit Card,Pending,4,2,Yes,N/A
D04224,PAY04224,O04224,Express,Delivered,5,Cash On Delivery,Refunded,4,5,Yes,N/A
D04225,PAY04225,O04225,Express,Returned,5,STC Pay,Paid,1,4,No,N/A
D04226,PAY04226,O04226,Express,Returned,3,Credit Card,Refunded,3,2,Yes,Wrong Item
D04227,PAY04227,O04227,Same Day,Delivered,4,Debit Card,Pending,1,10,No,Late Delivery
D04228,PAY04228,O04228,Same Day,Returned,10,Cash On Delivery,Paid,5,9,Yes,Wrong Item
D04229,PAY04229,O04229,Express,Returned,4,Mada,Pending,4,5,No,Damaged
D04230,PAY04230,O04230,Standard,Delivered,1,Mada,Pending,2,4,Yes,Wrong Item
D04231,PAY04231,O04231,Express,Delivered,2,Debit Card,Pending,2,9,No,Wrong Item
D04232,PAY04232,O04232,Standard,Returned,9,Apple Pay,Refunded,4,6,No,Damaged
D04233,PAY04233,O04233,Same Day,In Transit,1,Apple Pay,Pending,2,6,No,Late Delivery
D04234,PAY04234,O04234,Same Day,Returned,8,Mada,Paid,1,4,Yes,N/A
D04235,PAY04235,O04235,Express,In Transit,4,Credit Card,Pending,4,6,No,N/A
D04236,PAY04236,O04236,Same Day,In Transit,3,Apple Pay,Pending,4,10,No,Damaged
D04237,PAY04237,O04237,Same Day,In Transit,8,Debit Card,Paid,4,3,Yes,Late Delivery
D04238,PAY04238,O04238,Standard,Returned,5,Credit Card,Refunded,5,2,Yes,Damaged
D04239,PAY04239,O04239,Express,In Transit,6,Debit Card,Refunded,2,1,Yes,Late Delivery
D04240,PAY04240,O04240,Express,In Transit,5,Credit Card,Paid,2,9,No,N/A
D04241,PAY04241,O04241,Same Day,Returned,4,STC Pay,Pending,3,10,Yes,Late Delivery
D04242,PAY04242,O04242,Express,Delivered,3,Cash On Delivery,Refunded,4,6,No,Late Delivery
D04243,PAY04243,O04243,Express,Returned,1,STC Pay,Refunded,1,1,Yes,Late Delivery
D04244,PAY04244,O04244,Express,Returned,3,Mada,Refunded,5,4,No,Wrong Item
D04245,PAY04245,O04245,Same Day,Returned,7,Mada,Paid,3,2,No,Late Delivery
D04246,PAY04246,O04246,Same Day,Returned,3,Cash On Delivery,Pending,1,4,Yes,Late Delivery
D04247,PAY04247,O04247,Same Day,Delivered,10,Debit Card,Pending,3,6,Yes,N/A
D04248,PAY04248,O04248,Express,Delivered,9,Apple Pay,Paid,5,1,Yes,Damaged
D04249,PAY04249,O04249,Standard,Returned,7,STC Pay,Pending,1,1,No,Damaged
D04250,PAY04250,O04250,Standard,In Transit,8,Mada,Refunded,3,6,No,Wrong Item
D04251,PAY04251,O04251,Express,Returned,4,Credit Card,Pending,2,8,No,Wrong Item
D04252,PAY04252,O04252,Same Day,Delivered,7,Debit Card,Paid,1,3,Yes,Wrong Item
D04253,PAY04253,O04253,Same Day,In Transit,4,Apple Pay,Refunded,4,7,No,N/A
D04254,PAY04254,O04254,Same Day,Delivered,7,Credit Card,Refunded,4,7,No,N/A
D04255,PAY04255,O04255,Express,Delivered,8,Mada,Pending,4,1,Yes,Damaged
D04256,PAY04256,O04256,Express,In Transit,5,Mada,Paid,2,4,No,Late Delivery
D04257,PAY04257,O04257,Same Day,In Transit,5,Debit Card,Pending,3,4,Yes,Wrong Item
D04258,PAY04258,O04258,Express,Returned,2,STC Pay,Refunded,3,2,Yes,N/A
D04259,PAY04259,O04259,Express,Returned,5,Mada,Pending,1,3,No,Wrong Item
D04260,PAY04260,O04260,Express,Returned,7,Cash On Delivery,Refunded,1,10,Yes,N/A
D04261,PAY04261,O04261,Express,In Transit,7,Credit Card,Refunded,1,8,No,Late Delivery
D04262,PAY04262,O04262,Same Day,Returned,9,Cash On Delivery,Paid,2,1,Yes,Damaged
D04263,PAY04263,O04263,Same Day,In Transit,7,Apple Pay,Refunded,3,9,No,N/A
D04264,PAY04264,O04264,Standard,In Transit,4,Apple Pay,Refunded,5,4,Yes,N/A
D04265,PAY04265,O04265,Same Day,In Transit,4,Mada,Refunded,5,5,Yes,N/A
D04266,PAY04266,O04266,Same Day,Delivered,5,Mada,Pending,2,8,No,Damaged
D04267,PAY04267,O04267,Same Day,Delivered,5,Cash On Delivery,Pending,1,8,No,Late Delivery
D04268,PAY04268,O04268,Same Day,In Transit,5,STC Pay,Refunded,5,10,No,N/A
D04269,PAY04269,O04269,Express,Returned,6,Credit Card,Pending,5,1,Yes,Wrong Item
D04270,PAY04270,O04270,Express,In Transit,1,Apple Pay,Pending,2,3,No,N/A
D04271,PAY04271,O04271,Express,Returned,2,Cash On Delivery,Refunded,1,6,No,Damaged
D04272,PAY04272,O04272,Same Day,Delivered,4,STC Pay,Pending,4,6,No,N/A
D04273,PAY04273,O04273,Same Day,Returned,1,Credit Card,Paid,4,9,No,Late Delivery
D04274,PAY04274,O04274,Same Day,In Transit,6,Mada,Pending,4,10,Yes,Damaged
D04275,PAY04275,O04275,Same Day,Returned,1,Credit Card,Refunded,2,3,Yes,N/A
D04276,PAY04276,O04276,Express,In Transit,1,STC Pay,Refunded,5,8,Yes,Late Delivery
D04277,PAY04277,O04277,Express,Delivered,2,STC Pay,Pending,3,8,Yes,Damaged
D04278,PAY04278,O04278,Standard,In Transit,5,Debit Card,Pending,1,7,Yes,Late Delivery
D04279,PAY04279,O04279,Express,In Transit,6,Cash On Delivery,Refunded,5,3,Yes,Damaged
D04280,PAY04280,O04280,Standard,Returned,7,Apple Pay,Paid,3,7,Yes,Damaged
D04281,PAY04281,O04281,Express,In Transit,6,Cash On Delivery,Refunded,5,2,Yes,Late Delivery
D04282,PAY04282,O04282,Same Day,Delivered,9,Cash On Delivery,Refunded,3,1,No,Late Delivery
D04283,PAY04283,O04283,Express,In Transit,3,STC Pay,Refunded,2,10,Yes,Wrong Item
D04284,PAY04284,O04284,Standard,Returned,8,Mada,Refunded,3,5,Yes,Wrong Item
D04285,PAY04285,O04285,Express,Delivered,7,Apple Pay,Refunded,3,6,No,Damaged
D04286,PAY04286,O04286,Same Day,Returned,5,Cash On Delivery,Pending,4,2,No,Damaged
D04287,PAY04287,O04287,Same Day,Delivered,1,Apple Pay,Paid,3,8,No,Late Delivery
D04288,PAY04288,O04288,Same Day,In Transit,3,Cash On Delivery,Paid,2,8,No,Damaged
D04289,PAY04289,O04289,Standard,Returned,8,Debit Card,Paid,1,1,No,Wrong Item
D04290,PAY04290,O04290,Same Day,In Transit,8,Credit Card,Refunded,4,6,No,Late Delivery
D04291,PAY04291,O04291,Standard,Returned,6,Debit Card,Pending,2,6,No,Late Delivery
D04292,PAY04292,O04292,Same Day,Returned,6,Debit Card,Refunded,1,10,Yes,Damaged
D04293,PAY04293,O04293,Same Day,Delivered,8,Apple Pay,Pending,5,9,No,Late Delivery
D04294,PAY04294,O04294,Same Day,Delivered,8,Credit Card,Refunded,1,1,No,Damaged
D04295,PAY04295,O04295,Same Day,In Transit,9,Debit Card,Refunded,5,10,No,N/A
D04296,PAY04296,O04296,Same Day,Delivered,2,STC Pay,Refunded,1,4,Yes,N/A
D04297,PAY04297,O04297,Same Day,Delivered,5,STC Pay,Refunded,2,1,No,N/A
D04298,PAY04298,O04298,Same Day,Returned,6,Cash On Delivery,Pending,1,2,Yes,Wrong Item
D04299,PAY04299,O04299,Express,Delivered,10,Mada,Pending,4,3,Yes,Wrong Item
D04300,PAY04300,O04300,Standard,Returned,1,Apple Pay,Refunded,3,6,No,N/A
D04301,PAY04301,O04301,Same Day,Returned,5,Mada,Refunded,1,2,No,Late Delivery
D04302,PAY04302,O04302,Standard,In Transit,4,Mada,Refunded,2,2,No,N/A
D04303,PAY04303,O04303,Standard,In Transit,6,Debit Card,Paid,2,7,Yes,N/A
D04304,PAY04304,O04304,Express,Delivered,10,Debit Card,Paid,4,3,Yes,N/A
D04305,PAY04305,O04305,Express,In Transit,9,Apple Pay,Paid,3,2,No,Late Delivery
D04306,PAY04306,O04306,Same Day,In Transit,5,Cash On Delivery,Paid,3,2,No,Damaged
D04307,PAY04307,O04307,Standard,In Transit,3,Mada,Paid,5,10,Yes,Damaged
D04308,PAY04308,O04308,Express,Delivered,8,STC Pay,Paid,4,1,No,Late Delivery
D04309,PAY04309,O04309,Express,Delivered,10,Credit Card,Refunded,3,5,Yes,Wrong Item
D04310,PAY04310,O04310,Express,Returned,3,Apple Pay,Pending,4,9,Yes,Wrong Item
D04311,PAY04311,O04311,Standard,In Transit,4,Credit Card,Paid,4,8,No,N/A
D04312,PAY04312,O04312,Standard,Delivered,3,Cash On Delivery,Pending,1,8,No,Wrong Item
D04313,PAY04313,O04313,Standard,Returned,5,Debit Card,Paid,3,3,No,Wrong Item
D04314,PAY04314,O04314,Express,Delivered,9,Mada,Pending,2,6,Yes,Damaged
D04315,PAY04315,O04315,Standard,In Transit,3,Debit Card,Pending,3,2,Yes,Wrong Item
D04316,PAY04316,O04316,Standard,Delivered,7,Debit Card,Pending,4,3,No,Late Delivery
D04317,PAY04317,O04317,Standard,Delivered,9,Apple Pay,Pending,2,10,Yes,Late Delivery
D04318,PAY04318,O04318,Standard,Delivered,9,Credit Card,Paid,3,8,Yes,Wrong Item
D04319,PAY04319,O04319,Standard,In Transit,8,Debit Card,Paid,5,6,No,Wrong Item
D04320,PAY04320,O04320,Express,Returned,1,Apple Pay,Pending,4,3,No,Wrong Item
D04321,PAY04321,O04321,Express,Returned,6,STC Pay,Pending,1,2,Yes,Damaged
D04322,PAY04322,O04322,Same Day,Delivered,4,Cash On Delivery,Paid,3,8,No,Late Delivery
D04323,PAY04323,O04323,Same Day,Returned,8,STC Pay,Refunded,1,10,Yes,Wrong Item
D04324,PAY04324,O04324,Standard,Delivered,3,Debit Card,Refunded,5,8,No,Damaged
D04325,PAY04325,O04325,Express,In Transit,1,Credit Card,Refunded,4,7,Yes,N/A
D04326,PAY04326,O04326,Same Day,Delivered,9,Mada,Refunded,3,1,Yes,Damaged
D04327,PAY04327,O04327,Express,Returned,10,Credit Card,Paid,4,9,No,Late Delivery
D04328,PAY04328,O04328,Express,Returned,7,Debit Card,Paid,1,10,Yes,N/A
D04329,PAY04329,O04329,Express,In Transit,1,Debit Card,Paid,2,2,Yes,N/A
D04330,PAY04330,O04330,Express,Returned,3,Credit Card,Pending,3,4,No,Wrong Item
D04331,PAY04331,O04331,Express,In Transit,5,Mada,Pending,2,1,No,Late Delivery
D04332,PAY04332,O04332,Standard,Delivered,6,Credit Card,Paid,5,10,Yes,N/A
D04333,PAY04333,O04333,Same Day,Delivered,4,Mada,Pending,3,4,No,N/A
D04334,PAY04334,O04334,Express,Returned,5,STC Pay,Pending,3,5,Yes,Late Delivery
D04335,PAY04335,O04335,Same Day,Delivered,8,STC Pay,Pending,2,5,Yes,N/A
D04336,PAY04336,O04336,Standard,In Transit,7,Apple Pay,Pending,3,2,No,Wrong Item
D04337,PAY04337,O04337,Same Day,In Transit,2,Mada,Pending,2,8,No,Damaged
D04338,PAY04338,O04338,Standard,Delivered,5,Cash On Delivery,Pending,5,5,Yes,N/A
D04339,PAY04339,O04339,Express,Returned,5,Apple Pay,Refunded,2,2,No,Wrong Item
D04340,PAY04340,O04340,Same Day,Delivered,6,Mada,Paid,1,10,Yes,Late Delivery
D04341,PAY04341,O04341,Same Day,Returned,6,Debit Card,Paid,2,8,Yes,N/A
D04342,PAY04342,O04342,Express,In Transit,1,STC Pay,Refunded,4,8,No,Damaged
D04343,PAY04343,O04343,Same Day,In Transit,5,Apple Pay,Pending,1,3,No,Late Delivery
D04344,PAY04344,O04344,Same Day,In Transit,9,Cash On Delivery,Paid,2,10,Yes,Late Delivery
D04345,PAY04345,O04345,Standard,In Transit,10,Apple Pay,Refunded,4,5,No,Damaged
D04346,PAY04346,O04346,Same Day,Delivered,9,Mada,Pending,4,1,Yes,Wrong Item
D04347,PAY04347,O04347,Same Day,Returned,1,Mada,Pending,2,8,Yes,Late Delivery
D04348,PAY04348,O04348,Same Day,Returned,2,STC Pay,Refunded,5,8,No,Damaged
D04349,PAY04349,O04349,Standard,Returned,10,Credit Card,Refunded,1,7,No,Wrong Item
D04350,PAY04350,O04350,Standard,In Transit,6,Credit Card,Refunded,5,10,No,Damaged
D04351,PAY04351,O04351,Standard,Returned,7,Debit Card,Paid,2,1,No,Late Delivery
D04352,PAY04352,O04352,Standard,In Transit,3,Apple Pay,Paid,4,4,Yes,Late Delivery
D04353,PAY04353,O04353,Express,Returned,8,Credit Card,Paid,2,2,No,Damaged
D04354,PAY04354,O04354,Standard,In Transit,1,Apple Pay,Refunded,1,2,Yes,N/A
D04355,PAY04355,O04355,Express,Returned,2,STC Pay,Pending,1,4,Yes,Late Delivery
D04356,PAY04356,O04356,Standard,Returned,6,Mada,Paid,3,2,No,Wrong Item
D04357,PAY04357,O04357,Express,Delivered,4,Cash On Delivery,Refunded,5,6,No,Wrong Item
D04358,PAY04358,O04358,Same Day,Delivered,3,Cash On Delivery,Refunded,3,9,No,Damaged
D04359,PAY04359,O04359,Express,Delivered,1,Mada,Paid,3,5,Yes,N/A
D04360,PAY04360,O04360,Same Day,Delivered,3,STC Pay,Pending,2,8,No,Wrong Item
D04361,PAY04361,O04361,Express,Returned,3,Debit Card,Paid,1,4,No,Wrong Item
D04362,PAY04362,O04362,Same Day,Delivered,3,STC Pay,Refunded,4,6,No,N/A
D04363,PAY04363,O04363,Standard,Returned,1,Mada,Pending,1,7,Yes,Damaged
D04364,PAY04364,O04364,Same Day,Delivered,3,STC Pay,Pending,2,6,Yes,N/A
D04365,PAY04365,O04365,Standard,Delivered,5,Debit Card,Pending,2,1,No,Late Delivery
D04366,PAY04366,O04366,Express,Returned,7,STC Pay,Refunded,2,1,No,Damaged
D04367,PAY04367,O04367,Standard,Delivered,10,Cash On Delivery,Refunded,1,6,Yes,Wrong Item
D04368,PAY04368,O04368,Same Day,Returned,1,Credit Card,Paid,1,8,Yes,Late Delivery
D04369,PAY04369,O04369,Standard,Delivered,3,Debit Card,Refunded,5,4,Yes,N/A
D04370,PAY04370,O04370,Same Day,Delivered,7,Credit Card,Refunded,4,2,Yes,N/A
D04371,PAY04371,O04371,Standard,Returned,10,Apple Pay,Pending,2,5,Yes,Damaged
D04372,PAY04372,O04372,Express,In Transit,6,Credit Card,Pending,4,8,Yes,Late Delivery
D04373,PAY04373,O04373,Express,Delivered,8,Mada,Pending,5,7,No,Wrong Item
D04374,PAY04374,O04374,Express,In Transit,7,Mada,Pending,1,10,No,Damaged
D04375,PAY04375,O04375,Standard,Returned,10,Cash On Delivery,Refunded,5,5,Yes,N/A
D04376,PAY04376,O04376,Express,Delivered,3,Mada,Pending,1,2,Yes,Late Delivery
D04377,PAY04377,O04377,Same Day,In Transit,10,Debit Card,Paid,5,1,Yes,N/A
D04378,PAY04378,O04378,Same Day,Delivered,9,Apple Pay,Refunded,2,1,No,Damaged
D04379,PAY04379,O04379,Same Day,In Transit,10,Cash On Delivery,Pending,2,5,No,Wrong Item
D04380,PAY04380,O04380,Express,Returned,9,Mada,Pending,4,7,Yes,Wrong Item
D04381,PAY04381,O04381,Express,In Transit,5,Apple Pay,Paid,4,4,Yes,Wrong Item
D04382,PAY04382,O04382,Standard,Delivered,1,Apple Pay,Pending,1,10,No,Late Delivery
D04383,PAY04383,O04383,Same Day,In Transit,6,Apple Pay,Refunded,2,9,No,Wrong Item
D04384,PAY04384,O04384,Express,Returned,1,STC Pay,Pending,2,6,Yes,Late Delivery
D04385,PAY04385,O04385,Standard,Delivered,8,STC Pay,Refunded,4,5,No,Wrong Item
D04386,PAY04386,O04386,Same Day,Delivered,3,Credit Card,Refunded,1,5,Yes,Wrong Item
D04387,PAY04387,O04387,Express,Returned,3,Credit Card,Paid,5,3,No,Damaged
D04388,PAY04388,O04388,Same Day,Delivered,2,Debit Card,Refunded,4,3,Yes,Damaged
D04389,PAY04389,O04389,Standard,Returned,7,Debit Card,Pending,2,2,No,Wrong Item
D04390,PAY04390,O04390,Same Day,Returned,10,Debit Card,Paid,2,4,No,Damaged
D04391,PAY04391,O04391,Standard,Delivered,9,Cash On Delivery,Refunded,3,10,Yes,N/A
D04392,PAY04392,O04392,Express,In Transit,8,Credit Card,Paid,1,2,No,N/A
D04393,PAY04393,O04393,Standard,In Transit,8,Credit Card,Pending,2,7,No,N/A
D04394,PAY04394,O04394,Express,In Transit,9,Apple Pay,Refunded,1,1,Yes,Damaged
D04395,PAY04395,O04395,Express,Returned,3,Debit Card,Paid,4,6,No,Late Delivery
D04396,PAY04396,O04396,Same Day,Returned,10,Cash On Delivery,Paid,2,10,No,Wrong Item
D04397,PAY04397,O04397,Same Day,Returned,1,Apple Pay,Refunded,1,2,Yes,Wrong Item
D04398,PAY04398,O04398,Express,In Transit,7,Credit Card,Paid,2,8,Yes,Late Delivery
D04399,PAY04399,O04399,Express,Returned,9,Credit Card,Paid,2,8,Yes,N/A
D04400,PAY04400,O04400,Same Day,Delivered,4,Credit Card,Paid,1,10,No,Wrong Item
D04401,PAY04401,O04401,Express,In Transit,9,STC Pay,Refunded,3,4,No,N/A
D04402,PAY04402,O04402,Express,Delivered,1,Cash On Delivery,Paid,2,1,Yes,Late Delivery
D04403,PAY04403,O04403,Standard,Returned,5,STC Pay,Refunded,1,10,No,Late Delivery
D04404,PAY04404,O04404,Same Day,Delivered,7,Mada,Refunded,3,5,Yes,Damaged
D04405,PAY04405,O04405,Same Day,Returned,5,Mada,Refunded,2,1,Yes,Late Delivery
D04406,PAY04406,O04406,Standard,Returned,10,Cash On Delivery,Refunded,3,7,Yes,Damaged
D04407,PAY04407,O04407,Standard,Delivered,10,Mada,Refunded,2,3,Yes,Wrong Item
D04408,PAY04408,O04408,Standard,In Transit,1,Mada,Pending,3,9,No,Late Delivery
D04409,PAY04409,O04409,Standard,Returned,6,Debit Card,Paid,2,8,No,Damaged
D04410,PAY04410,O04410,Standard,In Transit,1,Apple Pay,Paid,2,2,No,Damaged
D04411,PAY04411,O04411,Same Day,Returned,6,Cash On Delivery,Pending,3,6,Yes,N/A
D04412,PAY04412,O04412,Express,Returned,1,STC Pay,Paid,2,7,Yes,Wrong Item
D04413,PAY04413,O04413,Same Day,In Transit,8,Mada,Pending,2,6,Yes,Wrong Item
D04414,PAY04414,O04414,Express,Returned,7,Mada,Paid,3,4,No,Wrong Item
D04415,PAY04415,O04415,Express,Returned,1,STC Pay,Refunded,4,10,No,Late Delivery
D04416,PAY04416,O04416,Standard,Returned,9,Debit Card,Paid,3,10,No,Late Delivery
D04417,PAY04417,O04417,Express,Delivered,10,Credit Card,Paid,5,5,Yes,Late Delivery
D04418,PAY04418,O04418,Standard,Returned,5,Mada,Paid,2,1,Yes,N/A
D04419,PAY04419,O04419,Standard,Returned,6,Credit Card,Pending,3,5,No,N/A
D04420,PAY04420,O04420,Express,Returned,4,STC Pay,Refunded,2,6,Yes,Late Delivery
D04421,PAY04421,O04421,Express,Delivered,9,Debit Card,Paid,5,3,No,Damaged
D04422,PAY04422,O04422,Standard,Returned,3,STC Pay,Refunded,3,9,No,Damaged
D04423,PAY04423,O04423,Express,Returned,8,Cash On Delivery,Pending,1,4,No,N/A
D04424,PAY04424,O04424,Same Day,Returned,1,STC Pay,Paid,3,1,No,N/A
D04425,PAY04425,O04425,Same Day,Delivered,9,Debit Card,Refunded,5,5,Yes,N/A
D04426,PAY04426,O04426,Same Day,In Transit,8,Debit Card,Pending,5,4,Yes,Wrong Item
D04427,PAY04427,O04427,Standard,Delivered,3,Credit Card,Paid,4,6,No,N/A
D04428,PAY04428,O04428,Standard,In Transit,1,Cash On Delivery,Refunded,1,1,Yes,N/A
D04429,PAY04429,O04429,Standard,In Transit,1,Cash On Delivery,Paid,5,9,Yes,Damaged
D04430,PAY04430,O04430,Same Day,In Transit,8,Cash On Delivery,Pending,3,8,No,N/A
D04431,PAY04431,O04431,Standard,Delivered,10,STC Pay,Paid,4,6,Yes,Damaged
D04432,PAY04432,O04432,Express,In Transit,4,STC Pay,Paid,5,2,No,Damaged
D04433,PAY04433,O04433,Same Day,Delivered,3,Cash On Delivery,Paid,2,7,No,Wrong Item
D04434,PAY04434,O04434,Same Day,Delivered,9,Debit Card,Pending,5,1,No,N/A
D04435,PAY04435,O04435,Same Day,Delivered,4,STC Pay,Pending,1,8,No,Late Delivery
D04436,PAY04436,O04436,Standard,Delivered,8,Debit Card,Paid,1,4,Yes,Late Delivery
D04437,PAY04437,O04437,Standard,Delivered,9,Mada,Refunded,2,10,No,Damaged
D04438,PAY04438,O04438,Same Day,Returned,4,Mada,Paid,3,4,No,Late Delivery
D04439,PAY04439,O04439,Standard,Delivered,4,STC Pay,Paid,2,3,Yes,N/A
D04440,PAY04440,O04440,Same Day,Delivered,10,Apple Pay,Paid,1,8,No,Wrong Item
D04441,PAY04441,O04441,Same Day,Returned,10,Cash On Delivery,Pending,3,8,No,Wrong Item
D04442,PAY04442,O04442,Express,Returned,10,Apple Pay,Pending,1,10,No,N/A
D04443,PAY04443,O04443,Express,In Transit,2,Debit Card,Paid,4,8,Yes,Wrong Item
D04444,PAY04444,O04444,Standard,Delivered,3,STC Pay,Paid,4,10,Yes,N/A
D04445,PAY04445,O04445,Same Day,In Transit,9,Debit Card,Paid,2,1,No,Damaged
D04446,PAY04446,O04446,Same Day,In Transit,4,Apple Pay,Paid,2,4,No,Wrong Item
D04447,PAY04447,O04447,Standard,Returned,9,STC Pay,Refunded,4,4,No,Late Delivery
D04448,PAY04448,O04448,Same Day,Returned,4,Cash On Delivery,Pending,3,8,Yes,Wrong Item
D04449,PAY04449,O04449,Express,In Transit,4,Credit Card,Pending,5,2,Yes,Late Delivery
D04450,PAY04450,O04450,Same Day,Delivered,3,STC Pay,Pending,2,3,No,Wrong Item
D04451,PAY04451,O04451,Express,Delivered,6,Debit Card,Pending,3,3,Yes,Damaged
D04452,PAY04452,O04452,Express,Returned,2,Mada,Refunded,1,2,Yes,Damaged
D04453,PAY04453,O04453,Standard,In Transit,2,STC Pay,Refunded,3,7,No,N/A
D04454,PAY04454,O04454,Express,Delivered,7,Mada,Pending,5,9,Yes,Late Delivery
D04455,PAY04455,O04455,Same Day,Delivered,3,STC Pay,Paid,5,7,No,Late Delivery
D04456,PAY04456,O04456,Express,Returned,9,Mada,Refunded,3,9,No,Damaged
D04457,PAY04457,O04457,Same Day,Delivered,2,Mada,Pending,1,8,No,Late Delivery
D04458,PAY04458,O04458,Standard,Delivered,6,Mada,Refunded,3,5,Yes,N/A
D04459,PAY04459,O04459,Same Day,In Transit,6,STC Pay,Refunded,2,7,No,Wrong Item
D04460,PAY04460,O04460,Same Day,In Transit,9,Debit Card,Paid,4,3,Yes,Late Delivery
D04461,PAY04461,O04461,Same Day,In Transit,8,STC Pay,Pending,3,6,Yes,Late Delivery
D04462,PAY04462,O04462,Express,Delivered,9,Credit Card,Refunded,1,4,No,Wrong Item
D04463,PAY04463,O04463,Standard,In Transit,4,STC Pay,Pending,4,6,Yes,N/A
D04464,PAY04464,O04464,Express,Delivered,9,Debit Card,Paid,2,5,No,Wrong Item
D04465,PAY04465,O04465,Same Day,Delivered,3,Apple Pay,Paid,1,1,Yes,Damaged
D04466,PAY04466,O04466,Same Day,Returned,2,Cash On Delivery,Pending,2,5,Yes,Wrong Item
D04467,PAY04467,O04467,Standard,Returned,6,Apple Pay,Pending,4,6,Yes,N/A
D04468,PAY04468,O04468,Standard,Returned,3,STC Pay,Refunded,3,1,Yes,Wrong Item
D04469,PAY04469,O04469,Same Day,Returned,2,Debit Card,Paid,5,5,No,Damaged
D04470,PAY04470,O04470,Express,Returned,1,Debit Card,Refunded,2,9,No,Wrong Item
D04471,PAY04471,O04471,Express,Delivered,8,STC Pay,Pending,1,5,Yes,Damaged
D04472,PAY04472,O04472,Express,Returned,5,STC Pay,Refunded,2,2,No,Damaged
D04473,PAY04473,O04473,Express,In Transit,8,Cash On Delivery,Refunded,3,2,No,Damaged
D04474,PAY04474,O04474,Same Day,Returned,10,Apple Pay,Pending,1,10,Yes,N/A
D04475,PAY04475,O04475,Express,Delivered,1,Debit Card,Pending,2,2,No,N/A
D04476,PAY04476,O04476,Same Day,Returned,7,STC Pay,Paid,5,9,Yes,N/A
D04477,PAY04477,O04477,Same Day,Returned,6,STC Pay,Refunded,5,7,Yes,N/A
D04478,PAY04478,O04478,Express,Delivered,4,Apple Pay,Paid,5,6,Yes,Late Delivery
D04479,PAY04479,O04479,Same Day,In Transit,5,Mada,Pending,5,4,Yes,Wrong Item
D04480,PAY04480,O04480,Standard,Delivered,6,Debit Card,Paid,2,5,No,Damaged
D04481,PAY04481,O04481,Standard,Delivered,2,Debit Card,Paid,1,2,No,Late Delivery
D04482,PAY04482,O04482,Standard,Returned,9,Apple Pay,Refunded,2,7,Yes,Wrong Item
D04483,PAY04483,O04483,Same Day,In Transit,9,Mada,Paid,4,10,No,N/A
D04484,PAY04484,O04484,Standard,In Transit,10,Mada,Refunded,3,8,Yes,Wrong Item
D04485,PAY04485,O04485,Standard,In Transit,1,Cash On Delivery,Pending,2,10,No,Late Delivery
D04486,PAY04486,O04486,Express,Returned,10,Debit Card,Paid,4,5,Yes,Wrong Item
D04487,PAY04487,O04487,Express,In Transit,2,Mada,Pending,3,2,Yes,N/A
D04488,PAY04488,O04488,Express,In Transit,1,Mada,Pending,4,10,No,Damaged
D04489,PAY04489,O04489,Express,In Transit,5,Cash On Delivery,Paid,4,1,Yes,Damaged
D04490,PAY04490,O04490,Same Day,In Transit,10,Apple Pay,Paid,2,5,Yes,Wrong Item
D04491,PAY04491,O04491,Same Day,Returned,10,Mada,Paid,5,6,No,Wrong Item
D04492,PAY04492,O04492,Standard,Delivered,1,Apple Pay,Paid,4,6,Yes,N/A
D04493,PAY04493,O04493,Express,Returned,9,Credit Card,Refunded,3,7,Yes,Late Delivery
D04494,PAY04494,O04494,Standard,Delivered,4,Debit Card,Pending,1,6,Yes,N/A
D04495,PAY04495,O04495,Same Day,Returned,1,Mada,Paid,2,7,Yes,Damaged
D04496,PAY04496,O04496,Standard,Delivered,5,Apple Pay,Paid,1,9,Yes,N/A
D04497,PAY04497,O04497,Express,In Transit,9,Apple Pay,Paid,2,3,No,Damaged
D04498,PAY04498,O04498,Standard,Delivered,1,STC Pay,Refunded,2,9,Yes,Damaged
D04499,PAY04499,O04499,Standard,In Transit,3,STC Pay,Paid,5,1,Yes,Damaged
D04500,PAY04500,O04500,Express,Returned,5,STC Pay,Refunded,2,5,Yes,N/A
D04501,PAY04501,O04501,Standard,In Transit,10,Debit Card,Refunded,1,1,Yes,N/A
D04502,PAY04502,O04502,Standard,Delivered,8,Apple Pay,Paid,5,7,Yes,N/A
D04503,PAY04503,O04503,Same Day,Delivered,6,Cash On Delivery,Paid,4,1,Yes,Late Delivery
D04504,PAY04504,O04504,Standard,In Transit,2,Apple Pay,Paid,5,7,Yes,Damaged
D04505,PAY04505,O04505,Same Day,In Transit,8,Debit Card,Refunded,4,6,No,N/A
D04506,PAY04506,O04506,Same Day,Delivered,1,Credit Card,Refunded,4,10,No,Wrong Item
D04507,PAY04507,O04507,Express,In Transit,9,STC Pay,Pending,3,7,No,N/A
D04508,PAY04508,O04508,Express,In Transit,6,Mada,Pending,1,2,No,Damaged
D04509,PAY04509,O04509,Standard,In Transit,7,Mada,Paid,2,4,No,Wrong Item
D04510,PAY04510,O04510,Standard,Returned,3,STC Pay,Pending,2,9,Yes,Damaged
D04511,PAY04511,O04511,Standard,In Transit,6,STC Pay,Paid,1,10,No,Damaged
D04512,PAY04512,O04512,Standard,In Transit,2,Cash On Delivery,Paid,5,1,Yes,N/A
D04513,PAY04513,O04513,Standard,Returned,6,Credit Card,Paid,2,1,Yes,Late Delivery
D04514,PAY04514,O04514,Standard,Delivered,5,Cash On Delivery,Pending,1,10,No,N/A
D04515,PAY04515,O04515,Express,Delivered,10,Cash On Delivery,Refunded,5,6,No,Wrong Item
D04516,PAY04516,O04516,Standard,In Transit,4,STC Pay,Pending,1,9,Yes,Late Delivery
D04517,PAY04517,O04517,Standard,Returned,3,STC Pay,Paid,4,10,No,Wrong Item
D04518,PAY04518,O04518,Express,Delivered,5,Debit Card,Pending,4,8,Yes,Wrong Item
D04519,PAY04519,O04519,Standard,In Transit,3,Apple Pay,Refunded,4,7,Yes,Damaged
D04520,PAY04520,O04520,Standard,Delivered,7,STC Pay,Paid,5,8,No,Wrong Item
D04521,PAY04521,O04521,Standard,In Transit,1,Apple Pay,Pending,3,9,Yes,Late Delivery
D04522,PAY04522,O04522,Standard,Returned,9,STC Pay,Paid,4,5,No,N/A
D04523,PAY04523,O04523,Same Day,Delivered,6,Debit Card,Refunded,1,8,No,Late Delivery
D04524,PAY04524,O04524,Same Day,Returned,3,STC Pay,Paid,5,2,No,Late Delivery
D04525,PAY04525,O04525,Same Day,In Transit,4,Mada,Paid,3,5,No,N/A
D04526,PAY04526,O04526,Same Day,Delivered,6,Apple Pay,Pending,1,10,Yes,Wrong Item
D04527,PAY04527,O04527,Express,In Transit,1,Apple Pay,Paid,2,9,Yes,Damaged
D04528,PAY04528,O04528,Standard,Returned,2,STC Pay,Paid,5,10,No,Late Delivery
D04529,PAY04529,O04529,Express,In Transit,9,Cash On Delivery,Paid,2,1,Yes,Late Delivery
D04530,PAY04530,O04530,Same Day,Delivered,3,Apple Pay,Refunded,2,9,No,N/A
D04531,PAY04531,O04531,Express,In Transit,9,Apple Pay,Refunded,5,9,Yes,Damaged
D04532,PAY04532,O04532,Same Day,Returned,6,Debit Card,Pending,4,5,Yes,Wrong Item
D04533,PAY04533,O04533,Standard,Delivered,9,Cash On Delivery,Refunded,1,3,No,Damaged
D04534,PAY04534,O04534,Express,Delivered,1,Apple Pay,Paid,4,10,No,Late Delivery
D04535,PAY04535,O04535,Express,Returned,2,Mada,Refunded,2,4,Yes,Damaged
D04536,PAY04536,O04536,Same Day,Delivered,2,STC Pay,Refunded,2,10,No,Late Delivery
D04537,PAY04537,O04537,Express,Delivered,4,Apple Pay,Refunded,4,5,No,Late Delivery
D04538,PAY04538,O04538,Same Day,In Transit,3,Cash On Delivery,Refunded,5,8,No,N/A
D04539,PAY04539,O04539,Standard,In Transit,3,Cash On Delivery,Paid,2,9,Yes,Wrong Item
D04540,PAY04540,O04540,Express,In Transit,3,Mada,Paid,3,6,Yes,Wrong Item
D04541,PAY04541,O04541,Standard,Delivered,5,STC Pay,Pending,2,4,Yes,Damaged
D04542,PAY04542,O04542,Same Day,Delivered,3,STC Pay,Pending,3,8,No,Late Delivery
D04543,PAY04543,O04543,Standard,Returned,1,Credit Card,Pending,2,2,No,Damaged
D04544,PAY04544,O04544,Express,Returned,2,Debit Card,Refunded,1,7,No,Damaged
D04545,PAY04545,O04545,Same Day,Returned,1,Credit Card,Pending,4,9,Yes,N/A
D04546,PAY04546,O04546,Express,Returned,5,Debit Card,Refunded,4,5,Yes,N/A
D04547,PAY04547,O04547,Express,In Transit,5,STC Pay,Pending,3,6,Yes,Damaged
D04548,PAY04548,O04548,Standard,Returned,2,Apple Pay,Paid,5,4,Yes,Late Delivery
D04549,PAY04549,O04549,Express,In Transit,6,Apple Pay,Refunded,3,10,No,Wrong Item
D04550,PAY04550,O04550,Standard,Delivered,2,Apple Pay,Paid,5,8,No,N/A
D04551,PAY04551,O04551,Express,Returned,8,STC Pay,Paid,2,3,No,Late Delivery
D04552,PAY04552,O04552,Express,Returned,8,STC Pay,Paid,1,8,Yes,N/A
D04553,PAY04553,O04553,Same Day,Returned,6,STC Pay,Pending,2,5,Yes,Damaged
D04554,PAY04554,O04554,Standard,In Transit,4,Credit Card,Refunded,3,3,Yes,Wrong Item
D04555,PAY04555,O04555,Express,Delivered,9,Cash On Delivery,Paid,4,9,No,N/A
D04556,PAY04556,O04556,Express,Returned,5,STC Pay,Paid,4,9,Yes,N/A
D04557,PAY04557,O04557,Standard,In Transit,6,Credit Card,Paid,2,6,No,Damaged
D04558,PAY04558,O04558,Express,Returned,4,Cash On Delivery,Refunded,1,10,Yes,Wrong Item
D04559,PAY04559,O04559,Standard,Returned,6,Cash On Delivery,Paid,3,5,Yes,Late Delivery
D04560,PAY04560,O04560,Standard,In Transit,10,Cash On Delivery,Paid,2,2,No,N/A
D04561,PAY04561,O04561,Standard,Returned,8,Credit Card,Paid,5,5,No,N/A
D04562,PAY04562,O04562,Express,In Transit,10,Mada,Pending,3,7,Yes,Damaged
D04563,PAY04563,O04563,Standard,In Transit,6,Cash On Delivery,Paid,4,1,No,N/A
D04564,PAY04564,O04564,Same Day,Delivered,5,Credit Card,Pending,1,5,No,Damaged
D04565,PAY04565,O04565,Same Day,Returned,4,Apple Pay,Refunded,1,7,No,Damaged
D04566,PAY04566,O04566,Standard,In Transit,1,Credit Card,Paid,5,10,No,Late Delivery
D04567,PAY04567,O04567,Same Day,Returned,10,Cash On Delivery,Pending,1,3,Yes,Late Delivery
D04568,PAY04568,O04568,Express,Returned,8,STC Pay,Paid,5,4,Yes,N/A
D04569,PAY04569,O04569,Same Day,In Transit,1,Cash On Delivery,Refunded,5,1,No,Late Delivery
D04570,PAY04570,O04570,Standard,Returned,4,Debit Card,Paid,2,10,No,Damaged
D04571,PAY04571,O04571,Standard,In Transit,2,Mada,Refunded,1,4,Yes,Late Delivery
D04572,PAY04572,O04572,Standard,In Transit,7,Cash On Delivery,Refunded,4,5,Yes,Wrong Item
D04573,PAY04573,O04573,Express,Returned,9,Apple Pay,Paid,4,3,No,N/A
D04574,PAY04574,O04574,Same Day,Returned,1,Debit Card,Pending,1,3,No,Wrong Item
D04575,PAY04575,O04575,Standard,Returned,1,Mada,Paid,2,4,No,N/A
D04576,PAY04576,O04576,Express,In Transit,4,Mada,Paid,5,8,No,N/A
D04577,PAY04577,O04577,Express,Delivered,6,STC Pay,Paid,4,1,Yes,Late Delivery
D04578,PAY04578,O04578,Same Day,In Transit,4,Cash On Delivery,Refunded,5,4,No,Damaged
D04579,PAY04579,O04579,Same Day,Returned,6,STC Pay,Paid,3,9,No,Wrong Item
D04580,PAY04580,O04580,Express,In Transit,5,STC Pay,Refunded,3,1,No,Damaged
D04581,PAY04581,O04581,Same Day,In Transit,8,Mada,Paid,3,8,No,Wrong Item
D04582,PAY04582,O04582,Same Day,Delivered,1,Credit Card,Pending,1,9,Yes,Late Delivery
D04583,PAY04583,O04583,Express,In Transit,6,Apple Pay,Refunded,4,1,No,Late Delivery
D04584,PAY04584,O04584,Express,Delivered,3,Mada,Refunded,3,7,Yes,Wrong Item
D04585,PAY04585,O04585,Standard,Delivered,9,Debit Card,Paid,2,9,Yes,N/A
D04586,PAY04586,O04586,Same Day,In Transit,10,Credit Card,Paid,1,8,No,N/A
D04587,PAY04587,O04587,Express,Returned,3,STC Pay,Pending,3,8,No,N/A
D04588,PAY04588,O04588,Express,In Transit,4,Mada,Pending,5,6,Yes,N/A
D04589,PAY04589,O04589,Standard,In Transit,3,Apple Pay,Paid,3,8,Yes,N/A
D04590,PAY04590,O04590,Same Day,Delivered,6,Apple Pay,Pending,2,10,Yes,Wrong Item
D04591,PAY04591,O04591,Standard,In Transit,8,STC Pay,Paid,2,10,Yes,N/A
D04592,PAY04592,O04592,Same Day,Delivered,9,Cash On Delivery,Refunded,3,9,No,Late Delivery
D04593,PAY04593,O04593,Same Day,Delivered,9,Cash On Delivery,Refunded,2,6,No,Damaged
D04594,PAY04594,O04594,Express,Delivered,1,Credit Card,Paid,2,10,Yes,Late Delivery
D04595,PAY04595,O04595,Standard,Returned,8,Cash On Delivery,Pending,5,9,Yes,Late Delivery
D04596,PAY04596,O04596,Same Day,Delivered,6,Mada,Pending,1,4,No,Damaged
D04597,PAY04597,O04597,Standard,In Transit,6,STC Pay,Paid,3,2,Yes,Late Delivery
D04598,PAY04598,O04598,Express,Returned,10,Apple Pay,Paid,5,6,No,Late Delivery
D04599,PAY04599,O04599,Standard,Delivered,7,Credit Card,Refunded,3,10,No,Wrong Item
D04600,PAY04600,O04600,Express,Returned,1,Cash On Delivery,Refunded,3,9,No,N/A
D04601,PAY04601,O04601,Standard,Delivered,8,Apple Pay,Paid,2,7,No,Damaged
D04602,PAY04602,O04602,Standard,Returned,1,STC Pay,Refunded,1,10,No,Damaged
D04603,PAY04603,O04603,Standard,Delivered,4,Cash On Delivery,Paid,2,3,Yes,N/A
D04604,PAY04604,O04604,Express,In Transit,5,Debit Card,Paid,2,4,Yes,Wrong Item
D04605,PAY04605,O04605,Same Day,Returned,6,Credit Card,Refunded,5,10,No,Late Delivery
D04606,PAY04606,O04606,Express,Delivered,7,Apple Pay,Paid,2,4,No,Wrong Item
D04607,PAY04607,O04607,Same Day,In Transit,3,Cash On Delivery,Paid,3,4,Yes,Late Delivery
D04608,PAY04608,O04608,Standard,Returned,4,Cash On Delivery,Pending,5,8,No,Damaged
D04609,PAY04609,O04609,Standard,In Transit,3,Credit Card,Refunded,2,8,No,Late Delivery
D04610,PAY04610,O04610,Same Day,In Transit,10,Cash On Delivery,Paid,5,9,No,Damaged
D04611,PAY04611,O04611,Express,Delivered,7,Credit Card,Pending,1,6,Yes,N/A
D04612,PAY04612,O04612,Same Day,Returned,2,Debit Card,Refunded,5,7,No,Late Delivery
D04613,PAY04613,O04613,Express,In Transit,6,Mada,Pending,5,7,Yes,N/A
D04614,PAY04614,O04614,Standard,In Transit,7,Debit Card,Paid,2,9,Yes,Damaged
D04615,PAY04615,O04615,Same Day,Returned,4,Credit Card,Refunded,2,2,No,Wrong Item
D04616,PAY04616,O04616,Express,Returned,8,Credit Card,Paid,5,8,Yes,N/A
D04617,PAY04617,O04617,Express,Returned,9,STC Pay,Paid,1,3,No,N/A
D04618,PAY04618,O04618,Same Day,Returned,6,STC Pay,Pending,3,3,No,Wrong Item
D04619,PAY04619,O04619,Express,Delivered,3,Credit Card,Refunded,3,4,No,N/A
D04620,PAY04620,O04620,Express,Delivered,3,Cash On Delivery,Refunded,4,3,No,Damaged
D04621,PAY04621,O04621,Same Day,In Transit,9,STC Pay,Refunded,5,3,No,Damaged
D04622,PAY04622,O04622,Express,Delivered,3,Mada,Refunded,5,9,Yes,N/A
D04623,PAY04623,O04623,Express,In Transit,2,Cash On Delivery,Pending,3,7,Yes,Damaged
D04624,PAY04624,O04624,Express,In Transit,5,STC Pay,Refunded,2,1,Yes,Damaged
D04625,PAY04625,O04625,Standard,Delivered,4,STC Pay,Refunded,1,6,Yes,Late Delivery
D04626,PAY04626,O04626,Standard,Delivered,2,Mada,Pending,1,8,Yes,N/A
D04627,PAY04627,O04627,Express,In Transit,5,Debit Card,Pending,3,2,No,Late Delivery
D04628,PAY04628,O04628,Same Day,Delivered,9,Debit Card,Refunded,2,4,No,Damaged
D04629,PAY04629,O04629,Express,Returned,3,Cash On Delivery,Pending,5,9,Yes,Wrong Item
D04630,PAY04630,O04630,Standard,Returned,1,Apple Pay,Paid,2,5,No,N/A
D04631,PAY04631,O04631,Standard,Returned,2,Debit Card,Refunded,2,3,No,Wrong Item
D04632,PAY04632,O04632,Same Day,In Transit,5,Debit Card,Refunded,2,2,No,Wrong Item
D04633,PAY04633,O04633,Express,In Transit,2,Debit Card,Paid,5,3,Yes,Wrong Item
D04634,PAY04634,O04634,Same Day,Delivered,3,Mada,Paid,1,4,No,N/A
D04635,PAY04635,O04635,Same Day,Delivered,3,Cash On Delivery,Pending,2,6,No,Late Delivery
D04636,PAY04636,O04636,Same Day,In Transit,9,Apple Pay,Refunded,4,7,No,Damaged
D04637,PAY04637,O04637,Express,Delivered,2,Mada,Pending,4,2,No,Damaged
D04638,PAY04638,O04638,Standard,In Transit,5,Debit Card,Refunded,3,8,Yes,N/A
D04639,PAY04639,O04639,Same Day,Delivered,5,Credit Card,Paid,5,2,No,N/A
D04640,PAY04640,O04640,Standard,Delivered,4,STC Pay,Paid,4,4,Yes,Late Delivery
D04641,PAY04641,O04641,Express,Delivered,8,Apple Pay,Pending,3,2,Yes,N/A
D04642,PAY04642,O04642,Same Day,In Transit,7,Debit Card,Pending,1,9,No,Late Delivery
D04643,PAY04643,O04643,Same Day,Delivered,8,Credit Card,Pending,3,5,Yes,Late Delivery
D04644,PAY04644,O04644,Express,In Transit,9,STC Pay,Pending,5,3,No,N/A
D04645,PAY04645,O04645,Express,Returned,6,STC Pay,Refunded,3,5,Yes,Wrong Item
D04646,PAY04646,O04646,Same Day,Returned,10,STC Pay,Pending,5,5,Yes,Late Delivery
D04647,PAY04647,O04647,Same Day,Delivered,3,Cash On Delivery,Refunded,5,3,Yes,Wrong Item
D04648,PAY04648,O04648,Standard,Delivered,8,Credit Card,Refunded,1,8,Yes,Late Delivery
D04649,PAY04649,O04649,Express,Delivered,3,Cash On Delivery,Pending,2,3,No,Damaged
D04650,PAY04650,O04650,Express,In Transit,5,Debit Card,Refunded,5,10,Yes,Wrong Item
D04651,PAY04651,O04651,Standard,In Transit,5,Apple Pay,Refunded,3,8,No,Damaged
D04652,PAY04652,O04652,Standard,In Transit,2,Mada,Paid,3,6,No,Late Delivery
D04653,PAY04653,O04653,Standard,Returned,6,Cash On Delivery,Refunded,2,6,Yes,Wrong Item
D04654,PAY04654,O04654,Express,In Transit,4,Apple Pay,Pending,4,9,Yes,Wrong Item
D04655,PAY04655,O04655,Standard,Delivered,9,STC Pay,Pending,1,1,Yes,N/A
D04656,PAY04656,O04656,Same Day,Returned,9,Debit Card,Pending,2,7,No,Damaged
D04657,PAY04657,O04657,Express,Delivered,8,Apple Pay,Paid,5,9,No,Wrong Item
D04658,PAY04658,O04658,Same Day,Delivered,3,Credit Card,Paid,2,10,No,N/A
D04659,PAY04659,O04659,Same Day,Returned,6,Mada,Pending,3,6,No,N/A
D04660,PAY04660,O04660,Standard,In Transit,3,Mada,Paid,3,5,Yes,Damaged
D04661,PAY04661,O04661,Express,Delivered,4,Cash On Delivery,Pending,4,5,Yes,Wrong Item
D04662,PAY04662,O04662,Express,Returned,2,Apple Pay,Paid,1,2,No,Wrong Item
D04663,PAY04663,O04663,Express,In Transit,2,Cash On Delivery,Paid,5,5,No,N/A
D04664,PAY04664,O04664,Express,Returned,4,Mada,Refunded,2,3,No,N/A
D04665,PAY04665,O04665,Standard,Returned,2,Mada,Refunded,3,5,No,N/A
D04666,PAY04666,O04666,Express,Delivered,2,Debit Card,Paid,3,9,No,Damaged
D04667,PAY04667,O04667,Standard,Delivered,6,Apple Pay,Refunded,5,10,No,Late Delivery
D04668,PAY04668,O04668,Standard,Delivered,3,Credit Card,Refunded,3,7,No,N/A
D04669,PAY04669,O04669,Standard,Delivered,9,Mada,Paid,4,3,No,N/A
D04670,PAY04670,O04670,Same Day,In Transit,6,Credit Card,Paid,3,1,Yes,N/A
D04671,PAY04671,O04671,Same Day,Returned,8,STC Pay,Refunded,3,8,No,Damaged
D04672,PAY04672,O04672,Standard,Returned,10,Apple Pay,Paid,2,9,No,Damaged
D04673,PAY04673,O04673,Same Day,Returned,8,Apple Pay,Paid,5,5,No,Wrong Item
D04674,PAY04674,O04674,Same Day,Delivered,7,Credit Card,Refunded,3,8,No,Late Delivery
D04675,PAY04675,O04675,Standard,Returned,5,Apple Pay,Paid,2,2,Yes,Wrong Item
D04676,PAY04676,O04676,Standard,Returned,10,Debit Card,Refunded,5,1,No,Late Delivery
D04677,PAY04677,O04677,Same Day,Returned,8,Cash On Delivery,Refunded,2,2,Yes,Late Delivery
D04678,PAY04678,O04678,Express,In Transit,1,Apple Pay,Refunded,2,7,Yes,Late Delivery
D04679,PAY04679,O04679,Standard,Returned,7,Apple Pay,Paid,4,6,No,N/A
D04680,PAY04680,O04680,Express,In Transit,7,Credit Card,Pending,4,4,No,Late Delivery
D04681,PAY04681,O04681,Standard,In Transit,3,Mada,Pending,2,2,No,N/A
D04682,PAY04682,O04682,Same Day,Delivered,5,STC Pay,Refunded,1,9,Yes,N/A
D04683,PAY04683,O04683,Express,Returned,2,Apple Pay,Paid,2,8,No,Wrong Item
D04684,PAY04684,O04684,Express,Returned,7,Credit Card,Paid,4,9,Yes,Wrong Item
D04685,PAY04685,O04685,Standard,In Transit,5,Credit Card,Refunded,2,1,No,N/A
D04686,PAY04686,O04686,Express,In Transit,6,Credit Card,Paid,1,3,Yes,N/A
D04687,PAY04687,O04687,Standard,In Transit,5,STC Pay,Pending,5,2,Yes,Late Delivery
D04688,PAY04688,O04688,Same Day,In Transit,10,Debit Card,Pending,1,1,No,N/A
D04689,PAY04689,O04689,Same Day,Returned,3,Credit Card,Paid,5,10,Yes,Late Delivery
D04690,PAY04690,O04690,Express,In Transit,5,STC Pay,Refunded,2,1,No,Damaged
D04691,PAY04691,O04691,Standard,Delivered,7,Credit Card,Refunded,3,1,No,Late Delivery
D04692,PAY04692,O04692,Express,Delivered,4,Cash On Delivery,Refunded,3,4,Yes,Wrong Item
D04693,PAY04693,O04693,Express,Delivered,7,Credit Card,Pending,1,10,Yes,N/A
D04694,PAY04694,O04694,Standard,Returned,5,Cash On Delivery,Pending,3,9,Yes,N/A
D04695,PAY04695,O04695,Same Day,In Transit,1,Apple Pay,Paid,2,9,Yes,Late Delivery
D04696,PAY04696,O04696,Same Day,Returned,7,Cash On Delivery,Paid,1,5,Yes,Wrong Item
D04697,PAY04697,O04697,Same Day,In Transit,6,Mada,Paid,4,7,Yes,Late Delivery
D04698,PAY04698,O04698,Same Day,Delivered,5,Cash On Delivery,Paid,5,3,No,Wrong Item
D04699,PAY04699,O04699,Same Day,In Transit,5,Cash On Delivery,Refunded,5,4,No,Damaged
D04700,PAY04700,O04700,Standard,Delivered,3,Credit Card,Paid,5,4,No,Wrong Item
D04701,PAY04701,O04701,Standard,Returned,10,Mada,Pending,4,5,Yes,Late Delivery
D04702,PAY04702,O04702,Same Day,Returned,1,Credit Card,Refunded,4,1,No,Damaged
D04703,PAY04703,O04703,Standard,In Transit,9,STC Pay,Pending,1,9,Yes,N/A
D04704,PAY04704,O04704,Express,Returned,5,Apple Pay,Paid,1,7,No,N/A
D04705,PAY04705,O04705,Standard,In Transit,2,STC Pay,Paid,4,2,No,Wrong Item
D04706,PAY04706,O04706,Same Day,In Transit,10,STC Pay,Refunded,4,4,Yes,N/A
D04707,PAY04707,O04707,Standard,Returned,7,Debit Card,Pending,2,3,No,Wrong Item
D04708,PAY04708,O04708,Same Day,In Transit,10,Mada,Refunded,1,2,No,Damaged
D04709,PAY04709,O04709,Express,Delivered,2,Mada,Pending,1,7,No,Wrong Item
D04710,PAY04710,O04710,Same Day,Returned,5,Mada,Refunded,4,4,No,Damaged
D04711,PAY04711,O04711,Express,Delivered,5,Mada,Refunded,4,9,Yes,Damaged
D04712,PAY04712,O04712,Same Day,Returned,7,Debit Card,Refunded,1,9,No,Late Delivery
D04713,PAY04713,O04713,Express,Returned,10,Credit Card,Paid,3,8,No,Damaged
D04714,PAY04714,O04714,Same Day,Delivered,4,Apple Pay,Paid,4,2,No,Wrong Item
D04715,PAY04715,O04715,Standard,In Transit,5,Debit Card,Pending,2,6,No,Late Delivery
D04716,PAY04716,O04716,Express,Returned,7,Credit Card,Pending,5,10,No,Damaged
D04717,PAY04717,O04717,Same Day,Returned,6,Debit Card,Pending,4,1,No,N/A
D04718,PAY04718,O04718,Express,In Transit,6,STC Pay,Paid,2,5,No,Damaged
D04719,PAY04719,O04719,Same Day,Returned,1,Mada,Refunded,4,4,Yes,Wrong Item
D04720,PAY04720,O04720,Express,In Transit,3,STC Pay,Paid,1,2,No,Wrong Item
D04721,PAY04721,O04721,Standard,Returned,7,Debit Card,Pending,4,7,Yes,Damaged
D04722,PAY04722,O04722,Same Day,Returned,3,Debit Card,Pending,4,6,Yes,Damaged
D04723,PAY04723,O04723,Express,Returned,7,Credit Card,Pending,5,9,No,N/A
D04724,PAY04724,O04724,Express,Delivered,6,Credit Card,Pending,1,4,No,N/A
D04725,PAY04725,O04725,Standard,In Transit,2,STC Pay,Refunded,4,7,Yes,N/A
D04726,PAY04726,O04726,Same Day,Delivered,10,Cash On Delivery,Paid,1,4,Yes,Late Delivery
D04727,PAY04727,O04727,Express,Returned,1,STC Pay,Paid,3,7,Yes,Wrong Item
D04728,PAY04728,O04728,Express,Delivered,8,Apple Pay,Refunded,5,7,No,Wrong Item
D04729,PAY04729,O04729,Same Day,Returned,2,STC Pay,Paid,2,4,No,Wrong Item
D04730,PAY04730,O04730,Same Day,Delivered,7,Debit Card,Refunded,5,1,Yes,Late Delivery
D04731,PAY04731,O04731,Same Day,In Transit,8,STC Pay,Paid,4,1,No,Late Delivery
D04732,PAY04732,O04732,Express,Delivered,3,Apple Pay,Pending,1,4,Yes,Late Delivery
D04733,PAY04733,O04733,Standard,Returned,2,Cash On Delivery,Refunded,2,2,No,Wrong Item
D04734,PAY04734,O04734,Standard,In Transit,10,Mada,Pending,2,2,No,Wrong Item
D04735,PAY04735,O04735,Standard,Returned,2,Debit Card,Refunded,3,8,No,Wrong Item
D04736,PAY04736,O04736,Standard,Returned,9,Credit Card,Pending,1,2,No,N/A
D04737,PAY04737,O04737,Same Day,Delivered,3,Apple Pay,Pending,5,6,No,Late Delivery
D04738,PAY04738,O04738,Same Day,Returned,1,Apple Pay,Refunded,4,3,Yes,Wrong Item
D04739,PAY04739,O04739,Express,Returned,10,Mada,Refunded,5,9,No,Wrong Item
D04740,PAY04740,O04740,Standard,In Transit,10,Cash On Delivery,Refunded,1,3,Yes,Wrong Item
D04741,PAY04741,O04741,Standard,Returned,7,Mada,Paid,4,3,Yes,Wrong Item
D04742,PAY04742,O04742,Standard,Delivered,7,Cash On Delivery,Refunded,4,7,No,Damaged
D04743,PAY04743,O04743,Standard,Delivered,5,STC Pay,Paid,3,6,No,Late Delivery
D04744,PAY04744,O04744,Standard,In Transit,5,Apple Pay,Pending,4,3,Yes,Wrong Item
D04745,PAY04745,O04745,Standard,In Transit,7,Credit Card,Paid,5,6,No,N/A
D04746,PAY04746,O04746,Express,In Transit,7,Apple Pay,Paid,2,7,No,N/A
D04747,PAY04747,O04747,Same Day,Delivered,3,Mada,Paid,5,5,No,Damaged
D04748,PAY04748,O04748,Express,In Transit,10,Cash On Delivery,Pending,1,4,No,N/A
D04749,PAY04749,O04749,Standard,Returned,6,Apple Pay,Paid,3,3,Yes,Wrong Item
D04750,PAY04750,O04750,Express,Returned,4,Credit Card,Refunded,4,10,Yes,Wrong Item
D04751,PAY04751,O04751,Standard,Delivered,3,Apple Pay,Refunded,2,7,Yes,Wrong Item
D04752,PAY04752,O04752,Express,In Transit,5,Credit Card,Paid,4,2,Yes,N/A
D04753,PAY04753,O04753,Express,Returned,3,STC Pay,Refunded,4,5,Yes,N/A
D04754,PAY04754,O04754,Express,Delivered,5,Credit Card,Pending,2,9,Yes,N/A
D04755,PAY04755,O04755,Standard,Delivered,10,STC Pay,Refunded,2,6,No,Wrong Item
D04756,PAY04756,O04756,Same Day,In Transit,9,Credit Card,Pending,4,7,No,Late Delivery
D04757,PAY04757,O04757,Standard,In Transit,7,Credit Card,Paid,1,2,Yes,Damaged
D04758,PAY04758,O04758,Express,Delivered,10,Mada,Paid,1,2,No,Damaged
D04759,PAY04759,O04759,Express,Returned,7,STC Pay,Refunded,5,9,Yes,Wrong Item
D04760,PAY04760,O04760,Express,In Transit,7,Debit Card,Refunded,3,1,No,Wrong Item
D04761,PAY04761,O04761,Standard,In Transit,5,Apple Pay,Refunded,5,9,No,Late Delivery
D04762,PAY04762,O04762,Standard,In Transit,7,Apple Pay,Paid,3,7,Yes,Late Delivery
D04763,PAY04763,O04763,Standard,Returned,3,STC Pay,Paid,5,7,Yes,Wrong Item
D04764,PAY04764,O04764,Same Day,Returned,10,STC Pay,Refunded,1,8,Yes,Late Delivery
D04765,PAY04765,O04765,Same Day,Delivered,2,Debit Card,Pending,3,3,No,Late Delivery
D04766,PAY04766,O04766,Standard,In Transit,1,Credit Card,Pending,2,1,Yes,Late Delivery
D04767,PAY04767,O04767,Standard,In Transit,2,Debit Card,Refunded,2,3,Yes,N/A
D04768,PAY04768,O04768,Standard,Delivered,3,Credit Card,Refunded,4,10,Yes,N/A
D04769,PAY04769,O04769,Same Day,Delivered,9,Mada,Pending,2,8,No,Late Delivery
D04770,PAY04770,O04770,Express,In Transit,5,Mada,Refunded,3,8,No,N/A
D04771,PAY04771,O04771,Standard,Returned,8,STC Pay,Pending,1,8,Yes,Damaged
D04772,PAY04772,O04772,Standard,Delivered,5,Debit Card,Pending,1,8,Yes,Damaged
D04773,PAY04773,O04773,Express,Returned,6,STC Pay,Refunded,2,4,No,Late Delivery
D04774,PAY04774,O04774,Same Day,Delivered,8,Cash On Delivery,Refunded,1,4,Yes,Wrong Item
D04775,PAY04775,O04775,Same Day,In Transit,7,Mada,Pending,1,10,Yes,Damaged
D04776,PAY04776,O04776,Express,Returned,10,STC Pay,Refunded,5,3,No,Wrong Item
D04777,PAY04777,O04777,Same Day,In Transit,6,Debit Card,Pending,4,8,Yes,N/A
D04778,PAY04778,O04778,Standard,Delivered,2,STC Pay,Pending,2,8,Yes,Late Delivery
D04779,PAY04779,O04779,Same Day,Delivered,4,Debit Card,Paid,2,8,Yes,N/A
D04780,PAY04780,O04780,Standard,In Transit,4,Credit Card,Refunded,3,1,Yes,Damaged
D04781,PAY04781,O04781,Express,Delivered,1,Mada,Paid,3,3,Yes,Wrong Item
D04782,PAY04782,O04782,Express,Returned,8,Apple Pay,Refunded,4,5,No,Late Delivery
D04783,PAY04783,O04783,Express,Delivered,8,Mada,Pending,3,4,Yes,Wrong Item
D04784,PAY04784,O04784,Same Day,In Transit,10,Credit Card,Pending,4,7,No,Late Delivery
D04785,PAY04785,O04785,Express,In Transit,6,Debit Card,Refunded,5,4,Yes,Damaged
D04786,PAY04786,O04786,Same Day,Returned,10,Cash On Delivery,Paid,5,9,Yes,Damaged
D04787,PAY04787,O04787,Same Day,Returned,7,Apple Pay,Refunded,2,9,Yes,Wrong Item
D04788,PAY04788,O04788,Standard,Returned,4,STC Pay,Paid,1,4,Yes,N/A
D04789,PAY04789,O04789,Same Day,Delivered,9,Credit Card,Paid,5,3,No,N/A
D04790,PAY04790,O04790,Express,Returned,5,Credit Card,Paid,2,1,Yes,Damaged
D04791,PAY04791,O04791,Standard,Returned,3,STC Pay,Refunded,1,2,Yes,N/A
D04792,PAY04792,O04792,Same Day,In Transit,1,Mada,Paid,4,9,Yes,Wrong Item
D04793,PAY04793,O04793,Express,Delivered,10,Apple Pay,Refunded,2,5,No,Late Delivery
D04794,PAY04794,O04794,Same Day,Delivered,5,Mada,Refunded,3,7,No,Wrong Item
D04795,PAY04795,O04795,Standard,Returned,9,Debit Card,Pending,3,10,Yes,Wrong Item
D04796,PAY04796,O04796,Same Day,Delivered,7,Apple Pay,Pending,2,10,No,Damaged
D04797,PAY04797,O04797,Express,Delivered,10,Cash On Delivery,Refunded,1,9,No,N/A
D04798,PAY04798,O04798,Standard,Delivered,1,STC Pay,Pending,5,6,Yes,N/A
D04799,PAY04799,O04799,Standard,Returned,9,Cash On Delivery,Paid,5,9,Yes,Wrong Item
D04800,PAY04800,O04800,Express,Returned,3,Mada,Paid,4,6,Yes,Wrong Item
D04801,PAY04801,O04801,Express,Returned,2,Apple Pay,Paid,3,3,No,Wrong Item
D04802,PAY04802,O04802,Same Day,Delivered,6,Mada,Paid,4,1,No,N/A
D04803,PAY04803,O04803,Same Day,In Transit,9,Mada,Refunded,2,9,No,Damaged
D04804,PAY04804,O04804,Same Day,Delivered,7,Debit Card,Refunded,2,5,Yes,Damaged
D04805,PAY04805,O04805,Express,Returned,10,Debit Card,Refunded,1,1,Yes,Late Delivery
D04806,PAY04806,O04806,Standard,In Transit,1,Apple Pay,Refunded,1,4,No,Late Delivery
D04807,PAY04807,O04807,Same Day,Returned,10,Cash On Delivery,Refunded,5,9,No,Damaged
D04808,PAY04808,O04808,Express,Returned,5,Apple Pay,Pending,4,5,No,Late Delivery
D04809,PAY04809,O04809,Standard,Delivered,3,Cash On Delivery,Paid,3,6,No,Late Delivery
D04810,PAY04810,O04810,Same Day,In Transit,3,Debit Card,Pending,4,10,Yes,Wrong Item
D04811,PAY04811,O04811,Express,In Transit,5,Debit Card,Pending,2,3,Yes,Damaged
D04812,PAY04812,O04812,Express,Delivered,9,STC Pay,Refunded,2,6,Yes,Wrong Item
D04813,PAY04813,O04813,Same Day,Returned,9,Mada,Paid,4,5,No,Damaged
D04814,PAY04814,O04814,Standard,Delivered,9,Apple Pay,Pending,2,7,Yes,N/A
D04815,PAY04815,O04815,Express,Delivered,8,STC Pay,Pending,2,1,No,Late Delivery
D04816,PAY04816,O04816,Same Day,Delivered,5,STC Pay,Refunded,1,9,Yes,Late Delivery
D04817,PAY04817,O04817,Same Day,In Transit,7,Apple Pay,Refunded,3,8,No,N/A
D04818,PAY04818,O04818,Express,Delivered,4,Credit Card,Refunded,3,3,Yes,Wrong Item
D04819,PAY04819,O04819,Express,Delivered,8,Debit Card,Pending,4,9,Yes,N/A
D04820,PAY04820,O04820,Same Day,Returned,9,STC Pay,Paid,5,7,No,Damaged
D04821,PAY04821,O04821,Same Day,In Transit,5,Credit Card,Paid,5,4,Yes,Damaged
D04822,PAY04822,O04822,Same Day,Delivered,9,Mada,Pending,3,1,Yes,Late Delivery
D04823,PAY04823,O04823,Standard,In Transit,3,Credit Card,Pending,1,1,No,Damaged
D04824,PAY04824,O04824,Express,Delivered,3,Apple Pay,Refunded,2,7,Yes,Damaged
D04825,PAY04825,O04825,Same Day,In Transit,4,Cash On Delivery,Paid,5,2,No,Wrong Item
D04826,PAY04826,O04826,Same Day,In Transit,6,Apple Pay,Refunded,3,8,No,Late Delivery
D04827,PAY04827,O04827,Same Day,Delivered,3,Cash On Delivery,Refunded,1,1,Yes,N/A
D04828,PAY04828,O04828,Express,In Transit,7,Mada,Pending,4,10,No,N/A
D04829,PAY04829,O04829,Express,Delivered,9,Credit Card,Refunded,2,5,No,Wrong Item
D04830,PAY04830,O04830,Standard,Delivered,2,Apple Pay,Pending,1,10,Yes,Late Delivery
D04831,PAY04831,O04831,Express,Returned,8,Mada,Paid,3,3,No,Late Delivery
D04832,PAY04832,O04832,Express,Returned,3,Debit Card,Paid,5,8,Yes,Wrong Item
D04833,PAY04833,O04833,Standard,In Transit,5,Mada,Refunded,1,7,No,Damaged
D04834,PAY04834,O04834,Standard,In Transit,7,Apple Pay,Refunded,1,1,No,Wrong Item
D04835,PAY04835,O04835,Same Day,In Transit,7,Mada,Refunded,2,5,Yes,Wrong Item
D04836,PAY04836,O04836,Express,Delivered,2,Debit Card,Refunded,3,1,No,Wrong Item
D04837,PAY04837,O04837,Standard,In Transit,4,Mada,Refunded,4,5,Yes,N/A
D04838,PAY04838,O04838,Standard,In Transit,3,Credit Card,Paid,2,2,No,Wrong Item
D04839,PAY04839,O04839,Express,In Transit,10,Apple Pay,Paid,1,1,No,Damaged
D04840,PAY04840,O04840,Standard,Returned,4,Credit Card,Pending,1,8,No,N/A
D04841,PAY04841,O04841,Express,Returned,5,STC Pay,Pending,3,10,Yes,Wrong Item
D04842,PAY04842,O04842,Same Day,Delivered,2,Apple Pay,Refunded,4,9,Yes,Late Delivery
D04843,PAY04843,O04843,Same Day,Delivered,2,Cash On Delivery,Paid,5,10,No,N/A
D04844,PAY04844,O04844,Express,Delivered,10,Apple Pay,Pending,5,7,No,N/A
D04845,PAY04845,O04845,Same Day,In Transit,3,Cash On Delivery,Refunded,5,6,No,N/A
D04846,PAY04846,O04846,Express,In Transit,3,Mada,Paid,4,2,Yes,N/A
D04847,PAY04847,O04847,Standard,In Transit,1,Mada,Pending,3,9,No,Wrong Item
D04848,PAY04848,O04848,Same Day,Delivered,6,Cash On Delivery,Paid,3,5,Yes,Damaged
D04849,PAY04849,O04849,Express,Delivered,10,Credit Card,Pending,5,7,Yes,Wrong Item
D04850,PAY04850,O04850,Standard,Returned,2,Credit Card,Paid,3,1,Yes,Wrong Item
D04851,PAY04851,O04851,Standard,Delivered,10,Mada,Refunded,1,2,No,Wrong Item
D04852,PAY04852,O04852,Same Day,In Transit,1,STC Pay,Pending,2,1,No,Wrong Item
D04853,PAY04853,O04853,Standard,Returned,1,Cash On Delivery,Refunded,4,8,No,Late Delivery
D04854,PAY04854,O04854,Standard,In Transit,5,Cash On Delivery,Paid,2,2,Yes,N/A
D04855,PAY04855,O04855,Express,Delivered,2,Mada,Paid,2,6,Yes,Wrong Item
D04856,PAY04856,O04856,Standard,Delivered,10,Cash On Delivery,Pending,5,2,Yes,Damaged
D04857,PAY04857,O04857,Same Day,In Transit,6,Apple Pay,Paid,4,7,No,Late Delivery
D04858,PAY04858,O04858,Express,Returned,3,Apple Pay,Refunded,1,8,Yes,N/A
D04859,PAY04859,O04859,Same Day,In Transit,5,Debit Card,Paid,1,10,No,Late Delivery
D04860,PAY04860,O04860,Standard,Returned,8,Mada,Pending,3,8,No,Late Delivery
D04861,PAY04861,O04861,Express,Returned,1,Apple Pay,Pending,2,8,No,Wrong Item
D04862,PAY04862,O04862,Express,In Transit,6,Mada,Paid,2,2,No,Damaged
D04863,PAY04863,O04863,Express,In Transit,8,Credit Card,Refunded,4,9,Yes,Damaged
D04864,PAY04864,O04864,Standard,Returned,1,Debit Card,Refunded,4,10,Yes,Wrong Item
D04865,PAY04865,O04865,Express,Returned,10,Debit Card,Paid,4,3,Yes,Wrong Item
D04866,PAY04866,O04866,Standard,In Transit,7,Cash On Delivery,Paid,4,6,No,Damaged
D04867,PAY04867,O04867,Same Day,In Transit,6,STC Pay,Paid,2,6,No,N/A
D04868,PAY04868,O04868,Same Day,In Transit,5,STC Pay,Refunded,1,8,No,Late Delivery
D04869,PAY04869,O04869,Standard,Delivered,8,Credit Card,Pending,3,4,No,N/A
D04870,PAY04870,O04870,Standard,In Transit,7,STC Pay,Refunded,3,8,No,Damaged
D04871,PAY04871,O04871,Express,Delivered,2,Debit Card,Pending,3,2,Yes,Damaged
D04872,PAY04872,O04872,Standard,Delivered,3,Apple Pay,Pending,3,10,Yes,N/A
D04873,PAY04873,O04873,Express,Delivered,4,Debit Card,Refunded,4,3,Yes,N/A
D04874,PAY04874,O04874,Same Day,Returned,3,Apple Pay,Paid,5,6,Yes,Late Delivery
D04875,PAY04875,O04875,Express,Returned,7,STC Pay,Paid,4,2,Yes,Wrong Item
D04876,PAY04876,O04876,Express,Returned,9,STC Pay,Refunded,3,2,No,Late Delivery
D04877,PAY04877,O04877,Standard,Delivered,5,Cash On Delivery,Pending,1,4,No,Wrong Item
D04878,PAY04878,O04878,Express,Delivered,8,Mada,Refunded,2,3,Yes,Wrong Item
D04879,PAY04879,O04879,Standard,Delivered,5,Credit Card,Refunded,3,9,Yes,Late Delivery
D04880,PAY04880,O04880,Express,Delivered,7,Credit Card,Pending,4,3,Yes,N/A
D04881,PAY04881,O04881,Same Day,In Transit,8,Mada,Refunded,4,4,Yes,Damaged
D04882,PAY04882,O04882,Standard,Delivered,10,Apple Pay,Pending,2,3,Yes,Wrong Item
D04883,PAY04883,O04883,Express,In Transit,3,Apple Pay,Refunded,2,2,Yes,N/A
D04884,PAY04884,O04884,Same Day,Returned,3,Cash On Delivery,Paid,4,7,Yes,Late Delivery
D04885,PAY04885,O04885,Same Day,Returned,10,Mada,Refunded,5,2,Yes,Wrong Item
D04886,PAY04886,O04886,Express,Returned,3,Apple Pay,Pending,1,3,Yes,Late Delivery
D04887,PAY04887,O04887,Express,Delivered,9,Debit Card,Paid,5,6,No,Late Delivery
D04888,PAY04888,O04888,Standard,Delivered,10,Credit Card,Refunded,4,2,Yes,Damaged
D04889,PAY04889,O04889,Standard,In Transit,8,Credit Card,Paid,4,3,No,Wrong Item
D04890,PAY04890,O04890,Same Day,Returned,8,STC Pay,Paid,4,2,Yes,N/A
D04891,PAY04891,O04891,Standard,In Transit,10,Cash On Delivery,Pending,1,7,No,Wrong Item
D04892,PAY04892,O04892,Standard,In Transit,5,Debit Card,Pending,3,6,No,Late Delivery
D04893,PAY04893,O04893,Same Day,Delivered,5,Apple Pay,Pending,2,6,Yes,N/A
D04894,PAY04894,O04894,Same Day,Delivered,9,Credit Card,Paid,1,1,No,Wrong Item
D04895,PAY04895,O04895,Express,Delivered,2,Cash On Delivery,Pending,2,10,No,N/A
D04896,PAY04896,O04896,Same Day,Returned,6,Apple Pay,Paid,3,3,No,N/A
D04897,PAY04897,O04897,Express,Delivered,10,Mada,Paid,2,5,Yes,Late Delivery
D04898,PAY04898,O04898,Standard,In Transit,1,STC Pay,Pending,1,9,Yes,Late Delivery
D04899,PAY04899,O04899,Standard,Delivered,3,Cash On Delivery,Refunded,4,5,No,Wrong Item
D04900,PAY04900,O04900,Same Day,Returned,9,Cash On Delivery,Pending,1,3,No,Damaged
D04901,PAY04901,O04901,Same Day,In Transit,9,Credit Card,Paid,5,5,Yes,Wrong Item
D04902,PAY04902,O04902,Same Day,Returned,2,Mada,Refunded,1,7,Yes,Damaged
D04903,PAY04903,O04903,Express,Delivered,6,Credit Card,Pending,3,3,No,Wrong Item
D04904,PAY04904,O04904,Standard,Returned,1,Mada,Pending,2,7,Yes,Damaged
D04905,PAY04905,O04905,Same Day,In Transit,3,Mada,Paid,2,1,Yes,N/A
D04906,PAY04906,O04906,Standard,Delivered,4,Mada,Paid,2,9,No,N/A
D04907,PAY04907,O04907,Express,Returned,1,Cash On Delivery,Pending,5,4,Yes,Damaged
D04908,PAY04908,O04908,Same Day,Delivered,6,Mada,Paid,4,2,Yes,Damaged
D04909,PAY04909,O04909,Same Day,Delivered,1,Debit Card,Refunded,2,1,No,N/A
D04910,PAY04910,O04910,Express,Delivered,4,Mada,Paid,3,5,Yes,Late Delivery
D04911,PAY04911,O04911,Same Day,Returned,10,Debit Card,Paid,5,9,No,Damaged
D04912,PAY04912,O04912,Same Day,Delivered,7,Debit Card,Refunded,3,10,Yes,N/A
D04913,PAY04913,O04913,Standard,Returned,7,Debit Card,Pending,2,2,No,Damaged
D04914,PAY04914,O04914,Same Day,Returned,6,Cash On Delivery,Paid,5,3,Yes,Late Delivery
D04915,PAY04915,O04915,Standard,In Transit,1,Credit Card,Paid,3,3,Yes,Late Delivery
D04916,PAY04916,O04916,Standard,Returned,10,Cash On Delivery,Pending,5,1,No,N/A
D04917,PAY04917,O04917,Same Day,Returned,4,Debit Card,Paid,5,4,Yes,Damaged
D04918,PAY04918,O04918,Standard,Delivered,4,Debit Card,Refunded,4,5,Yes,Late Delivery
D04919,PAY04919,O04919,Standard,In Transit,8,Credit Card,Pending,4,2,No,N/A
D04920,PAY04920,O04920,Standard,In Transit,5,Cash On Delivery,Refunded,5,5,Yes,Damaged
D04921,PAY04921,O04921,Express,Delivered,8,STC Pay,Pending,1,1,No,Damaged
D04922,PAY04922,O04922,Express,In Transit,9,Cash On Delivery,Pending,1,4,Yes,Wrong Item
D04923,PAY04923,O04923,Standard,In Transit,3,Cash On Delivery,Pending,4,4,Yes,Wrong Item
D04924,PAY04924,O04924,Express,In Transit,9,Debit Card,Pending,3,6,Yes,Wrong Item
D04925,PAY04925,O04925,Standard,Delivered,1,Debit Card,Paid,5,10,No,Late Delivery
D04926,PAY04926,O04926,Express,Returned,9,Debit Card,Paid,4,3,No,N/A
D04927,PAY04927,O04927,Standard,Returned,1,Cash On Delivery,Refunded,1,10,No,N/A
D04928,PAY04928,O04928,Standard,In Transit,4,Credit Card,Pending,3,10,Yes,Damaged
D04929,PAY04929,O04929,Express,Returned,8,Credit Card,Refunded,5,8,No,N/A
D04930,PAY04930,O04930,Same Day,In Transit,7,Apple Pay,Refunded,1,4,No,Wrong Item
D04931,PAY04931,O04931,Express,Delivered,7,Credit Card,Paid,5,6,No,Damaged
D04932,PAY04932,O04932,Express,In Transit,8,Debit Card,Pending,1,8,Yes,Late Delivery
D04933,PAY04933,O04933,Standard,Returned,6,Apple Pay,Pending,1,4,No,Late Delivery
D04934,PAY04934,O04934,Standard,Returned,3,Cash On Delivery,Paid,2,4,No,Late Delivery
D04935,PAY04935,O04935,Express,Returned,2,Cash On Delivery,Paid,5,1,No,N/A
D04936,PAY04936,O04936,Same Day,Returned,10,STC Pay,Refunded,2,5,No,Late Delivery
D04937,PAY04937,O04937,Same Day,Returned,5,Mada,Pending,4,8,Yes,N/A
D04938,PAY04938,O04938,Same Day,Delivered,6,Credit Card,Pending,5,7,Yes,Damaged
D04939,PAY04939,O04939,Standard,Returned,10,Debit Card,Refunded,3,2,No,Damaged
D04940,PAY04940,O04940,Standard,Delivered,10,Apple Pay,Refunded,3,10,No,N/A
D04941,PAY04941,O04941,Express,Returned,9,Debit Card,Paid,1,1,No,Damaged
D04942,PAY04942,O04942,Same Day,Returned,5,Cash On Delivery,Paid,5,9,No,N/A
D04943,PAY04943,O04943,Standard,In Transit,3,Apple Pay,Refunded,1,10,Yes,Wrong Item
D04944,PAY04944,O04944,Express,In Transit,4,Credit Card,Refunded,3,10,No,Damaged
D04945,PAY04945,O04945,Standard,In Transit,10,Apple Pay,Refunded,5,8,Yes,Late Delivery
D04946,PAY04946,O04946,Standard,Delivered,3,STC Pay,Pending,1,1,Yes,Late Delivery
D04947,PAY04947,O04947,Express,In Transit,1,Mada,Pending,2,9,Yes,N/A
D04948,PAY04948,O04948,Express,Returned,3,STC Pay,Pending,5,4,Yes,Late Delivery
D04949,PAY04949,O04949,Same Day,Returned,1,Debit Card,Refunded,4,8,Yes,Late Delivery
D04950,PAY04950,O04950,Same Day,In Transit,2,Credit Card,Paid,1,3,Yes,Damaged
D04951,PAY04951,O04951,Express,Delivered,4,Apple Pay,Refunded,1,2,No,Damaged
D04952,PAY04952,O04952,Express,In Transit,3,Debit Card,Pending,5,1,No,N/A
D04953,PAY04953,O04953,Express,Delivered,7,Credit Card,Paid,3,8,No,Damaged
D04954,PAY04954,O04954,Standard,Delivered,2,STC Pay,Paid,1,3,No,N/A
D04955,PAY04955,O04955,Standard,Delivered,4,Debit Card,Refunded,2,2,No,N/A
D04956,PAY04956,O04956,Same Day,In Transit,6,STC Pay,Pending,1,3,No,N/A
D04957,PAY04957,O04957,Standard,Delivered,2,Cash On Delivery,Paid,4,4,No,Wrong Item
D04958,PAY04958,O04958,Express,Delivered,9,STC Pay,Pending,3,9,No,Late Delivery
D04959,PAY04959,O04959,Express,Returned,7,Credit Card,Paid,2,2,Yes,N/A
D04960,PAY04960,O04960,Standard,Returned,10,Mada,Pending,1,9,Yes,N/A
D04961,PAY04961,O04961,Express,Returned,4,Debit Card,Pending,1,10,Yes,Late Delivery
D04962,PAY04962,O04962,Same Day,In Transit,2,Apple Pay,Paid,2,8,Yes,Wrong Item
D04963,PAY04963,O04963,Express,In Transit,9,Mada,Refunded,5,6,No,Damaged
D04964,PAY04964,O04964,Same Day,In Transit,1,Credit Card,Pending,3,5,No,N/A
D04965,PAY04965,O04965,Express,Delivered,10,Credit Card,Refunded,1,8,No,Late Delivery
D04966,PAY04966,O04966,Standard,Delivered,10,Cash On Delivery,Refunded,4,9,Yes,Late Delivery
D04967,PAY04967,O04967,Standard,In Transit,10,Apple Pay,Pending,3,9,No,Damaged
D04968,PAY04968,O04968,Express,Returned,10,STC Pay,Paid,4,1,Yes,N/A
D04969,PAY04969,O04969,Same Day,In Transit,5,Cash On Delivery,Refunded,5,5,Yes,N/A
D04970,PAY04970,O04970,Same Day,Delivered,9,Apple Pay,Pending,3,6,Yes,Late Delivery
D04971,PAY04971,O04971,Express,Delivered,1,Mada,Paid,2,4,Yes,Wrong Item
D04972,PAY04972,O04972,Same Day,In Transit,3,Mada,Paid,1,9,Yes,Damaged
D04973,PAY04973,O04973,Standard,Delivered,1,Credit Card,Refunded,4,1,No,Late Delivery
D04974,PAY04974,O04974,Standard,Returned,9,STC Pay,Paid,3,10,Yes,Damaged
D04975,PAY04975,O04975,Express,Delivered,8,Cash On Delivery,Refunded,3,7,Yes,Damaged
D04976,PAY04976,O04976,Express,Returned,5,Mada,Pending,2,3,Yes,Damaged
D04977,PAY04977,O04977,Same Day,In Transit,10,STC Pay,Pending,5,6,No,Late Delivery
D04978,PAY04978,O04978,Express,Delivered,3,Apple Pay,Refunded,2,5,Yes,Wrong Item
D04979,PAY04979,O04979,Same Day,In Transit,10,Cash On Delivery,Refunded,3,7,Yes,N/A
D04980,PAY04980,O04980,Standard,In Transit,4,Credit Card,Refunded,2,10,No,N/A
D04981,PAY04981,O04981,Standard,In Transit,3,Cash On Delivery,Paid,2,4,No,N/A
D04982,PAY04982,O04982,Express,Returned,2,Debit Card,Pending,2,1,Yes,Late Delivery
D04983,PAY04983,O04983,Same Day,In Transit,5,Cash On Delivery,Refunded,4,3,Yes,Damaged
D04984,PAY04984,O04984,Express,Delivered,1,STC Pay,Pending,1,2,Yes,Wrong Item
D04985,PAY04985,O04985,Same Day,Returned,8,Mada,Refunded,2,5,No,Damaged
D04986,PAY04986,O04986,Standard,In Transit,7,Debit Card,Paid,4,8,No,Damaged
D04987,PAY04987,O04987,Standard,In Transit,9,Credit Card,Pending,1,7,Yes,Wrong Item
D04988,PAY04988,O04988,Express,In Transit,1,STC Pay,Refunded,1,6,Yes,Late Delivery
D04989,PAY04989,O04989,Express,Returned,5,Credit Card,Paid,2,8,No,N/A
D04990,PAY04990,O04990,Standard,In Transit,4,STC Pay,Paid,2,1,Yes,Damaged
D04991,PAY04991,O04991,Express,Returned,2,Debit Card,Pending,2,2,Yes,Wrong Item
D04992,PAY04992,O04992,Same Day,Returned,4,STC Pay,Pending,1,2,No,Wrong Item
D04993,PAY04993,O04993,Same Day,Returned,6,Cash On Delivery,Refunded,1,5,No,Damaged
D04994,PAY04994,O04994,Same Day,Delivered,10,Mada,Pending,1,5,No,Late Delivery
D04995,PAY04995,O04995,Standard,Returned,7,Mada,Pending,2,1,Yes,Late Delivery
D04996,PAY04996,O04996,Express,In Transit,8,STC Pay,Paid,3,4,No,Late Delivery
D04997,PAY04997,O04997,Same Day,Delivered,10,Cash On Delivery,Paid,3,2,Yes,Wrong Item
D04998,PAY04998,O04998,Standard,In Transit,9,Mada,Pending,3,9,Yes,N/A
D04999,PAY04999,O04999,Standard,In Transit,1,Mada,Pending,2,8,Yes,N/A
D05000,PAY05000,O05000,Standard,In Transit,8,Mada,Paid,5,9,No,N/A
