Order_ID,Order_Date,Customer_ID,Product_ID,Employee_ID,Branch_ID,Payment_ID,Delivery_ID,Quantity,Unit_Price,Discount,Sales_Amount,Cost,Profit,Sales_Target,Order_Status
O00001,2/11/2022 0:00,C0835,P022,E030,B12,PAY00001,D00001,5,645.17,0.15,2741.97,2053.85,688.12,2131,Cancelled
O00002,4/20/2023 0:00,C0168,P249,E047,B03,PAY00002,D00002,5,850.86,0.18,3488.53,2646.83,841.7,4475,Pending
O00003,12/13/2024 0:00,C0630,P101,E052,B11,PAY00003,D00003,5,285.65,0.01,1413.97,983.55,430.42,792,Cancelled
O00004,10/6/2021 0:00,C1181,P285,E041,B08,PAY00004,D00004,3,387.37,0.11,1034.28,808.89,225.39,2839,Delivered
O00005,1/29/2023 0:00,C0582,P021,E126,B15,PAY00005,D00005,5,695.19,0.1,3128.36,1949.92,1178.44,2229,Cancelled
O00006,10/17/2025 0:00,C0901,P002,E145,B04,PAY00006,D00006,1,86.65,0.15,73.65,45.59,28.06,2723,Pending
O00007,5/9/2024 0:00,C1136,P152,E003,B10,PAY00007,D00007,4,1021.42,0.04,3922.25,2784.7,1137.55,4401,Pending
O00008,10/27/2023 0:00,C0932,P251,E063,B01,PAY00008,D00008,3,1328.75,0.13,3468.04,2085.27,1382.77,1105,Delivered
O00009,9/30/2025 0:00,C0428,P263,E045,B08,PAY00009,D00009,4,61.31,0.06,230.53,164.19,66.34,3986,Pending
O00010,10/17/2020 0:00,C0978,P186,E140,B09,PAY00010,D00010,1,1054.46,0.05,1001.74,870.81,130.93,3780,Pending
O00011,11/20/2025 0:00,C0827,P218,E118,B09,PAY00011,D00011,1,1096.23,0.08,1008.53,628.24,380.29,1597,Delivered
O00012,7/3/2020 0:00,C1098,P184,E044,B14,PAY00012,D00012,3,700.81,0.01,2081.41,1306.68,774.73,3351,Pending
O00013,6/14/2020 0:00,C0912,P246,E059,B02,PAY00013,D00013,3,968.69,0.13,2528.28,1555.2,973.08,4577,Cancelled
O00014,9/15/2023 0:00,C0891,P047,E087,B07,PAY00014,D00014,4,390.27,0.1,1404.97,848.19,556.78,1283,Cancelled
O00015,10/17/2021 0:00,C0142,P230,E077,B04,PAY00015,D00015,4,332.02,0.17,1102.31,750.92,351.39,3176,Delivered
O00016,7/26/2021 0:00,C0355,P282,E148,B03,PAY00016,D00016,2,1264.87,0.06,2377.96,1449.05,928.91,1439,Delivered
O00017,6/4/2022 0:00,C0518,P160,E049,B03,PAY00017,D00017,3,65.39,0.09,178.51,123.35,55.16,4933,Delivered
O00018,2/24/2020 0:00,C1165,P176,E052,B09,PAY00018,D00018,5,699.59,0.03,3393.01,2510.47,882.54,3562,Pending
O00019,5/29/2024 0:00,C0726,P251,E056,B12,PAY00019,D00019,2,810.09,0.1,1458.16,956.97,501.19,3845,Cancelled
O00020,10/16/2025 0:00,C0456,P121,E129,B01,PAY00020,D00020,4,1274.25,0.07,4740.21,3171.04,1569.17,513,Pending
O00021,4/25/2023 0:00,C0717,P070,E143,B03,PAY00021,D00021,2,351.59,0.08,646.93,483.44,163.49,1013,Cancelled
O00022,1/24/2020 0:00,C0260,P164,E036,B15,PAY00022,D00022,4,492.19,0.14,1693.13,1397.26,295.87,517,Cancelled
O00023,9/30/2023 0:00,C1005,P221,E134,B06,PAY00023,D00023,3,486.22,0.13,1269.03,1008.44,260.59,4201,Pending
O00024,10/1/2022 0:00,C0085,P051,E108,B03,PAY00024,D00024,2,994.56,0.13,1730.53,1372.71,357.82,4105,Cancelled
O00025,12/1/2024 0:00,C0223,P025,E110,B13,PAY00025,D00025,3,1180.5,0.16,2974.86,1864.32,1110.54,4923,Cancelled
O00026,6/17/2023 0:00,C0509,P250,E105,B12,PAY00026,D00026,2,235.07,0.1,423.13,314.31,108.82,775,Pending
O00027,7/11/2020 0:00,C0948,P244,E010,B07,PAY00027,D00027,3,135.45,0.06,381.97,296.49,85.48,2011,Cancelled
O00028,6/3/2024 0:00,C0077,P207,E002,B14,PAY00028,D00028,5,817.26,0.06,3841.12,3407.74,433.38,2560,Pending
O00029,9/9/2025 0:00,C0322,P240,E095,B03,PAY00029,D00029,2,1376.12,0.01,2724.72,2334.63,390.09,2608,Pending
O00030,1/2/2020 0:00,C0354,P224,E091,B01,PAY00030,D00030,3,836.14,0.16,2107.07,1539.04,568.03,2918,Cancelled
O00031,2/2/2022 0:00,C0824,P297,E055,B11,PAY00031,D00031,3,1056.15,0.18,2598.13,1665.94,932.19,2209,Pending
O00032,2/10/2021 0:00,C0561,P090,E098,B02,PAY00032,D00032,3,563.26,0.08,1554.6,1155.11,399.49,2188,Pending
O00033,10/28/2025 0:00,C0568,P271,E134,B04,PAY00033,D00033,4,1131.39,0.03,4389.79,3397.5,992.29,1936,Cancelled
O00034,6/11/2023 0:00,C0958,P285,E025,B04,PAY00034,D00034,2,1441.32,0.1,2594.38,1664.53,929.85,3654,Cancelled
O00035,5/18/2020 0:00,C0259,P130,E121,B14,PAY00035,D00035,1,48.45,0.02,47.48,32.83,14.65,3922,Delivered
O00036,2/17/2023 0:00,C0529,P219,E144,B05,PAY00036,D00036,5,587.6,0.13,2556.06,1589.82,966.24,1211,Delivered
O00037,8/1/2020 0:00,C0609,P252,E039,B11,PAY00037,D00037,1,1486.17,0.17,1233.52,1049.48,184.04,4429,Pending
O00038,5/7/2023 0:00,C0387,P261,E008,B14,PAY00038,D00038,1,733.01,0.17,608.4,411.82,196.58,2143,Delivered
O00039,5/8/2022 0:00,C1137,P263,E026,B07,PAY00039,D00039,4,415.08,0.02,1627.11,1375.5,251.61,1542,Delivered
O00040,7/15/2024 0:00,C0726,P104,E135,B13,PAY00040,D00040,4,250.99,0.01,993.92,823.13,170.79,3312,Cancelled
O00041,9/6/2024 0:00,C0286,P170,E140,B04,PAY00041,D00041,1,556.56,0.12,489.77,437.67,52.1,1758,Pending
O00042,2/11/2023 0:00,C0152,P084,E024,B13,PAY00042,D00042,2,852.07,0.09,1550.77,1353.75,197.02,2097,Delivered
O00043,7/4/2021 0:00,C0145,P057,E074,B05,PAY00043,D00043,4,136.79,0.06,514.33,316.31,198.02,3280,Pending
O00044,3/25/2020 0:00,C1014,P126,E136,B05,PAY00044,D00044,1,391.7,0.06,368.2,326.04,42.16,544,Cancelled
O00045,1/9/2023 0:00,C0120,P011,E061,B03,PAY00045,D00045,4,744.96,0.03,2890.44,2426.49,463.95,3323,Delivered
O00046,11/23/2022 0:00,C0331,P030,E134,B02,PAY00046,D00046,2,632.07,0.04,1213.57,1045.74,167.83,1673,Pending
O00047,10/12/2020 0:00,C0038,P186,E019,B13,PAY00047,D00047,2,774.8,0.11,1379.14,1111.94,267.2,4139,Delivered
O00048,7/7/2021 0:00,C0944,P036,E105,B04,PAY00048,D00048,4,589.62,0.11,2099.05,1465.9,633.15,3322,Pending
O00049,1/22/2024 0:00,C0096,P241,E082,B09,PAY00049,D00049,5,1439,0.08,6619.4,5445.83,1173.57,1961,Cancelled
O00050,12/29/2023 0:00,C0780,P242,E057,B09,PAY00050,D00050,3,1156.04,0.05,3294.71,2481.28,813.43,4149,Delivered
O00051,12/14/2025 0:00,C0801,P180,E098,B10,PAY00051,D00051,5,847.83,0.11,3772.84,2895.56,877.28,3217,Delivered
O00052,3/19/2021 0:00,C0763,P067,E039,B11,PAY00052,D00052,3,477.7,0.11,1275.46,800.3,475.16,2493,Delivered
O00053,7/18/2023 0:00,C1083,P286,E108,B11,PAY00053,D00053,4,363.19,0.18,1191.26,758.76,432.5,1487,Cancelled
O00054,8/26/2021 0:00,C0240,P040,E144,B06,PAY00054,D00054,2,515.16,0.19,834.56,652.69,181.87,2402,Pending
O00055,10/14/2024 0:00,C1108,P254,E079,B06,PAY00055,D00055,3,722.02,0.04,2079.42,1454.96,624.46,912,Delivered
O00056,9/20/2023 0:00,C0300,P139,E028,B07,PAY00056,D00056,1,338.04,0.17,280.57,217.74,62.83,1876,Delivered
O00057,1/15/2024 0:00,C0890,P093,E078,B05,PAY00057,D00057,1,1200.96,0.18,984.79,825.12,159.67,3941,Pending
O00058,7/19/2024 0:00,C0408,P179,E118,B14,PAY00058,D00058,1,576.08,0.05,547.28,338.04,209.24,3653,Delivered
O00059,10/22/2020 0:00,C1084,P207,E074,B03,PAY00059,D00059,1,90.45,0.19,73.26,60.09,13.17,4939,Pending
O00060,12/1/2022 0:00,C0718,P141,E036,B10,PAY00060,D00060,1,1000.85,0.06,940.8,839.41,101.39,4148,Delivered
O00061,10/19/2021 0:00,C0545,P136,E014,B06,PAY00061,D00061,3,868.74,0.12,2293.47,1976.06,317.41,4848,Cancelled
O00062,11/7/2023 0:00,C0901,P146,E044,B03,PAY00062,D00062,1,201.01,0.13,174.88,110.15,64.73,2721,Cancelled
O00063,10/11/2025 0:00,C0143,P209,E124,B08,PAY00063,D00063,3,322.92,0.03,939.7,644.21,295.49,945,Cancelled
O00064,3/6/2020 0:00,C0241,P227,E039,B01,PAY00064,D00064,1,964.58,0.17,800.6,597.41,203.19,774,Delivered
O00065,2/26/2021 0:00,C0807,P051,E126,B13,PAY00065,D00065,2,527.3,0.01,1044.05,729.43,314.62,3656,Cancelled
O00066,10/10/2024 0:00,C0044,P065,E107,B08,PAY00066,D00066,1,239.02,0.07,222.29,139.56,82.73,3052,Cancelled
O00067,5/11/2024 0:00,C0187,P219,E033,B11,PAY00067,D00067,3,1239.3,0.08,3420.47,2965.52,454.95,4910,Delivered
O00068,8/22/2022 0:00,C0740,P181,E011,B15,PAY00068,D00068,5,730.43,0.05,3469.54,2976.68,492.86,575,Cancelled
O00069,6/13/2024 0:00,C0881,P004,E136,B04,PAY00069,D00069,2,1266.93,0.09,2305.81,1492.74,813.07,4495,Delivered
O00070,11/15/2020 0:00,C0705,P107,E054,B10,PAY00070,D00070,4,606.31,0.11,2158.46,1775.02,383.44,1758,Delivered
O00071,4/13/2020 0:00,C0957,P143,E026,B02,PAY00071,D00071,3,39.58,0.11,105.68,70.23,35.45,2207,Cancelled
O00072,3/24/2021 0:00,C0885,P052,E090,B03,PAY00072,D00072,4,1443.25,0.03,5599.81,4237.6,1362.21,2901,Pending
O00073,1/23/2022 0:00,C0999,P169,E107,B10,PAY00073,D00073,5,397.25,0.01,1966.39,1741.68,224.71,1258,Delivered
O00074,10/23/2024 0:00,C0246,P246,E025,B05,PAY00074,D00074,2,1212.21,0.14,2085,1468.25,616.75,4213,Pending
O00075,8/15/2024 0:00,C0042,P299,E144,B11,PAY00075,D00075,3,1179.06,0.19,2865.12,2155.99,709.13,689,Cancelled
O00076,12/26/2024 0:00,C1082,P117,E015,B15,PAY00076,D00076,3,526.13,0.12,1388.98,1106.54,282.44,1985,Cancelled
O00077,2/4/2024 0:00,C0470,P012,E137,B15,PAY00077,D00077,4,153.42,0.04,589.13,503.08,86.05,1503,Cancelled
O00078,7/5/2024 0:00,C0263,P213,E053,B11,PAY00078,D00078,4,175.38,0.16,589.28,474.61,114.67,4556,Delivered
O00079,1/8/2020 0:00,C0049,P123,E132,B04,PAY00079,D00079,3,1080.7,0.15,2755.79,1723.14,1032.65,4653,Delivered
O00080,12/9/2024 0:00,C0888,P287,E062,B12,PAY00080,D00080,2,688.6,0.1,1239.48,796.42,443.06,3900,Delivered
O00081,7/24/2022 0:00,C0844,P002,E005,B02,PAY00081,D00081,2,1245.11,0,2490.22,1551.08,939.14,1833,Pending
O00082,1/19/2024 0:00,C0097,P030,E090,B07,PAY00082,D00082,5,55.69,0.06,261.74,187.38,74.36,4434,Cancelled
O00083,7/31/2024 0:00,C0547,P103,E104,B01,PAY00083,D00083,3,280.09,0.11,747.84,521.96,225.88,2021,Delivered
O00084,8/5/2021 0:00,C0345,P251,E098,B10,PAY00084,D00084,5,569.99,0.11,2536.46,1923.79,612.67,911,Cancelled
O00085,9/5/2021 0:00,C0913,P130,E147,B01,PAY00085,D00085,2,143.33,0.18,235.06,204.02,31.04,1268,Delivered
O00086,4/19/2020 0:00,C0366,P201,E130,B02,PAY00086,D00086,5,485.3,0.19,1965.47,1447,518.47,1450,Cancelled
O00087,11/11/2023 0:00,C0155,P097,E113,B08,PAY00087,D00087,3,1226.08,0.03,3567.89,2782.1,785.79,4343,Pending
O00088,6/30/2024 0:00,C0914,P104,E101,B03,PAY00088,D00088,4,1330.66,0.01,5269.41,3755.55,1513.86,4711,Cancelled
O00089,5/8/2021 0:00,C1137,P041,E067,B11,PAY00089,D00089,5,271.21,0.15,1152.64,905.05,247.59,2588,Pending
O00090,4/22/2025 0:00,C0449,P215,E121,B05,PAY00090,D00090,2,1253.5,0.04,2406.72,1603.87,802.85,3914,Pending
O00091,6/2/2025 0:00,C0176,P283,E078,B07,PAY00091,D00091,4,1432.27,0.07,5328.04,4645.48,682.56,1145,Pending
O00092,7/31/2024 0:00,C0225,P289,E117,B08,PAY00092,D00092,3,834.49,0.1,2253.12,1670.46,582.66,4618,Delivered
O00093,12/7/2024 0:00,C1065,P268,E053,B11,PAY00093,D00093,4,155.6,0.09,566.38,470.54,95.84,3596,Delivered
O00094,6/28/2021 0:00,C0685,P294,E002,B10,PAY00094,D00094,4,35.54,0.16,119.41,85.05,34.36,1141,Delivered
O00095,3/11/2025 0:00,C0167,P168,E150,B07,PAY00095,D00095,4,648.09,0.01,2566.44,1662.05,904.39,4501,Pending
O00096,8/23/2023 0:00,C0879,P249,E010,B10,PAY00096,D00096,3,1015.26,0.07,2832.58,2234.73,597.85,2641,Delivered
O00097,9/8/2020 0:00,C0394,P148,E070,B05,PAY00097,D00097,5,797.89,0.17,3311.24,2251.77,1059.47,3999,Cancelled
O00098,6/10/2024 0:00,C0684,P153,E096,B14,PAY00098,D00098,2,879.91,0.07,1636.63,1372.48,264.15,4042,Pending
O00099,2/11/2025 0:00,C0152,P196,E143,B07,PAY00099,D00099,1,610.52,0.05,579.99,520.37,59.62,4283,Delivered
O00100,6/25/2021 0:00,C0376,P149,E099,B04,PAY00100,D00100,1,577.6,0.01,571.82,404.76,167.06,2422,Delivered
O00101,3/9/2020 0:00,C0295,P046,E090,B13,PAY00101,D00101,3,374.17,0.01,1111.28,956.94,154.34,587,Pending
O00102,1/6/2023 0:00,C0651,P223,E091,B11,PAY00102,D00102,1,736.45,0.2,589.16,433.2,155.96,1965,Delivered
O00103,5/13/2025 0:00,C0831,P268,E132,B07,PAY00103,D00103,4,1484.39,0.2,4750.05,3886.3,863.75,3498,Cancelled
O00104,9/18/2021 0:00,C0234,P112,E029,B03,PAY00104,D00104,4,997.77,0.09,3631.88,2882.55,749.33,1033,Delivered
O00105,4/17/2023 0:00,C0052,P068,E063,B11,PAY00105,D00105,2,223.46,0.11,397.76,258.41,139.35,2612,Pending
O00106,4/24/2020 0:00,C0375,P178,E044,B09,PAY00106,D00106,5,1363.04,0.17,5656.62,3734.72,1921.9,2378,Cancelled
O00107,4/16/2023 0:00,C0268,P180,E049,B09,PAY00107,D00107,4,1365.03,0.01,5405.52,4777.17,628.35,4089,Pending
O00108,6/9/2021 0:00,C0743,P186,E075,B12,PAY00108,D00108,1,923.42,0.08,849.55,605.14,244.41,1145,Delivered
O00109,11/24/2022 0:00,C0500,P171,E063,B07,PAY00109,D00109,4,1140.44,0.01,4516.14,2838.4,1677.74,1397,Delivered
O00110,10/17/2022 0:00,C1126,P240,E139,B12,PAY00110,D00110,4,271.82,0.16,913.32,693.15,220.17,3400,Pending
O00111,3/31/2024 0:00,C1008,P161,E014,B14,PAY00111,D00111,3,665.43,0.1,1796.66,1411.89,384.77,1475,Cancelled
O00112,9/12/2021 0:00,C0596,P145,E092,B05,PAY00112,D00112,4,421.89,0.13,1468.18,1093.67,374.51,2291,Pending
O00113,3/28/2025 0:00,C0801,P172,E027,B15,PAY00113,D00113,2,664.24,0.05,1262.06,794.1,467.96,2219,Pending
O00114,7/28/2020 0:00,C0073,P188,E094,B09,PAY00114,D00114,1,1224.01,0.17,1015.93,618.51,397.42,3107,Pending
O00115,11/7/2023 0:00,C1083,P211,E049,B02,PAY00115,D00115,1,1236.63,0.18,1014.04,665.98,348.06,3859,Pending
O00116,5/7/2024 0:00,C0989,P057,E036,B10,PAY00116,D00116,2,202.52,0.17,336.18,221.27,114.91,2018,Pending
O00117,5/11/2024 0:00,C1095,P082,E108,B11,PAY00117,D00117,1,1118.73,0.19,906.17,585.01,321.16,4095,Delivered
O00118,5/7/2024 0:00,C0270,P018,E007,B02,PAY00118,D00118,3,95.99,0.18,236.14,179.82,56.32,3046,Pending
O00119,9/19/2025 0:00,C0835,P077,E059,B03,PAY00119,D00119,5,69.3,0,346.5,215.16,131.34,2971,Delivered
O00120,7/19/2024 0:00,C0018,P219,E063,B05,PAY00120,D00120,5,1139.41,0.01,5640.08,4773.3,866.78,1708,Delivered
O00121,2/14/2022 0:00,C0812,P105,E146,B01,PAY00121,D00121,1,359.98,0.04,345.58,293.87,51.71,2959,Delivered
O00122,6/10/2024 0:00,C1153,P081,E007,B11,PAY00122,D00122,3,1324.37,0.15,3377.14,2034.9,1342.24,1667,Delivered
O00123,11/28/2022 0:00,C0556,P085,E092,B12,PAY00123,D00123,5,1403.99,0.14,6037.16,3746,2291.16,2386,Cancelled
O00124,11/1/2020 0:00,C0648,P137,E077,B08,PAY00124,D00124,5,194.24,0.09,883.79,776.26,107.53,4908,Delivered
O00125,9/13/2025 0:00,C0925,P080,E116,B01,PAY00125,D00125,2,1206.64,0.13,2099.55,1789.08,310.47,4980,Delivered
O00126,6/29/2020 0:00,C0523,P284,E029,B13,PAY00126,D00126,1,565.34,0.13,491.85,410.88,80.97,1524,Cancelled
O00127,12/23/2024 0:00,C0585,P286,E072,B03,PAY00127,D00127,4,837.82,0.02,3284.25,2935.87,348.38,2210,Pending
O00128,5/29/2024 0:00,C1004,P007,E114,B11,PAY00128,D00128,3,464.83,0.02,1366.6,1147.99,218.61,1133,Cancelled
O00129,6/9/2020 0:00,C0458,P251,E126,B04,PAY00129,D00129,3,61.38,0.09,167.57,127.89,39.68,3123,Delivered
O00130,4/14/2023 0:00,C0170,P197,E123,B09,PAY00130,D00130,4,199.68,0.13,694.89,583.34,111.55,2617,Cancelled
O00131,12/9/2022 0:00,C0302,P017,E085,B01,PAY00131,D00131,5,39.24,0.19,158.92,111.23,47.69,2859,Delivered
O00132,1/13/2021 0:00,C0015,P258,E045,B10,PAY00132,D00132,5,764.4,0.04,3669.12,2776.16,892.96,3396,Cancelled
O00133,2/17/2020 0:00,C1076,P086,E100,B03,PAY00133,D00133,3,817.89,0.12,2159.23,1348.84,810.39,1121,Delivered
O00134,2/9/2022 0:00,C0631,P013,E149,B07,PAY00134,D00134,5,138.45,0.18,567.65,442.83,124.82,999,Cancelled
O00135,7/10/2022 0:00,C0219,P251,E036,B14,PAY00135,D00135,5,1381.78,0,6908.9,4652.46,2256.44,3805,Cancelled
O00136,10/8/2020 0:00,C0124,P286,E046,B13,PAY00136,D00136,2,1311.94,0.02,2571.4,1689.03,882.37,3884,Pending
O00137,8/15/2024 0:00,C0967,P023,E082,B09,PAY00137,D00137,5,715.76,0.04,3435.65,2101.36,1334.29,3503,Cancelled
O00138,6/20/2025 0:00,C0601,P263,E100,B03,PAY00138,D00138,4,233.37,0.13,812.13,503.88,308.25,2243,Pending
O00139,5/12/2023 0:00,C1018,P252,E102,B09,PAY00139,D00139,5,279.63,0.12,1230.37,972.27,258.1,4535,Cancelled
O00140,8/15/2024 0:00,C0945,P249,E024,B11,PAY00140,D00140,3,897,0.14,2314.26,2069.87,244.39,711,Delivered
O00141,6/26/2020 0:00,C0331,P283,E103,B10,PAY00141,D00141,5,23.34,0.02,114.37,96.34,18.03,4152,Cancelled
O00142,6/14/2025 0:00,C0902,P073,E091,B04,PAY00142,D00142,1,452.85,0.04,434.74,336.79,97.95,2758,Pending
O00143,4/22/2020 0:00,C0617,P022,E129,B07,PAY00143,D00143,5,210.05,0.11,934.72,777.26,157.46,3901,Delivered
O00144,1/31/2021 0:00,C0828,P044,E035,B12,PAY00144,D00144,2,487.07,0.15,828.02,661.23,166.79,621,Pending
O00145,8/9/2023 0:00,C0076,P232,E050,B12,PAY00145,D00145,4,310.44,0.08,1142.42,882.73,259.69,1217,Cancelled
O00146,6/25/2021 0:00,C0441,P257,E008,B07,PAY00146,D00146,1,1402.52,0.03,1360.44,1027.82,332.62,3733,Delivered
O00147,6/22/2021 0:00,C0719,P104,E032,B08,PAY00147,D00147,3,687.98,0.13,1795.63,1350.24,445.39,775,Pending
O00148,7/14/2023 0:00,C0231,P223,E009,B06,PAY00148,D00148,5,797.1,0.02,3905.79,2795.46,1110.33,3573,Delivered
O00149,11/15/2021 0:00,C0534,P023,E011,B13,PAY00149,D00149,3,970.79,0.17,2417.27,1930.74,486.53,2315,Pending
O00150,10/11/2024 0:00,C0331,P219,E006,B11,PAY00150,D00150,2,30.98,0,61.96,45.6,16.36,2237,Cancelled
O00151,5/24/2022 0:00,C0015,P218,E074,B03,PAY00151,D00151,5,264.36,0.01,1308.58,867.78,440.8,2878,Cancelled
O00152,12/22/2022 0:00,C0885,P177,E119,B02,PAY00152,D00152,1,1312.53,0.07,1220.65,1005,215.65,943,Cancelled
O00153,1/14/2020 0:00,C0182,P294,E029,B02,PAY00153,D00153,2,817.11,0.16,1372.74,1053.15,319.59,4551,Cancelled
O00154,6/9/2022 0:00,C0578,P276,E104,B03,PAY00154,D00154,1,136.76,0.07,127.19,79.59,47.6,4287,Pending
O00155,3/5/2023 0:00,C0442,P184,E029,B08,PAY00155,D00155,1,1067.61,0.11,950.17,640.19,309.98,1105,Cancelled
O00156,1/23/2022 0:00,C0757,P244,E002,B14,PAY00156,D00156,4,1056.02,0.09,3843.91,3372.43,471.48,1016,Delivered
O00157,5/18/2024 0:00,C0809,P245,E028,B12,PAY00157,D00157,2,1137.86,0.13,1979.88,1619.73,360.15,4499,Delivered
O00158,7/16/2023 0:00,C0496,P111,E096,B12,PAY00158,D00158,1,1199.16,0.13,1043.27,757.75,285.52,1864,Pending
O00159,8/3/2025 0:00,C0147,P281,E094,B08,PAY00159,D00159,2,723.17,0.16,1214.93,1010.31,204.62,542,Delivered
O00160,5/17/2024 0:00,C0687,P162,E038,B07,PAY00160,D00160,5,914.7,0.08,4207.62,2717.39,1490.23,2927,Cancelled
O00161,9/22/2025 0:00,C1088,P153,E129,B01,PAY00161,D00161,4,647.65,0.06,2435.16,2027.94,407.22,3605,Delivered
O00162,4/17/2022 0:00,C0549,P287,E030,B14,PAY00162,D00162,5,1038.17,0,5190.85,3657.77,1533.08,1855,Delivered
O00163,11/9/2020 0:00,C0561,P226,E057,B01,PAY00163,D00163,3,486.52,0.16,1226.03,738.34,487.69,4273,Cancelled
O00164,10/8/2024 0:00,C0014,P072,E118,B04,PAY00164,D00164,5,1464.55,0,7322.75,4911.96,2410.79,3088,Delivered
O00165,8/15/2021 0:00,C0046,P257,E058,B05,PAY00165,D00165,5,1291.24,0.18,5294.08,4654.55,639.53,3097,Cancelled
O00166,10/9/2024 0:00,C0659,P247,E121,B02,PAY00166,D00166,2,561.31,0.14,965.45,782.15,183.3,3530,Cancelled
O00167,3/22/2022 0:00,C0901,P038,E068,B08,PAY00167,D00167,3,1070.63,0.16,2697.99,2049.01,648.98,2131,Pending
O00168,1/1/2023 0:00,C0884,P097,E074,B02,PAY00168,D00168,2,852.14,0.18,1397.51,1092.16,305.35,1883,Delivered
O00169,11/12/2023 0:00,C0435,P071,E015,B15,PAY00169,D00169,5,226.89,0.03,1100.42,937.34,163.08,3775,Delivered
O00170,11/7/2021 0:00,C0539,P130,E004,B12,PAY00170,D00170,5,1318.58,0.18,5406.18,4703.04,703.14,1150,Delivered
O00171,1/12/2021 0:00,C0050,P295,E052,B01,PAY00171,D00171,3,1389.91,0.08,3836.15,2386.16,1449.99,4026,Pending
O00172,10/1/2022 0:00,C0291,P071,E030,B01,PAY00172,D00172,1,1301.04,0.17,1079.86,937.99,141.87,4982,Cancelled
O00173,9/28/2020 0:00,C1140,P158,E131,B06,PAY00173,D00173,4,942.25,0.17,3128.27,2320.53,807.74,2785,Delivered
O00174,12/10/2025 0:00,C0455,P077,E065,B06,PAY00174,D00174,3,837.87,0.1,2262.25,1737.51,524.74,2514,Delivered
O00175,7/5/2023 0:00,C0130,P222,E036,B15,PAY00175,D00175,1,956.88,0.06,899.47,599.04,300.43,3585,Delivered
O00176,11/16/2023 0:00,C1062,P047,E040,B03,PAY00176,D00176,3,1359.19,0.18,3343.61,2696.37,647.24,1211,Cancelled
O00177,8/18/2022 0:00,C0311,P290,E124,B12,PAY00177,D00177,5,1020.84,0.15,4338.57,3401.96,936.61,2444,Cancelled
O00178,5/31/2024 0:00,C0850,P048,E003,B10,PAY00178,D00178,3,44.63,0.01,132.55,106.99,25.56,3654,Cancelled
O00179,3/30/2025 0:00,C0163,P087,E108,B08,PAY00179,D00179,5,558.13,0.12,2455.77,1714.1,741.67,2211,Delivered
O00180,1/17/2020 0:00,C0617,P058,E068,B10,PAY00180,D00180,5,117.77,0.05,559.41,386.42,172.99,2804,Pending
O00181,5/28/2021 0:00,C0144,P283,E019,B06,PAY00181,D00181,3,664.38,0.17,1654.31,1156.57,497.74,1492,Cancelled
O00182,8/18/2021 0:00,C0602,P233,E111,B14,PAY00182,D00182,2,377.57,0.05,717.38,612.78,104.6,2042,Cancelled
O00183,10/18/2021 0:00,C0518,P096,E107,B08,PAY00183,D00183,3,35.31,0.09,96.4,62.64,33.76,763,Cancelled
O00184,10/1/2020 0:00,C1191,P142,E097,B15,PAY00184,D00184,3,761.06,0.01,2260.35,1803.85,456.5,2725,Cancelled
O00185,7/3/2023 0:00,C0075,P220,E055,B04,PAY00185,D00185,4,247.21,0.04,949.29,815.07,134.22,3294,Pending
O00186,7/11/2024 0:00,C0115,P145,E027,B06,PAY00186,D00186,5,1200.88,0.2,4803.52,3529.86,1273.66,1752,Cancelled
O00187,7/15/2021 0:00,C0122,P060,E018,B08,PAY00187,D00187,4,483.44,0.04,1856.41,1491,365.41,3276,Pending
O00188,11/18/2023 0:00,C0361,P072,E022,B14,PAY00188,D00188,1,870.97,0.07,810,521.6,288.4,2553,Delivered
O00189,9/25/2025 0:00,C0791,P127,E015,B13,PAY00189,D00189,2,559.55,0.06,1051.95,633.87,418.08,3384,Delivered
O00190,10/7/2022 0:00,C1140,P082,E109,B07,PAY00190,D00190,5,77.19,0.15,328.06,241.38,86.68,1600,Cancelled
O00191,5/29/2020 0:00,C0682,P006,E069,B08,PAY00191,D00191,1,1184.77,0.04,1137.38,703.67,433.71,1072,Cancelled
O00192,11/8/2024 0:00,C0392,P247,E124,B02,PAY00192,D00192,5,790.07,0,3950.35,2818.18,1132.17,1090,Pending
O00193,5/19/2021 0:00,C0901,P045,E018,B07,PAY00193,D00193,5,1377.73,0.1,6199.78,4624.97,1574.81,4100,Pending
O00194,9/14/2020 0:00,C0100,P267,E143,B02,PAY00194,D00194,4,216.85,0.2,693.92,490.76,203.16,613,Cancelled
O00195,12/4/2025 0:00,C0151,P159,E147,B04,PAY00195,D00195,5,734.68,0.05,3489.73,2865.79,623.94,3440,Delivered
O00196,8/21/2024 0:00,C0279,P294,E080,B14,PAY00196,D00196,3,1211.53,0.17,3016.71,2091.77,924.94,4617,Pending
O00197,12/17/2025 0:00,C0202,P136,E114,B02,PAY00197,D00197,3,729.17,0.11,1946.88,1398.26,548.62,2582,Cancelled
O00198,6/16/2023 0:00,C0679,P084,E088,B02,PAY00198,D00198,4,983.17,0.05,3736.05,2474.81,1261.24,974,Delivered
O00199,4/24/2022 0:00,C0690,P296,E016,B11,PAY00199,D00199,4,885.57,0.19,2869.25,2312.94,556.31,3424,Cancelled
O00200,5/31/2022 0:00,C0038,P133,E075,B14,PAY00200,D00200,5,1268.22,0.15,5389.94,3758.58,1631.36,4003,Delivered
O00201,12/2/2021 0:00,C0912,P280,E017,B06,PAY00201,D00201,5,621.54,0.16,2610.47,2004.53,605.94,4349,Cancelled
O00202,11/30/2022 0:00,C0973,P226,E148,B09,PAY00202,D00202,5,558.98,0.13,2431.56,1762.83,668.73,2292,Delivered
O00203,12/16/2023 0:00,C0726,P276,E111,B08,PAY00203,D00203,1,1339.99,0.07,1246.19,829.32,416.87,1289,Pending
O00204,7/20/2022 0:00,C0013,P096,E070,B14,PAY00204,D00204,2,671.68,0.08,1235.89,1077.25,158.64,4057,Pending
O00205,2/29/2020 0:00,C0325,P218,E080,B08,PAY00205,D00205,2,810.72,0.14,1394.44,1254.6,139.84,4612,Pending
O00206,8/23/2025 0:00,C1129,P179,E048,B04,PAY00206,D00206,5,227.41,0.09,1034.72,915.88,118.84,3037,Delivered
O00207,9/27/2024 0:00,C0125,P004,E115,B13,PAY00207,D00207,4,472.34,0.05,1794.89,1469.31,325.58,1498,Pending
O00208,3/23/2021 0:00,C0644,P097,E002,B05,PAY00208,D00208,1,1344.81,0.05,1277.57,897.09,380.48,4957,Delivered
O00209,5/10/2024 0:00,C0440,P228,E010,B10,PAY00209,D00209,2,797.4,0.01,1578.85,1281.98,296.87,4944,Cancelled
O00210,7/12/2023 0:00,C0956,P040,E067,B01,PAY00210,D00210,5,662.08,0.09,3012.46,2050.4,962.06,2322,Cancelled
O00211,1/10/2021 0:00,C0474,P263,E021,B13,PAY00211,D00211,5,1112.73,0.13,4840.38,4172.82,667.56,2453,Pending
O00212,9/14/2020 0:00,C0168,P128,E058,B13,PAY00212,D00212,2,802.11,0.09,1459.84,1164.98,294.86,2144,Cancelled
O00213,6/1/2021 0:00,C0084,P105,E009,B12,PAY00213,D00213,4,775.51,0,3102.04,1861.76,1240.28,3918,Pending
O00214,9/21/2021 0:00,C0184,P213,E032,B07,PAY00214,D00214,4,930.17,0.14,3199.78,2289.78,910,1848,Pending
O00215,12/29/2020 0:00,C0700,P181,E075,B05,PAY00215,D00215,2,1224.74,0.2,1959.58,1313.08,646.5,4302,Pending
O00216,10/22/2024 0:00,C1046,P039,E043,B05,PAY00216,D00216,1,604.74,0.04,580.55,414.88,165.67,3172,Delivered
O00217,5/19/2020 0:00,C0720,P226,E025,B12,PAY00217,D00217,1,27.27,0.16,22.91,19.43,3.48,1339,Cancelled
O00218,6/9/2020 0:00,C0042,P130,E062,B15,PAY00218,D00218,1,1428.57,0.06,1342.86,892.77,450.09,1541,Pending
O00219,10/30/2024 0:00,C0777,P293,E130,B05,PAY00219,D00219,4,1457.4,0.16,4896.86,3038.21,1858.65,3019,Delivered
O00220,9/1/2022 0:00,C0617,P209,E050,B11,PAY00220,D00220,4,1007.5,0.14,3465.8,3037.78,428.02,512,Cancelled
O00221,1/13/2022 0:00,C1192,P218,E130,B08,PAY00221,D00221,3,1178.03,0.02,3463.41,2529.26,934.15,607,Pending
O00222,10/9/2023 0:00,C0357,P298,E129,B15,PAY00222,D00222,1,1148.8,0.01,1137.31,832.82,304.49,834,Delivered
O00223,1/2/2025 0:00,C0889,P131,E093,B06,PAY00223,D00223,5,819.16,0.12,3604.3,2525.96,1078.34,3973,Cancelled
O00224,2/16/2022 0:00,C0748,P135,E100,B01,PAY00224,D00224,5,108.26,0.09,492.58,309.16,183.42,948,Cancelled
O00225,11/23/2023 0:00,C0687,P109,E096,B05,PAY00225,D00225,1,188.56,0.05,179.13,118.11,61.02,3806,Delivered
O00226,3/26/2022 0:00,C0737,P055,E137,B03,PAY00226,D00226,5,296.71,0.07,1379.7,883.28,496.42,680,Delivered
O00227,9/1/2025 0:00,C0446,P118,E015,B11,PAY00227,D00227,1,626.06,0.15,532.15,425.22,106.93,4216,Delivered
O00228,10/18/2023 0:00,C0164,P102,E120,B04,PAY00228,D00228,5,941.24,0.04,4517.95,3448.48,1069.47,4912,Cancelled
O00229,5/19/2022 0:00,C0827,P104,E002,B05,PAY00229,D00229,1,1198.49,0.09,1090.63,978.46,112.17,3869,Pending
O00230,11/11/2023 0:00,C0467,P204,E097,B08,PAY00230,D00230,4,483.88,0.09,1761.32,1223.85,537.47,3246,Delivered
O00231,9/11/2022 0:00,C0506,P004,E001,B15,PAY00231,D00231,1,914.62,0.09,832.3,567.93,264.37,1659,Cancelled
O00232,6/29/2022 0:00,C0640,P219,E045,B13,PAY00232,D00232,2,1381.57,0.15,2348.67,1579.13,769.54,502,Delivered
O00233,1/29/2022 0:00,C1065,P096,E125,B03,PAY00233,D00233,3,752.61,0.03,2190.1,1569.35,620.75,1366,Pending
O00234,12/12/2025 0:00,C0506,P086,E024,B06,PAY00234,D00234,1,420.84,0.13,366.13,302.15,63.98,3511,Cancelled
O00235,5/31/2022 0:00,C0330,P245,E064,B15,PAY00235,D00235,5,715.63,0.06,3363.46,3013.27,350.19,2524,Pending
O00236,8/30/2024 0:00,C0042,P052,E056,B07,PAY00236,D00236,3,973.99,0.11,2600.55,2285.52,315.03,2411,Pending
O00237,6/24/2021 0:00,C0668,P055,E014,B02,PAY00237,D00237,5,1468.35,0.01,7268.33,5636.15,1632.18,2127,Delivered
O00238,8/19/2024 0:00,C0385,P294,E033,B01,PAY00238,D00238,3,1118.15,0.01,3320.91,2232.52,1088.39,1795,Pending
O00239,3/6/2024 0:00,C0898,P188,E098,B09,PAY00239,D00239,1,296.08,0.01,293.12,208.46,84.66,1999,Pending
O00240,10/23/2024 0:00,C0386,P120,E009,B01,PAY00240,D00240,2,1215.21,0.05,2308.9,1662.25,646.65,4402,Delivered
O00241,1/5/2021 0:00,C0679,P075,E145,B14,PAY00241,D00241,1,417.27,0.04,400.58,323.96,76.62,2022,Pending
O00242,5/25/2022 0:00,C1051,P188,E030,B13,PAY00242,D00242,3,1184.73,0.01,3518.65,2131.76,1386.89,803,Delivered
O00243,5/27/2024 0:00,C0805,P152,E149,B13,PAY00243,D00243,5,295.54,0.13,1285.6,920.77,364.83,966,Pending
O00244,8/8/2025 0:00,C0218,P051,E063,B13,PAY00244,D00244,4,1404.28,0.15,4774.55,4252.06,522.49,2904,Delivered
O00245,10/6/2020 0:00,C0810,P028,E093,B05,PAY00245,D00245,1,323.54,0.15,275.01,191.14,83.87,4241,Pending
O00246,5/1/2022 0:00,C0456,P252,E105,B07,PAY00246,D00246,1,1490.02,0.05,1415.52,1238.38,177.14,3566,Cancelled
O00247,7/29/2024 0:00,C0783,P300,E076,B04,PAY00247,D00247,2,231.67,0.02,454.07,318.96,135.11,2214,Delivered
O00248,5/23/2025 0:00,C0687,P034,E146,B06,PAY00248,D00248,1,1154.22,0.05,1096.51,736.5,360.01,653,Delivered
O00249,4/19/2021 0:00,C0583,P225,E067,B06,PAY00249,D00249,4,383.35,0.02,1502.73,1201.27,301.46,1103,Delivered
O00250,3/8/2021 0:00,C0551,P106,E060,B13,PAY00250,D00250,5,885.1,0.18,3628.91,2988.74,640.17,1749,Cancelled
O00251,10/20/2022 0:00,C0620,P103,E004,B13,PAY00251,D00251,2,21.46,0.03,41.63,31.56,10.07,1998,Delivered
O00252,8/24/2020 0:00,C0960,P177,E009,B13,PAY00252,D00252,4,933,0.04,3582.72,3119.52,463.2,4003,Cancelled
O00253,6/27/2021 0:00,C0863,P055,E109,B14,PAY00253,D00253,4,574.33,0.1,2067.59,1815.06,252.53,1378,Delivered
O00254,12/31/2022 0:00,C0591,P295,E059,B04,PAY00254,D00254,4,302.07,0.09,1099.53,690.93,408.6,1385,Pending
O00255,6/22/2020 0:00,C0652,P290,E047,B06,PAY00255,D00255,5,1185.08,0.02,5806.89,3701.22,2105.67,2881,Delivered
O00256,11/12/2025 0:00,C0907,P290,E073,B14,PAY00256,D00256,3,650.42,0.04,1873.21,1288,585.21,3051,Delivered
O00257,1/28/2025 0:00,C0058,P057,E132,B13,PAY00257,D00257,1,1494.97,0.12,1315.57,923.23,392.34,3671,Pending
O00258,4/23/2021 0:00,C0509,P122,E066,B11,PAY00258,D00258,4,678.22,0.15,2305.95,1928.44,377.51,4544,Cancelled
O00259,4/22/2023 0:00,C0490,P245,E117,B11,PAY00259,D00259,2,429.65,0.09,781.96,560.45,221.51,3918,Delivered
O00260,3/9/2025 0:00,C1179,P262,E133,B13,PAY00260,D00260,2,910.98,0.17,1512.23,1312.72,199.51,2920,Pending
O00261,8/7/2021 0:00,C0515,P235,E064,B15,PAY00261,D00261,3,1409.76,0.16,3552.6,2942.71,609.89,1033,Cancelled
O00262,7/26/2020 0:00,C1168,P174,E132,B03,PAY00262,D00262,3,1441.66,0.19,3503.23,2574.51,928.72,2816,Delivered
O00263,1/30/2022 0:00,C0604,P066,E081,B11,PAY00263,D00263,3,1249.21,0.11,3335.39,2081.16,1254.23,3467,Delivered
O00264,11/25/2020 0:00,C0625,P095,E044,B07,PAY00264,D00264,2,1259.03,0.13,2190.71,1804.44,386.27,2766,Cancelled
O00265,2/19/2023 0:00,C0179,P247,E086,B11,PAY00265,D00265,1,1300.1,0.02,1274.1,965.65,308.45,839,Cancelled
O00266,2/13/2020 0:00,C0545,P294,E116,B07,PAY00266,D00266,3,1332.95,0.07,3718.93,2667.31,1051.62,1210,Cancelled
O00267,4/20/2025 0:00,C0576,P067,E059,B01,PAY00267,D00267,5,857.58,0.12,3773.35,2285.28,1488.07,3490,Pending
O00268,11/21/2025 0:00,C0867,P066,E005,B05,PAY00268,D00268,1,1313.35,0.11,1168.88,734.77,434.11,1104,Cancelled
O00269,12/16/2022 0:00,C0476,P106,E099,B01,PAY00269,D00269,5,458.55,0.13,1994.69,1559.45,435.24,4911,Delivered
O00270,4/7/2020 0:00,C0775,P117,E093,B10,PAY00270,D00270,1,636.36,0.16,534.54,451.63,82.91,2504,Pending
O00271,4/23/2024 0:00,C0660,P203,E150,B09,PAY00271,D00271,3,896.05,0.17,2231.16,1597.42,633.74,4861,Delivered
O00272,5/17/2021 0:00,C0696,P093,E108,B14,PAY00272,D00272,5,499.82,0.14,2149.23,1645.82,503.41,707,Cancelled
O00273,6/23/2020 0:00,C0202,P284,E116,B15,PAY00273,D00273,3,52.54,0.14,135.55,112.66,22.89,1060,Cancelled
O00274,5/20/2021 0:00,C1126,P018,E122,B05,PAY00274,D00274,5,1476.4,0.06,6939.08,5904.27,1034.81,3146,Pending
O00275,9/14/2023 0:00,C0339,P125,E061,B03,PAY00275,D00275,4,300.97,0.03,1167.76,884.9,282.86,3993,Delivered
O00276,6/1/2022 0:00,C0217,P014,E135,B05,PAY00276,D00276,3,522.76,0.11,1395.77,1196.39,199.38,4520,Delivered
O00277,4/7/2023 0:00,C0452,P024,E049,B02,PAY00277,D00277,3,659.93,0.11,1762.01,1112.14,649.87,2388,Cancelled
O00278,1/19/2021 0:00,C1050,P237,E088,B04,PAY00278,D00278,4,1372.78,0.18,4502.72,3922.83,579.89,1805,Delivered
O00279,7/18/2020 0:00,C0231,P070,E046,B05,PAY00279,D00279,4,479.29,0.13,1667.93,1355.09,312.84,2901,Delivered
O00280,11/12/2021 0:00,C0888,P023,E032,B07,PAY00280,D00280,5,1356.08,0.01,6712.6,4209.24,2503.36,2707,Pending
O00281,2/14/2022 0:00,C0835,P162,E107,B03,PAY00281,D00281,3,1146.64,0.17,2855.13,2211.2,643.93,2571,Cancelled
O00282,8/19/2023 0:00,C1032,P234,E147,B08,PAY00282,D00282,1,338.04,0.15,287.33,199.32,88.01,2103,Delivered
O00283,5/19/2020 0:00,C0277,P139,E091,B13,PAY00283,D00283,4,146.58,0.02,574.59,508.71,65.88,2198,Pending
O00284,7/1/2023 0:00,C0736,P069,E145,B06,PAY00284,D00284,4,1176.68,0.13,4094.85,2812.13,1282.72,3442,Cancelled
O00285,12/8/2021 0:00,C0850,P215,E074,B10,PAY00285,D00285,3,1023.37,0.19,2486.79,1770.89,715.9,1575,Delivered
O00286,5/25/2020 0:00,C0508,P192,E061,B04,PAY00286,D00286,4,299.74,0.17,995.14,739.37,255.77,2126,Delivered
O00287,11/27/2023 0:00,C0578,P253,E040,B03,PAY00287,D00287,2,98.36,0.02,192.79,149.97,42.82,1627,Delivered
O00288,3/15/2021 0:00,C0674,P163,E047,B01,PAY00288,D00288,4,1325.69,0.01,5249.73,3971.92,1277.81,3673,Cancelled
O00289,3/2/2025 0:00,C0446,P177,E096,B02,PAY00289,D00289,5,194.8,0.05,925.3,718.79,206.51,3985,Pending
O00290,4/26/2025 0:00,C0922,P198,E063,B06,PAY00290,D00290,1,1082.83,0.02,1061.17,847.33,213.84,2491,Pending
O00291,7/28/2023 0:00,C1113,P189,E022,B03,PAY00291,D00291,4,250.25,0.13,870.87,676.22,194.65,3389,Delivered
O00292,7/16/2025 0:00,C0726,P136,E069,B12,PAY00292,D00292,1,197.96,0.07,184.1,140.11,43.99,4860,Delivered
O00293,9/23/2023 0:00,C1079,P295,E020,B03,PAY00293,D00293,2,1107.83,0.06,2082.72,1745.35,337.37,1306,Pending
O00294,2/4/2021 0:00,C0277,P119,E150,B06,PAY00294,D00294,4,957,0.01,3789.72,2857.99,931.73,1748,Pending
O00295,6/15/2021 0:00,C0803,P247,E094,B09,PAY00295,D00295,1,861.12,0.05,818.06,687.76,130.3,4166,Pending
O00296,11/15/2023 0:00,C1192,P235,E084,B14,PAY00296,D00296,4,535.52,0.09,1949.29,1514.16,435.13,1992,Pending
O00297,6/8/2025 0:00,C1022,P035,E004,B07,PAY00297,D00297,1,262.14,0.19,212.33,175.38,36.95,2902,Pending
O00298,3/20/2025 0:00,C0679,P057,E018,B13,PAY00298,D00298,2,553.2,0.16,929.38,798.1,131.28,3479,Pending
O00299,10/30/2022 0:00,C0021,P219,E090,B05,PAY00299,D00299,5,193.41,0.15,821.99,660.75,161.24,4932,Delivered
O00300,4/25/2025 0:00,C0664,P128,E042,B13,PAY00300,D00300,3,717.49,0.16,1808.07,1366.21,441.86,4379,Cancelled
O00301,12/28/2025 0:00,C1136,P057,E116,B02,PAY00301,D00301,1,216.27,0.06,203.29,131.86,71.43,4602,Cancelled
O00302,2/10/2023 0:00,C0654,P274,E112,B14,PAY00302,D00302,5,644.07,0.1,2898.32,2197.74,700.58,1250,Delivered
O00303,5/8/2025 0:00,C0440,P290,E072,B03,PAY00303,D00303,1,84.42,0.18,69.22,57.63,11.59,4928,Cancelled
O00304,10/29/2022 0:00,C0155,P239,E112,B04,PAY00304,D00304,4,952.08,0.19,3084.74,1870,1214.74,2884,Cancelled
O00305,7/19/2022 0:00,C0666,P037,E013,B10,PAY00305,D00305,5,1321.28,0.1,5945.76,5083.21,862.55,2442,Cancelled
O00306,8/9/2021 0:00,C0442,P179,E023,B03,PAY00306,D00306,1,471.49,0.02,462.06,304.42,157.64,1625,Pending
O00307,1/28/2020 0:00,C0155,P058,E083,B15,PAY00307,D00307,2,1457.22,0.14,2506.42,2186.41,320.01,3753,Cancelled
O00308,1/11/2023 0:00,C0051,P094,E128,B08,PAY00308,D00308,1,854.73,0.03,829.09,561.92,267.17,3345,Pending
O00309,3/7/2021 0:00,C1077,P278,E111,B15,PAY00309,D00309,5,1212.42,0.05,5758.99,4109.67,1649.32,623,Cancelled
O00310,8/16/2020 0:00,C0467,P079,E001,B02,PAY00310,D00310,1,286.58,0.17,237.86,196.54,41.32,4668,Delivered
O00311,3/21/2025 0:00,C0392,P043,E147,B13,PAY00311,D00311,2,826.97,0.05,1571.24,1226.79,344.45,4037,Delivered
O00312,7/19/2024 0:00,C0917,P033,E112,B13,PAY00312,D00312,4,1289.51,0.06,4848.56,4298.33,550.23,2797,Cancelled
O00313,4/13/2021 0:00,C0808,P236,E043,B01,PAY00313,D00313,2,788.54,0.16,1324.75,1021.53,303.22,1598,Cancelled
O00314,5/26/2022 0:00,C0122,P169,E044,B14,PAY00314,D00314,5,660.27,0.09,3004.23,2259.61,744.62,3637,Pending
O00315,5/12/2023 0:00,C0103,P181,E143,B06,PAY00315,D00315,1,1174.54,0.17,974.87,794.88,179.99,4090,Cancelled
O00316,6/24/2020 0:00,C1145,P010,E148,B03,PAY00316,D00316,1,1394.77,0.03,1352.93,1095.13,257.8,3807,Delivered
O00317,9/15/2025 0:00,C0291,P080,E036,B06,PAY00317,D00317,4,211.15,0.14,726.36,618.96,107.4,933,Delivered
O00318,3/20/2020 0:00,C0888,P098,E074,B09,PAY00318,D00318,3,914.88,0.13,2387.84,2021.9,365.94,4179,Delivered
O00319,7/10/2022 0:00,C1120,P177,E038,B14,PAY00319,D00319,5,594.1,0.17,2465.51,2061.73,403.78,1356,Pending
O00320,7/2/2020 0:00,C0770,P100,E027,B13,PAY00320,D00320,1,843.7,0.17,700.27,537.18,163.09,555,Cancelled
O00321,1/10/2020 0:00,C0855,P038,E003,B04,PAY00321,D00321,2,1279.41,0.14,2200.59,1591.51,609.08,3848,Pending
O00322,6/14/2020 0:00,C0973,P300,E125,B08,PAY00322,D00322,4,1127.15,0.18,3697.05,2745.96,951.09,2726,Pending
O00323,3/19/2025 0:00,C0314,P004,E102,B08,PAY00323,D00323,2,380.25,0.14,654.03,537.22,116.81,3075,Cancelled
O00324,2/25/2023 0:00,C0180,P020,E049,B15,PAY00324,D00324,5,1164.69,0.14,5008.17,4206.5,801.67,2139,Cancelled
O00325,1/1/2025 0:00,C0552,P298,E055,B07,PAY00325,D00325,3,1231.55,0.19,2992.67,2319.37,673.3,2623,Delivered
O00326,3/8/2023 0:00,C0564,P180,E081,B02,PAY00326,D00326,2,1340.42,0.04,2573.61,2229.98,343.63,1508,Delivered
O00327,11/4/2024 0:00,C0137,P145,E002,B08,PAY00327,D00327,2,1399.02,0.01,2770.06,2241.56,528.5,4887,Cancelled
O00328,4/18/2023 0:00,C0464,P045,E001,B04,PAY00328,D00328,5,120.59,0.14,518.54,421.73,96.81,880,Delivered
O00329,11/22/2024 0:00,C0228,P191,E102,B06,PAY00329,D00329,3,1284.73,0.07,3584.4,2221.89,1362.51,3933,Pending
O00330,12/16/2022 0:00,C0053,P072,E098,B12,PAY00330,D00330,3,1471.13,0.11,3927.92,3048.11,879.81,2342,Pending
O00331,5/8/2025 0:00,C1031,P014,E094,B09,PAY00331,D00331,3,1140.95,0.1,3080.57,1880.34,1200.23,2736,Cancelled
O00332,9/25/2023 0:00,C0606,P219,E039,B06,PAY00332,D00332,3,120.64,0.01,358.3,244.13,114.17,3698,Delivered
O00333,7/26/2022 0:00,C0757,P230,E035,B09,PAY00333,D00333,4,406.7,0.19,1317.71,858.98,458.73,2247,Delivered
O00334,2/22/2025 0:00,C0241,P081,E023,B11,PAY00334,D00334,3,1494.67,0.11,3990.77,3145.12,845.65,3490,Delivered
O00335,1/27/2021 0:00,C1107,P098,E025,B14,PAY00335,D00335,3,1171.72,0.09,3198.8,2575.91,622.89,1976,Delivered
O00336,12/23/2020 0:00,C0587,P299,E132,B13,PAY00336,D00336,4,699.65,0.07,2602.7,2223.17,379.53,3859,Cancelled
O00337,4/29/2025 0:00,C0418,P042,E106,B09,PAY00337,D00337,2,360.15,0.05,684.28,587.43,96.85,4729,Pending
O00338,10/30/2022 0:00,C0502,P228,E074,B14,PAY00338,D00338,3,86.68,0.04,249.64,195.73,53.91,3133,Pending
O00339,3/26/2022 0:00,C0711,P003,E004,B01,PAY00339,D00339,2,879.33,0.07,1635.55,1003.56,631.99,3608,Delivered
O00340,8/17/2022 0:00,C0870,P271,E093,B09,PAY00340,D00340,2,396.38,0.05,753.12,548.69,204.43,782,Cancelled
O00341,4/7/2022 0:00,C0232,P144,E073,B14,PAY00341,D00341,2,1054.17,0.1,1897.51,1480.19,417.32,1159,Cancelled
O00342,7/10/2021 0:00,C1059,P219,E039,B02,PAY00342,D00342,5,86.77,0.08,399.14,295.03,104.11,3898,Cancelled
O00343,6/21/2023 0:00,C0589,P062,E098,B07,PAY00343,D00343,1,1213.81,0.12,1068.15,942.06,126.09,3933,Cancelled
O00344,5/21/2025 0:00,C0372,P219,E023,B01,PAY00344,D00344,2,390.27,0.11,694.68,473.16,221.52,2874,Delivered
O00345,9/27/2020 0:00,C0306,P115,E100,B15,PAY00345,D00345,5,1290.74,0.12,5679.26,4004.54,1674.72,1986,Cancelled
O00346,12/1/2022 0:00,C0311,P227,E044,B03,PAY00346,D00346,3,602.53,0.06,1699.13,1442.43,256.7,4341,Cancelled
O00347,5/14/2025 0:00,C0394,P140,E041,B07,PAY00347,D00347,2,733.84,0.13,1276.88,822.88,454,3408,Delivered
O00348,12/13/2025 0:00,C0144,P122,E121,B03,PAY00348,D00348,3,306.52,0.2,735.65,505.61,230.04,3936,Delivered
O00349,5/29/2024 0:00,C1038,P194,E081,B12,PAY00349,D00349,4,1234.91,0.03,4791.45,3020.14,1771.31,4806,Pending
O00350,8/27/2022 0:00,C0269,P097,E053,B12,PAY00350,D00350,4,1391.08,0.14,4785.32,3208.2,1577.12,2982,Cancelled
O00351,2/18/2025 0:00,C0243,P101,E146,B05,PAY00351,D00351,1,931.69,0.11,829.2,582.93,246.27,4290,Delivered
O00352,2/11/2025 0:00,C0924,P061,E024,B02,PAY00352,D00352,1,1132.38,0.13,985.17,829.26,155.91,3697,Pending
O00353,8/14/2025 0:00,C0671,P287,E084,B07,PAY00353,D00353,3,1070.17,0.17,2664.72,1669.62,995.1,2408,Cancelled
O00354,2/21/2025 0:00,C0715,P283,E093,B11,PAY00354,D00354,1,903,0.15,767.55,537.11,230.44,1083,Cancelled
O00355,5/27/2025 0:00,C0331,P294,E112,B03,PAY00355,D00355,4,314.66,0.04,1208.29,755.18,453.11,2132,Pending
O00356,11/2/2020 0:00,C0981,P183,E037,B07,PAY00356,D00356,3,1160.02,0.06,3271.26,2358.67,912.59,1388,Delivered
O00357,12/12/2023 0:00,C0944,P257,E018,B01,PAY00357,D00357,2,744.34,0.06,1399.36,1063.36,336,1295,Pending
O00358,12/6/2021 0:00,C0108,P188,E024,B06,PAY00358,D00358,3,474.38,0.06,1337.75,1012,325.75,1636,Cancelled
O00359,2/11/2024 0:00,C1160,P208,E034,B09,PAY00359,D00359,1,140.22,0.01,138.82,101.04,37.78,3761,Pending
O00360,12/31/2020 0:00,C0448,P230,E140,B03,PAY00360,D00360,3,117.87,0.1,318.25,235.06,83.19,953,Cancelled
O00361,7/24/2025 0:00,C0483,P054,E107,B11,PAY00361,D00361,5,351.82,0.1,1583.19,1386.59,196.6,1463,Pending
O00362,5/15/2021 0:00,C0529,P070,E071,B05,PAY00362,D00362,3,1264.45,0.02,3717.48,2987.62,729.86,4215,Delivered
O00363,10/6/2024 0:00,C0827,P124,E047,B07,PAY00363,D00363,3,656.79,0.1,1773.33,1490.56,282.77,818,Cancelled
O00364,11/12/2021 0:00,C0662,P091,E084,B14,PAY00364,D00364,5,1477.48,0.1,6648.66,4563.98,2084.68,1783,Delivered
O00365,4/10/2025 0:00,C0616,P077,E135,B15,PAY00365,D00365,3,937.51,0.04,2700.03,2000.28,699.75,968,Cancelled
O00366,11/18/2022 0:00,C0085,P226,E061,B02,PAY00366,D00366,3,310.54,0.17,773.24,621.66,151.58,3882,Pending
O00367,8/29/2021 0:00,C1089,P075,E142,B03,PAY00367,D00367,5,151.18,0.06,710.55,490.15,220.4,3158,Delivered
O00368,5/19/2022 0:00,C1041,P182,E017,B09,PAY00368,D00368,2,1011.99,0,2023.98,1533.46,490.52,4139,Delivered
O00369,12/13/2025 0:00,C0886,P047,E138,B12,PAY00369,D00369,5,1117.27,0.19,4524.94,3015.43,1509.51,4469,Delivered
O00370,8/4/2022 0:00,C0053,P288,E012,B01,PAY00370,D00370,2,1063.44,0.06,1999.27,1581.43,417.84,2362,Delivered
O00371,7/27/2021 0:00,C0307,P059,E029,B06,PAY00371,D00371,4,1040.39,0.09,3787.02,3393.05,393.97,3965,Delivered
O00372,3/31/2025 0:00,C0451,P114,E070,B11,PAY00372,D00372,1,1137.69,0.13,989.79,670.42,319.37,899,Delivered
O00373,5/11/2025 0:00,C0094,P251,E110,B11,PAY00373,D00373,1,468.99,0.12,412.71,260.92,151.79,2547,Delivered
O00374,1/8/2025 0:00,C0219,P045,E014,B15,PAY00374,D00374,1,935.2,0.1,841.68,704.14,137.54,2719,Cancelled
O00375,1/4/2021 0:00,C0603,P260,E065,B02,PAY00375,D00375,2,716.9,0.14,1233.07,856.45,376.62,1084,Delivered
O00376,2/23/2025 0:00,C0546,P199,E125,B11,PAY00376,D00376,4,1041.9,0.15,3542.46,2699.96,842.5,1231,Delivered
O00377,5/25/2025 0:00,C0795,P280,E149,B07,PAY00377,D00377,1,482.91,0.1,434.62,306.8,127.82,3001,Cancelled
O00378,7/11/2020 0:00,C1037,P097,E111,B01,PAY00378,D00378,1,1003.49,0.15,852.97,685.77,167.2,1225,Pending
O00379,10/30/2021 0:00,C1134,P163,E020,B06,PAY00379,D00379,1,1471.52,0.05,1397.94,1158.48,239.46,2403,Pending
O00380,3/14/2024 0:00,C0909,P251,E108,B10,PAY00380,D00380,1,45.22,0.04,43.41,32.48,10.93,1412,Cancelled
O00381,10/19/2021 0:00,C1196,P258,E010,B09,PAY00381,D00381,3,720.93,0.06,2033.02,1589.74,443.28,2225,Delivered
O00382,5/9/2021 0:00,C0676,P162,E101,B11,PAY00382,D00382,4,907.43,0.02,3557.13,2887.48,669.65,2664,Pending
O00383,8/6/2022 0:00,C0090,P175,E149,B01,PAY00383,D00383,5,1322.44,0.02,6479.96,4892.97,1586.99,4063,Pending
O00384,2/27/2021 0:00,C0186,P257,E148,B12,PAY00384,D00384,5,26.35,0.14,113.3,82.94,30.36,2385,Delivered
O00385,5/4/2024 0:00,C0123,P108,E059,B11,PAY00385,D00385,4,485.49,0.18,1592.41,1238.27,354.14,628,Pending
O00386,2/19/2024 0:00,C0297,P109,E082,B10,PAY00386,D00386,3,1296.25,0.1,3499.88,2314.06,1185.82,2013,Pending
O00387,3/26/2021 0:00,C1170,P219,E050,B04,PAY00387,D00387,2,236.9,0.01,469.06,288.07,180.99,2640,Pending
O00388,2/25/2023 0:00,C1154,P205,E013,B11,PAY00388,D00388,1,1395.18,0.1,1255.66,856.67,398.99,3824,Pending
O00389,2/19/2025 0:00,C0844,P205,E054,B10,PAY00389,D00389,2,437.23,0.13,760.78,655.87,104.91,4378,Cancelled
O00390,4/3/2024 0:00,C0011,P020,E086,B13,PAY00390,D00390,1,712.43,0.01,705.31,456.25,249.06,4353,Delivered
O00391,6/5/2021 0:00,C0085,P277,E144,B11,PAY00391,D00391,1,1203.91,0.11,1071.48,878.34,193.14,1855,Pending
O00392,10/28/2024 0:00,C0969,P108,E081,B13,PAY00392,D00392,5,1207.25,0.17,5010.09,4082.48,927.61,2008,Delivered
O00393,11/14/2025 0:00,C1076,P190,E098,B11,PAY00393,D00393,2,82.7,0.02,162.09,124.95,37.14,1681,Pending
O00394,6/18/2024 0:00,C0442,P270,E037,B02,PAY00394,D00394,3,127.02,0.17,316.28,258.71,57.57,1416,Cancelled
O00395,6/3/2025 0:00,C0971,P208,E144,B12,PAY00395,D00395,5,1401.18,0.03,6795.72,5427.75,1367.97,4062,Cancelled
O00396,4/4/2025 0:00,C0584,P099,E022,B12,PAY00396,D00396,3,717.37,0.05,2044.5,1516.78,527.72,4705,Delivered
O00397,5/23/2023 0:00,C0629,P248,E068,B07,PAY00397,D00397,4,718.68,0.11,2558.5,1917.55,640.95,787,Pending
O00398,9/13/2021 0:00,C0545,P053,E102,B13,PAY00398,D00398,5,1394.16,0.18,5716.06,4626.42,1089.64,1258,Pending
O00399,10/8/2021 0:00,C0877,P207,E027,B03,PAY00399,D00399,4,708.61,0.18,2324.24,1687.8,636.44,1412,Pending
O00400,4/20/2022 0:00,C1109,P019,E088,B04,PAY00400,D00400,4,957.34,0.18,3140.08,2583.9,556.18,4985,Pending
O00401,7/25/2023 0:00,C0342,P231,E056,B06,PAY00401,D00401,5,825.97,0.07,3840.76,3079.08,761.68,3800,Pending
O00402,3/13/2025 0:00,C0800,P156,E133,B09,PAY00402,D00402,5,1333.33,0.16,5599.99,4247.28,1352.71,2343,Cancelled
O00403,11/6/2025 0:00,C0121,P016,E143,B02,PAY00403,D00403,5,928.95,0.11,4133.83,2537.38,1596.45,3743,Pending
O00404,9/29/2024 0:00,C0250,P015,E092,B14,PAY00404,D00404,2,172.72,0.12,303.99,267.21,36.78,2811,Cancelled
O00405,1/19/2021 0:00,C0671,P155,E003,B11,PAY00405,D00405,3,1338.37,0.19,3252.24,2380.83,871.41,4241,Delivered
O00406,11/13/2022 0:00,C1075,P100,E149,B02,PAY00406,D00406,1,902.52,0.1,812.27,699,113.27,521,Pending
O00407,12/18/2020 0:00,C0538,P255,E007,B14,PAY00407,D00407,5,1263.14,0.06,5936.76,4649.26,1287.5,2815,Cancelled
O00408,10/29/2024 0:00,C0521,P020,E089,B01,PAY00408,D00408,5,1032.46,0.04,4955.81,3101.44,1854.37,3856,Pending
O00409,4/15/2024 0:00,C0905,P300,E096,B10,PAY00409,D00409,2,854.89,0.07,1590.1,1297,293.1,3520,Cancelled
O00410,12/19/2022 0:00,C0350,P174,E017,B12,PAY00410,D00410,2,941.54,0.16,1581.79,1187.11,394.68,892,Delivered
O00411,11/18/2021 0:00,C0147,P188,E052,B02,PAY00411,D00411,2,25.2,0.13,43.85,30.69,13.16,2280,Delivered
O00412,10/27/2022 0:00,C0747,P101,E145,B12,PAY00412,D00412,1,690.46,0.11,614.51,474.72,139.79,936,Delivered
O00413,1/23/2025 0:00,C0747,P091,E099,B05,PAY00413,D00413,1,336.92,0.01,333.55,283.59,49.96,3564,Pending
O00414,8/21/2022 0:00,C0063,P001,E149,B13,PAY00414,D00414,5,601.38,0.18,2465.66,1607.18,858.48,3646,Pending
O00415,2/8/2021 0:00,C0821,P244,E043,B11,PAY00415,D00415,1,193.49,0.12,170.27,120.86,49.41,1232,Delivered
O00416,6/18/2025 0:00,C1011,P202,E003,B11,PAY00416,D00416,3,881.94,0.08,2434.15,1472.39,961.76,1622,Delivered
O00417,5/22/2022 0:00,C0122,P141,E024,B11,PAY00417,D00417,1,84.55,0.09,76.94,65.18,11.76,2293,Pending
O00418,3/10/2025 0:00,C0644,P251,E033,B15,PAY00418,D00418,5,289.34,0.07,1345.43,1132.9,212.53,1304,Delivered
O00419,7/7/2020 0:00,C0108,P001,E134,B07,PAY00419,D00419,1,156.68,0.04,150.41,111.15,39.26,2322,Delivered
O00420,5/15/2024 0:00,C1070,P176,E016,B11,PAY00420,D00420,4,1199.07,0.16,4028.88,3031.44,997.44,4698,Cancelled
O00421,12/29/2023 0:00,C0826,P141,E018,B12,PAY00421,D00421,1,524.97,0.17,435.73,388.03,47.7,2807,Delivered
O00422,12/10/2022 0:00,C0574,P022,E146,B02,PAY00422,D00422,3,532.34,0.05,1517.17,997.91,519.26,3797,Pending
O00423,10/7/2023 0:00,C0149,P010,E081,B13,PAY00423,D00423,5,1383.32,0.11,6155.77,5192.34,963.43,2706,Delivered
O00424,1/19/2021 0:00,C0785,P276,E143,B02,PAY00424,D00424,5,456.23,0.04,2189.9,1612.69,577.21,4029,Pending
O00425,10/25/2022 0:00,C0522,P094,E028,B14,PAY00425,D00425,4,959.91,0.11,3417.28,2341.71,1075.57,2573,Cancelled
O00426,2/28/2023 0:00,C0054,P223,E063,B04,PAY00426,D00426,1,1060.18,0.06,996.57,664.83,331.74,4033,Delivered
O00427,11/22/2024 0:00,C0824,P297,E020,B02,PAY00427,D00427,4,942.81,0.11,3356.4,2511.63,844.77,588,Cancelled
O00428,12/4/2020 0:00,C0723,P057,E028,B01,PAY00428,D00428,2,639.05,0.11,1137.51,755.44,382.07,1291,Cancelled
O00429,8/2/2023 0:00,C0713,P086,E126,B06,PAY00429,D00429,4,1275.56,0.06,4796.11,4182.69,613.42,2144,Delivered
O00430,6/16/2020 0:00,C0203,P197,E038,B08,PAY00430,D00430,3,1159.15,0.04,3338.35,2425.62,912.73,2814,Cancelled
O00431,8/21/2025 0:00,C0738,P280,E138,B15,PAY00431,D00431,2,1401.2,0.15,2382.04,1620.04,762,1664,Cancelled
O00432,8/2/2023 0:00,C0872,P300,E130,B08,PAY00432,D00432,5,409.1,0.12,1800.04,1142.4,657.64,4217,Cancelled
O00433,2/19/2022 0:00,C0125,P160,E032,B07,PAY00433,D00433,3,960.25,0.06,2707.9,1679.04,1028.86,2715,Cancelled
O00434,10/3/2022 0:00,C0450,P107,E111,B15,PAY00434,D00434,4,1305.99,0.15,4440.37,2898.26,1542.11,3055,Pending
O00435,11/13/2023 0:00,C0345,P145,E125,B12,PAY00435,D00435,4,327.13,0.08,1203.84,818.35,385.49,3456,Delivered
O00436,11/7/2020 0:00,C1017,P041,E014,B14,PAY00436,D00436,4,627.56,0.14,2158.81,1787.42,371.39,4216,Pending
O00437,6/19/2021 0:00,C0781,P243,E050,B06,PAY00437,D00437,3,936.21,0.16,2359.25,1719.34,639.91,2159,Pending
O00438,5/30/2020 0:00,C0103,P190,E144,B11,PAY00438,D00438,2,1121.44,0.08,2063.45,1426.33,637.12,4039,Delivered
O00439,8/21/2022 0:00,C0966,P019,E028,B14,PAY00439,D00439,2,1375.56,0.1,2476.01,2071.37,404.64,2876,Pending
O00440,10/16/2025 0:00,C0243,P178,E107,B13,PAY00440,D00440,5,149.69,0.05,711.03,449.99,261.04,1706,Cancelled
O00441,9/10/2025 0:00,C1008,P176,E069,B15,PAY00441,D00441,1,146.21,0.19,118.43,103.13,15.3,2177,Pending
O00442,6/12/2023 0:00,C0477,P130,E092,B04,PAY00442,D00442,3,252.59,0.13,659.26,400.63,258.63,4319,Pending
O00443,9/18/2020 0:00,C0170,P211,E012,B07,PAY00443,D00443,1,872.02,0.07,810.98,545.87,265.11,3220,Cancelled
O00444,11/30/2020 0:00,C0635,P048,E135,B05,PAY00444,D00444,3,1067.1,0.05,3041.23,2634.78,406.45,2935,Cancelled
O00445,1/29/2022 0:00,C0234,P198,E104,B07,PAY00445,D00445,5,1006.9,0.19,4077.95,2953.06,1124.89,4831,Cancelled
O00446,12/24/2025 0:00,C0316,P009,E117,B12,PAY00446,D00446,5,390.55,0.01,1933.22,1321.49,611.73,2806,Delivered
O00447,2/25/2022 0:00,C1050,P008,E050,B07,PAY00447,D00447,4,1059.93,0.1,3815.75,2298.91,1516.84,4181,Delivered
O00448,2/23/2023 0:00,C0428,P197,E090,B01,PAY00448,D00448,2,209.37,0.11,372.68,297.95,74.73,1442,Pending
O00449,10/24/2020 0:00,C0013,P270,E124,B12,PAY00449,D00449,2,336.16,0.16,564.75,390.45,174.3,4872,Pending
O00450,10/2/2025 0:00,C0374,P209,E088,B01,PAY00450,D00450,1,1290.48,0.02,1264.67,1114.03,150.64,871,Pending
O00451,3/14/2024 0:00,C0130,P116,E031,B03,PAY00451,D00451,3,1253.59,0.19,3046.22,2025.55,1020.67,3329,Cancelled
O00452,1/15/2023 0:00,C0818,P240,E132,B13,PAY00452,D00452,5,659.41,0.19,2670.61,1762.11,908.5,1767,Delivered
O00453,8/23/2022 0:00,C1013,P098,E118,B12,PAY00453,D00453,5,1453.21,0.09,6612.11,4396.11,2216,806,Delivered
O00454,5/24/2024 0:00,C0514,P168,E021,B06,PAY00454,D00454,2,102.1,0,204.2,142.72,61.48,3811,Pending
O00455,4/8/2020 0:00,C1172,P211,E108,B05,PAY00455,D00455,2,220.76,0.04,423.86,301.37,122.49,3984,Pending
O00456,6/19/2023 0:00,C0287,P032,E103,B01,PAY00456,D00456,5,939.85,0.16,3947.37,2544.5,1402.87,3760,Delivered
O00457,8/14/2022 0:00,C0353,P010,E124,B10,PAY00457,D00457,3,827.92,0.18,2036.68,1407.17,629.51,3408,Cancelled
O00458,6/29/2020 0:00,C0342,P282,E046,B04,PAY00458,D00458,4,1030.15,0.13,3584.92,2394.16,1190.76,3493,Pending
O00459,4/19/2024 0:00,C1033,P022,E095,B08,PAY00459,D00459,4,1435.71,0.09,5225.98,3231.56,1994.42,4691,Pending
O00460,9/25/2023 0:00,C0179,P049,E104,B15,PAY00460,D00460,4,673.54,0.12,2370.86,2043.35,327.51,2362,Pending
O00461,1/11/2024 0:00,C0668,P082,E074,B15,PAY00461,D00461,1,969.35,0.01,959.66,603.71,355.95,1986,Delivered
O00462,12/21/2024 0:00,C0625,P212,E085,B06,PAY00462,D00462,4,1003.87,0.15,3413.16,2816.65,596.51,4213,Delivered
O00463,5/18/2023 0:00,C0375,P193,E064,B08,PAY00463,D00463,5,1274.27,0.17,5288.22,4093.8,1194.42,1743,Cancelled
O00464,4/14/2023 0:00,C0967,P221,E084,B05,PAY00464,D00464,3,1074.31,0.12,2836.18,2519.05,317.13,3531,Cancelled
O00465,7/25/2024 0:00,C1123,P059,E011,B06,PAY00465,D00465,3,927.7,0.01,2755.27,1912.45,842.82,4341,Delivered
O00466,2/5/2022 0:00,C1102,P037,E126,B03,PAY00466,D00466,1,277.1,0.14,238.31,146.46,91.85,954,Pending
O00467,3/14/2024 0:00,C0934,P247,E140,B03,PAY00467,D00467,3,1168.47,0.2,2804.33,2243.57,560.76,2186,Cancelled
O00468,10/23/2022 0:00,C0025,P247,E042,B12,PAY00468,D00468,4,416.02,0.2,1331.26,1167.6,163.66,1337,Cancelled
O00469,3/16/2020 0:00,C0092,P120,E108,B15,PAY00469,D00469,2,1300,0.13,2262,1594.32,667.68,1764,Delivered
O00470,6/7/2024 0:00,C0696,P053,E141,B03,PAY00470,D00470,3,1068.68,0.02,3141.92,2681.21,460.71,4594,Delivered
O00471,6/15/2020 0:00,C0409,P117,E033,B08,PAY00471,D00471,3,1340.52,0.07,3740.05,2319.11,1420.94,4035,Cancelled
O00472,3/28/2024 0:00,C0861,P098,E033,B10,PAY00472,D00472,3,858.68,0.06,2421.48,1458.47,963.01,2302,Cancelled
O00473,6/18/2025 0:00,C0986,P010,E084,B09,PAY00473,D00473,3,347.04,0.05,989.06,806.44,182.62,548,Cancelled
O00474,7/7/2020 0:00,C1177,P263,E031,B03,PAY00474,D00474,4,850.38,0.04,3265.46,2916.73,348.73,1660,Cancelled
O00475,10/21/2022 0:00,C0400,P218,E061,B13,PAY00475,D00475,2,1253.3,0.14,2155.68,1556.86,598.82,2573,Cancelled
O00476,3/14/2024 0:00,C0528,P114,E111,B11,PAY00476,D00476,1,1109.91,0.15,943.42,664.86,278.56,2421,Delivered
O00477,2/29/2024 0:00,C0026,P020,E022,B02,PAY00477,D00477,5,785.54,0.07,3652.76,2635.57,1017.19,4314,Delivered
O00478,11/15/2025 0:00,C0778,P031,E082,B06,PAY00478,D00478,1,277.63,0.07,258.2,168.26,89.94,548,Delivered
O00479,12/8/2020 0:00,C1045,P274,E046,B03,PAY00479,D00479,1,1432.95,0.18,1175.02,727.21,447.81,2979,Delivered
O00480,2/26/2025 0:00,C1046,P140,E118,B05,PAY00480,D00480,1,809.83,0.06,761.24,645.67,115.57,3731,Cancelled
O00481,6/26/2020 0:00,C1039,P255,E011,B07,PAY00481,D00481,2,884.52,0.2,1415.23,1085.5,329.73,668,Delivered
O00482,2/27/2025 0:00,C0791,P253,E059,B13,PAY00482,D00482,2,517.23,0.06,972.39,741.29,231.1,4611,Pending
O00483,12/28/2025 0:00,C0500,P104,E024,B09,PAY00483,D00483,1,1255.93,0.02,1230.81,1102.45,128.36,624,Delivered
O00484,10/8/2025 0:00,C0481,P151,E090,B11,PAY00484,D00484,3,493.65,0.08,1362.47,1083.71,278.76,3785,Delivered
O00485,4/8/2024 0:00,C0615,P220,E001,B04,PAY00485,D00485,1,198.7,0.11,176.84,127.53,49.31,1261,Delivered
O00486,8/3/2024 0:00,C0146,P193,E121,B13,PAY00486,D00486,5,351.85,0.05,1671.29,1324.46,346.83,1512,Pending
O00487,1/22/2024 0:00,C0373,P001,E017,B07,PAY00487,D00487,3,774.69,0.12,2045.18,1704.77,340.41,2040,Pending
O00488,7/25/2023 0:00,C0435,P291,E071,B06,PAY00488,D00488,2,718.22,0.01,1422.08,1272.68,149.4,2631,Cancelled
O00489,1/31/2023 0:00,C0491,P225,E133,B13,PAY00489,D00489,2,916.27,0.01,1814.21,1336.84,477.37,3940,Pending
O00490,10/2/2020 0:00,C0453,P269,E061,B11,PAY00490,D00490,3,162.29,0.15,413.84,299.87,113.97,3082,Delivered
O00491,1/9/2021 0:00,C0923,P113,E123,B10,PAY00491,D00491,4,831.48,0.05,3159.62,2814.49,345.13,1260,Pending
O00492,3/27/2023 0:00,C1030,P109,E056,B11,PAY00492,D00492,5,1021,0.08,4696.6,3545.49,1151.11,3833,Pending
O00493,3/31/2024 0:00,C1011,P192,E073,B11,PAY00493,D00493,5,1029.13,0.01,5094.19,3582.68,1511.51,521,Delivered
O00494,6/9/2023 0:00,C0473,P196,E109,B12,PAY00494,D00494,1,1374.9,0.02,1347.4,1083.5,263.9,2053,Pending
O00495,12/27/2024 0:00,C0166,P148,E081,B12,PAY00495,D00495,4,769.9,0.06,2894.82,1861.1,1033.72,2191,Cancelled
O00496,8/15/2023 0:00,C0742,P054,E098,B06,PAY00496,D00496,4,1281.48,0.17,4254.51,2710.35,1544.16,3508,Delivered
O00497,7/13/2021 0:00,C0226,P130,E074,B01,PAY00497,D00497,3,902.23,0.15,2300.69,1426.26,874.43,2731,Delivered
O00498,8/29/2021 0:00,C0638,P225,E118,B04,PAY00498,D00498,1,1141.9,0.07,1061.97,853.85,208.12,817,Delivered
O00499,10/16/2021 0:00,C0825,P037,E108,B09,PAY00499,D00499,2,600.27,0.18,984.44,632.94,351.5,758,Cancelled
O00500,1/30/2023 0:00,C0653,P122,E001,B06,PAY00500,D00500,1,706.75,0.04,678.48,556.22,122.26,2412,Cancelled
O00501,6/11/2023 0:00,C0627,P206,E035,B07,PAY00501,D00501,4,1279.16,0.01,5065.47,3287.26,1778.21,4405,Delivered
O00502,7/12/2025 0:00,C0329,P030,E110,B05,PAY00502,D00502,3,1284.74,0.01,3815.68,3227.41,588.27,4436,Delivered
O00503,1/11/2025 0:00,C0580,P061,E053,B06,PAY00503,D00503,4,821.88,0.11,2925.89,2420.43,505.46,1182,Pending
O00504,8/7/2024 0:00,C0331,P274,E098,B03,PAY00504,D00504,5,231.57,0.14,995.75,713.47,282.28,4084,Pending
O00505,6/2/2025 0:00,C0577,P217,E004,B06,PAY00505,D00505,4,779.71,0,3118.84,2291.53,827.31,3813,Cancelled
O00506,12/16/2020 0:00,C0282,P266,E117,B13,PAY00506,D00506,5,1331.51,0.15,5658.92,3989.13,1669.79,3872,Delivered
O00507,1/11/2020 0:00,C0530,P145,E003,B15,PAY00507,D00507,3,1173.35,0.09,3203.25,2644.7,558.55,3097,Pending
O00508,4/21/2020 0:00,C0129,P207,E093,B05,PAY00508,D00508,2,174.03,0.05,330.66,201.63,129.03,3669,Cancelled
O00509,9/5/2021 0:00,C1081,P202,E012,B04,PAY00509,D00509,1,1237.22,0.08,1138.24,789.51,348.73,1688,Pending
O00510,6/27/2020 0:00,C0458,P204,E067,B11,PAY00510,D00510,5,1367.16,0.1,6152.22,4384.61,1767.61,623,Pending
O00511,10/7/2024 0:00,C0784,P083,E035,B07,PAY00511,D00511,2,32.95,0.1,59.31,39.6,19.71,1189,Delivered
O00512,8/27/2024 0:00,C0804,P163,E128,B04,PAY00512,D00512,3,662.35,0.09,1808.22,1252.01,556.21,4022,Delivered
O00513,11/28/2023 0:00,C0987,P050,E002,B03,PAY00513,D00513,2,110.22,0.03,213.83,149.02,64.81,1280,Delivered
O00514,7/25/2021 0:00,C0921,P157,E077,B01,PAY00514,D00514,2,1437.69,0.03,2789.12,2382.99,406.13,4494,Cancelled
O00515,12/8/2024 0:00,C0619,P250,E052,B01,PAY00515,D00515,4,455.62,0.1,1640.23,1273.25,366.98,3721,Cancelled
O00516,1/9/2022 0:00,C0950,P021,E096,B02,PAY00516,D00516,2,450.84,0.02,883.65,680.94,202.71,4087,Delivered
O00517,12/24/2024 0:00,C0331,P062,E093,B03,PAY00517,D00517,1,1484.65,0.15,1261.95,938.87,323.08,3945,Pending
O00518,4/1/2021 0:00,C0045,P100,E089,B11,PAY00518,D00518,4,446.43,0.02,1750.01,1394.11,355.9,918,Delivered
O00519,3/3/2025 0:00,C0166,P246,E134,B10,PAY00519,D00519,2,1464.17,0.05,2781.92,2094.8,687.12,2040,Cancelled
O00520,6/15/2024 0:00,C1068,P270,E018,B06,PAY00520,D00520,3,1470.46,0.01,4367.27,3680.46,686.81,4718,Pending
O00521,11/23/2024 0:00,C0234,P297,E086,B14,PAY00521,D00521,5,1366.48,0.08,6285.81,3894.04,2391.77,3573,Delivered
O00522,4/23/2024 0:00,C0410,P025,E072,B07,PAY00522,D00522,2,1216.66,0,2433.32,1534.04,899.28,4051,Pending
O00523,8/29/2024 0:00,C0707,P252,E135,B13,PAY00523,D00523,2,1409.73,0.14,2424.74,2127.03,297.71,2653,Pending
O00524,9/20/2023 0:00,C0455,P250,E135,B15,PAY00524,D00524,4,1199.75,0.12,4223.12,2893.66,1329.46,2076,Cancelled
O00525,8/31/2021 0:00,C0877,P250,E042,B14,PAY00525,D00525,1,1308.19,0.04,1255.86,907.51,348.35,4774,Pending
O00526,6/1/2021 0:00,C0867,P164,E118,B04,PAY00526,D00526,2,978.35,0.19,1584.93,1031.09,553.84,3795,Pending
O00527,2/7/2025 0:00,C0102,P080,E146,B11,PAY00527,D00527,2,94.26,0.16,158.36,125.18,33.18,1004,Pending
O00528,11/14/2024 0:00,C0859,P200,E040,B10,PAY00528,D00528,5,488.79,0.12,2150.68,1488.86,661.82,2130,Delivered
O00529,10/31/2020 0:00,C0744,P007,E133,B08,PAY00529,D00529,4,148.42,0.15,504.63,348.68,155.95,4838,Delivered
O00530,5/30/2021 0:00,C0297,P114,E006,B10,PAY00530,D00530,5,884.98,0.18,3628.42,2696.23,932.19,2961,Pending
O00531,11/10/2023 0:00,C0450,P102,E008,B08,PAY00531,D00531,4,446.61,0.13,1554.2,966.8,587.4,529,Pending
O00532,2/4/2020 0:00,C0083,P139,E139,B09,PAY00532,D00532,2,727.88,0.17,1208.28,908.29,299.99,2206,Cancelled
O00533,1/13/2020 0:00,C0165,P089,E023,B05,PAY00533,D00533,5,450.81,0.17,1870.86,1132.43,738.43,4940,Delivered
O00534,12/4/2020 0:00,C0215,P272,E107,B14,PAY00534,D00534,3,316.31,0.06,891.99,697.56,194.43,647,Cancelled
O00535,4/12/2023 0:00,C0343,P123,E048,B07,PAY00535,D00535,1,426.9,0.14,367.13,250.79,116.34,3759,Delivered
O00536,2/25/2020 0:00,C0650,P197,E110,B02,PAY00536,D00536,1,1393.81,0.01,1379.87,934.37,445.5,4730,Pending
O00537,4/8/2021 0:00,C0342,P071,E009,B01,PAY00537,D00537,4,1058.02,0.07,3935.83,3050.74,885.09,2379,Cancelled
O00538,7/25/2023 0:00,C0791,P192,E129,B13,PAY00538,D00538,2,959.58,0.1,1727.24,1191.84,535.4,3703,Delivered
O00539,7/8/2023 0:00,C0365,P049,E112,B11,PAY00539,D00539,2,349.34,0.02,684.71,581.49,103.22,1887,Pending
O00540,9/12/2020 0:00,C0924,P007,E036,B05,PAY00540,D00540,4,1084.19,0.11,3859.72,2739.76,1119.96,1842,Pending
O00541,2/24/2021 0:00,C0549,P207,E109,B14,PAY00541,D00541,3,342.07,0.19,831.23,597.18,234.05,801,Delivered
O00542,4/21/2024 0:00,C0290,P089,E075,B02,PAY00542,D00542,5,110.44,0.18,452.8,397.09,55.71,2381,Cancelled
O00543,6/25/2020 0:00,C1073,P235,E025,B04,PAY00543,D00543,5,523.71,0.01,2592.36,2101.59,490.77,1847,Cancelled
O00544,2/25/2022 0:00,C0562,P265,E119,B04,PAY00544,D00544,1,1052.44,0.09,957.72,642.6,315.12,2830,Delivered
O00545,11/24/2021 0:00,C1186,P267,E126,B09,PAY00545,D00545,5,631.07,0.16,2650.49,2224.94,425.55,2053,Pending
O00546,8/1/2024 0:00,C0623,P053,E067,B11,PAY00546,D00546,2,1359.64,0.14,2338.58,1820.86,517.72,2421,Cancelled
O00547,6/18/2023 0:00,C0826,P129,E103,B14,PAY00547,D00547,2,660.65,0.1,1189.17,732.77,456.4,2022,Delivered
O00548,12/22/2020 0:00,C0367,P025,E036,B02,PAY00548,D00548,5,622.8,0.12,2740.32,1941.54,798.78,2975,Delivered
O00549,2/2/2022 0:00,C0415,P202,E121,B02,PAY00549,D00549,3,983.81,0.09,2685.8,1713.34,972.46,4006,Cancelled
O00550,7/16/2020 0:00,C0113,P014,E107,B03,PAY00550,D00550,1,993.25,0.07,923.72,781.09,142.63,4537,Delivered
O00551,8/21/2023 0:00,C0068,P246,E027,B03,PAY00551,D00551,1,1258.54,0.16,1057.17,875.15,182.02,601,Cancelled
O00552,10/2/2023 0:00,C0303,P022,E089,B02,PAY00552,D00552,3,1001.2,0.09,2733.28,1966.3,766.98,1202,Delivered
O00553,9/1/2023 0:00,C0088,P235,E045,B06,PAY00553,D00553,5,616.72,0.08,2836.91,2093.98,742.93,2041,Delivered
O00554,12/26/2020 0:00,C0780,P013,E131,B04,PAY00554,D00554,4,560.11,0.09,2038.8,1804.54,234.26,4897,Pending
O00555,12/5/2022 0:00,C0265,P157,E002,B12,PAY00555,D00555,3,1128.28,0.11,3012.51,1926.6,1085.91,3017,Pending
O00556,9/17/2022 0:00,C0959,P271,E039,B06,PAY00556,D00556,3,825.58,0.03,2402.44,2075.85,326.59,4970,Pending
O00557,12/10/2023 0:00,C0916,P048,E136,B11,PAY00557,D00557,5,698.15,0.03,3386.03,2560.44,825.59,4206,Delivered
O00558,5/5/2024 0:00,C0328,P094,E150,B11,PAY00558,D00558,4,675.8,0.1,2432.88,1688.14,744.74,3678,Delivered
O00559,11/13/2022 0:00,C0441,P248,E121,B11,PAY00559,D00559,1,1142.06,0.18,936.49,701.85,234.64,3524,Cancelled
O00560,9/19/2021 0:00,C1185,P077,E053,B10,PAY00560,D00560,2,946.71,0.06,1779.81,1255.31,524.5,4163,Pending
O00561,1/2/2022 0:00,C0041,P273,E110,B15,PAY00561,D00561,4,1048.83,0.19,3398.21,2100.37,1297.84,679,Cancelled
O00562,6/5/2023 0:00,C1075,P283,E026,B04,PAY00562,D00562,2,74.26,0.06,139.61,86.11,53.5,3460,Pending
O00563,11/26/2023 0:00,C1125,P299,E003,B11,PAY00563,D00563,1,845.43,0.1,760.89,638.75,122.14,3817,Cancelled
O00564,4/26/2020 0:00,C0989,P012,E006,B11,PAY00564,D00564,5,1289.96,0.07,5998.31,4660.51,1337.8,705,Cancelled
O00565,5/2/2021 0:00,C0949,P176,E035,B10,PAY00565,D00565,3,363.13,0.02,1067.6,845.38,222.22,2262,Pending
O00566,1/23/2025 0:00,C0645,P081,E086,B03,PAY00566,D00566,3,1371.24,0.01,4072.58,2497.04,1575.54,2498,Cancelled
O00567,7/26/2021 0:00,C0729,P248,E118,B05,PAY00567,D00567,3,536.27,0.08,1480.11,1260.52,219.59,881,Delivered
O00568,4/9/2025 0:00,C0600,P165,E136,B04,PAY00568,D00568,5,1222.16,0.06,5744.15,4090.29,1653.86,593,Pending
O00569,6/21/2024 0:00,C0655,P250,E097,B04,PAY00569,D00569,1,166.19,0.06,156.22,94.09,62.13,4084,Cancelled
O00570,10/8/2025 0:00,C0022,P275,E062,B12,PAY00570,D00570,1,1131.71,0.14,973.27,707.95,265.32,3736,Delivered
O00571,11/6/2025 0:00,C1009,P275,E011,B09,PAY00571,D00571,3,1142.02,0.09,3117.71,2592.08,525.63,4395,Delivered
O00572,5/10/2021 0:00,C0591,P012,E066,B05,PAY00572,D00572,1,286.24,0.02,280.52,224.73,55.79,1102,Delivered
O00573,6/16/2025 0:00,C1003,P118,E053,B05,PAY00573,D00573,5,1006.44,0.16,4227.05,2773.29,1453.76,865,Pending
O00574,3/4/2024 0:00,C0036,P258,E141,B11,PAY00574,D00574,1,1375.02,0.15,1168.77,1024.18,144.59,1546,Cancelled
O00575,1/2/2023 0:00,C0913,P098,E094,B04,PAY00575,D00575,5,773.17,0.03,3749.87,3254.07,495.8,3725,Cancelled
O00576,3/1/2023 0:00,C1062,P102,E030,B15,PAY00576,D00576,3,1365.58,0.01,4055.77,3510.04,545.73,650,Pending
O00577,9/27/2024 0:00,C1133,P232,E100,B06,PAY00577,D00577,2,1244.63,0.13,2165.66,1506.38,659.28,2480,Delivered
O00578,7/25/2021 0:00,C0134,P167,E034,B04,PAY00578,D00578,5,814.72,0.12,3584.77,2704.9,879.87,4092,Cancelled
O00579,8/16/2025 0:00,C0512,P286,E148,B11,PAY00579,D00579,3,105.24,0.03,306.25,256.09,50.16,619,Pending
O00580,3/6/2022 0:00,C0792,P188,E053,B12,PAY00580,D00580,2,1188.63,0,2377.26,1536.07,841.19,2084,Cancelled
O00581,1/1/2022 0:00,C0273,P104,E017,B10,PAY00581,D00581,1,322.51,0.03,312.83,205.49,107.34,1407,Cancelled
O00582,10/11/2022 0:00,C0663,P201,E099,B13,PAY00582,D00582,1,205.23,0.15,174.45,112.64,61.81,4276,Pending
O00583,6/25/2025 0:00,C0870,P059,E088,B01,PAY00583,D00583,3,1115.76,0.15,2845.19,2378.98,466.21,1676,Cancelled
O00584,9/11/2023 0:00,C0559,P050,E013,B09,PAY00584,D00584,2,1324.55,0.08,2437.17,1667.07,770.1,4544,Delivered
O00585,1/28/2021 0:00,C0749,P259,E131,B06,PAY00585,D00585,4,1002.05,0.19,3246.64,2855.4,391.24,3542,Cancelled
O00586,5/15/2021 0:00,C0727,P189,E099,B03,PAY00586,D00586,2,482.05,0.04,925.54,559.69,365.85,852,Cancelled
O00587,7/20/2022 0:00,C1196,P106,E006,B05,PAY00587,D00587,2,71.5,0.16,120.12,97.41,22.71,3597,Pending
O00588,11/17/2023 0:00,C0088,P180,E085,B13,PAY00588,D00588,5,964.91,0.19,3907.89,2423.25,1484.64,540,Pending
O00589,7/3/2022 0:00,C0126,P217,E114,B12,PAY00589,D00589,2,718.98,0,1437.96,1008.11,429.85,4149,Delivered
O00590,2/3/2021 0:00,C0707,P288,E129,B07,PAY00590,D00590,3,448.65,0.1,1211.35,783.95,427.4,4512,Cancelled
O00591,12/22/2022 0:00,C0531,P221,E043,B04,PAY00591,D00591,3,1091.18,0.11,2913.45,2046.9,866.55,1699,Pending
O00592,4/6/2020 0:00,C0610,P104,E041,B14,PAY00592,D00592,3,551.58,0.02,1621.65,1116.6,505.05,4234,Delivered
O00593,5/28/2023 0:00,C0830,P244,E063,B10,PAY00593,D00593,2,728.47,0.07,1354.95,964.86,390.09,4160,Delivered
O00594,9/21/2020 0:00,C1098,P012,E095,B15,PAY00594,D00594,1,842.1,0.02,825.26,707.15,118.11,3900,Delivered
O00595,11/8/2023 0:00,C0011,P104,E112,B08,PAY00595,D00595,2,266.63,0.03,517.26,408.8,108.46,3451,Delivered
O00596,2/8/2023 0:00,C0034,P240,E028,B12,PAY00596,D00596,5,339.27,0.11,1509.75,1299.76,209.99,3387,Cancelled
O00597,4/15/2024 0:00,C0755,P157,E127,B07,PAY00597,D00597,5,123.02,0.15,522.84,432.7,90.14,1779,Pending
O00598,8/11/2025 0:00,C1105,P253,E109,B02,PAY00598,D00598,1,866.35,0.11,771.05,659.85,111.2,3093,Pending
O00599,7/2/2020 0:00,C0586,P009,E140,B04,PAY00599,D00599,4,42.77,0.09,155.68,128.74,26.94,3990,Delivered
O00600,9/19/2020 0:00,C1103,P207,E082,B02,PAY00600,D00600,4,1225.55,0.05,4657.09,2871.86,1785.23,3482,Delivered
O00601,9/19/2021 0:00,C0574,P194,E026,B03,PAY00601,D00601,2,679.5,0.14,1168.74,791.85,376.89,1304,Pending
O00602,1/2/2021 0:00,C0327,P190,E091,B11,PAY00602,D00602,5,1472.67,0.05,6995.18,6164.76,830.42,2531,Cancelled
O00603,4/18/2024 0:00,C0419,P031,E086,B07,PAY00603,D00603,5,450.18,0.15,1913.27,1697.38,215.89,4508,Pending
O00604,2/12/2022 0:00,C0646,P226,E130,B05,PAY00604,D00604,5,914.48,0.19,3703.64,2927.94,775.7,3518,Delivered
O00605,8/20/2021 0:00,C0553,P087,E098,B05,PAY00605,D00605,3,1266.58,0.17,3153.78,2592.6,561.18,3236,Cancelled
O00606,12/2/2023 0:00,C1183,P272,E033,B05,PAY00606,D00606,4,27.9,0.05,106.02,90.83,15.19,1480,Pending
O00607,10/1/2022 0:00,C0378,P127,E037,B01,PAY00607,D00607,1,630.61,0.18,517.1,464.21,52.89,3565,Delivered
O00608,12/7/2025 0:00,C0957,P151,E084,B02,PAY00608,D00608,3,880.95,0.15,2246.42,1461.24,785.18,3060,Delivered
O00609,8/16/2025 0:00,C0586,P051,E100,B12,PAY00609,D00609,3,290.45,0.13,758.07,577.8,180.27,2355,Pending
O00610,9/29/2020 0:00,C0635,P078,E017,B02,PAY00610,D00610,1,474.12,0.13,412.48,357.54,54.94,3676,Cancelled
O00611,4/8/2023 0:00,C0740,P255,E045,B04,PAY00611,D00611,4,1329.29,0.1,4785.44,4202.8,582.64,2031,Pending
O00612,12/4/2023 0:00,C0824,P159,E089,B07,PAY00612,D00612,4,521.47,0.13,1814.72,1499.6,315.12,4726,Delivered
O00613,5/23/2024 0:00,C0510,P177,E150,B04,PAY00613,D00613,5,822.63,0.2,3290.52,2113.36,1177.16,2657,Delivered
O00614,4/3/2023 0:00,C1102,P079,E124,B01,PAY00614,D00614,2,37.37,0.02,73.25,62.77,10.48,3859,Cancelled
O00615,8/20/2025 0:00,C0658,P020,E149,B05,PAY00615,D00615,1,621.8,0.14,534.75,380.66,154.09,1063,Delivered
O00616,4/3/2021 0:00,C0636,P083,E059,B11,PAY00616,D00616,4,243.13,0.18,797.47,602.73,194.74,1319,Pending
O00617,8/29/2025 0:00,C0158,P297,E122,B12,PAY00617,D00617,5,266.02,0.14,1143.89,841.1,302.79,2843,Delivered
O00618,12/16/2020 0:00,C1057,P206,E117,B11,PAY00618,D00618,5,673.03,0.09,3062.29,2422.68,639.61,648,Delivered
O00619,7/6/2024 0:00,C0030,P216,E037,B15,PAY00619,D00619,3,285.28,0.14,736.02,493.48,242.54,4700,Cancelled
O00620,5/2/2020 0:00,C0374,P152,E112,B05,PAY00620,D00620,5,1165.89,0.09,5304.8,3596.72,1708.08,3370,Cancelled
O00621,4/20/2021 0:00,C0902,P124,E004,B12,PAY00621,D00621,5,102.29,0.11,455.19,339.19,116,4838,Cancelled
O00622,7/25/2021 0:00,C0942,P161,E084,B12,PAY00622,D00622,3,1393.86,0.14,3596.16,2773.29,822.87,2163,Cancelled
O00623,6/26/2022 0:00,C0501,P267,E087,B03,PAY00623,D00623,3,161.84,0.01,480.66,319.63,161.03,2451,Delivered
O00624,6/9/2021 0:00,C0551,P052,E045,B03,PAY00624,D00624,5,1489.87,0.17,6182.96,5394.89,788.07,3976,Cancelled
O00625,12/30/2022 0:00,C0422,P205,E012,B07,PAY00625,D00625,1,876.26,0.04,841.21,621.25,219.96,1870,Cancelled
O00626,6/5/2024 0:00,C0264,P227,E095,B12,PAY00626,D00626,3,1455.94,0.04,4193.11,3200.75,992.36,1372,Cancelled
O00627,5/8/2021 0:00,C0526,P021,E075,B14,PAY00627,D00627,5,46.53,0.12,204.73,148.44,56.29,3231,Cancelled
O00628,6/8/2020 0:00,C0575,P002,E148,B12,PAY00628,D00628,1,808.45,0.05,768.03,503.65,264.38,2610,Delivered
O00629,5/1/2022 0:00,C0700,P191,E002,B09,PAY00629,D00629,1,1184.13,0.2,947.3,756.43,190.87,4783,Cancelled
O00630,9/10/2022 0:00,C0184,P229,E126,B03,PAY00630,D00630,2,224.38,0.02,439.78,367.1,72.68,3945,Cancelled
O00631,2/5/2025 0:00,C0460,P008,E045,B04,PAY00631,D00631,5,540.65,0.13,2351.83,1622.61,729.22,2996,Delivered
O00632,9/8/2024 0:00,C0790,P096,E067,B01,PAY00632,D00632,3,420.07,0.06,1184.6,989.92,194.68,2514,Cancelled
O00633,3/21/2021 0:00,C0027,P006,E026,B12,PAY00633,D00633,5,856.52,0.17,3554.56,2747,807.56,621,Delivered
O00634,3/22/2023 0:00,C0709,P296,E112,B11,PAY00634,D00634,5,536.96,0.04,2577.41,2059.93,517.48,2141,Cancelled
O00635,8/26/2021 0:00,C0672,P197,E065,B13,PAY00635,D00635,2,739.61,0,1479.22,1065.35,413.87,2309,Cancelled
O00636,12/18/2025 0:00,C0866,P039,E108,B13,PAY00636,D00636,3,175.54,0.14,452.89,399.81,53.08,3030,Delivered
O00637,1/13/2023 0:00,C1136,P251,E094,B10,PAY00637,D00637,3,1240.81,0.19,3015.17,2599.51,415.66,3461,Pending
O00638,12/12/2021 0:00,C1060,P109,E092,B07,PAY00638,D00638,2,128.72,0.06,241.99,202.09,39.9,4493,Cancelled
O00639,10/13/2025 0:00,C0320,P226,E129,B12,PAY00639,D00639,3,957.39,0.04,2757.28,2453.99,303.29,991,Pending
O00640,12/19/2024 0:00,C0782,P272,E055,B12,PAY00640,D00640,5,1216.22,0.02,5959.48,4626.71,1332.77,2527,Delivered
O00641,2/28/2020 0:00,C0290,P156,E027,B02,PAY00641,D00641,1,1414.22,0.02,1385.94,1105.97,279.97,4457,Delivered
O00642,1/9/2020 0:00,C0517,P026,E083,B13,PAY00642,D00642,4,1213.09,0.11,4318.6,3499.04,819.56,1498,Pending
O00643,2/14/2020 0:00,C0327,P116,E050,B01,PAY00643,D00643,2,1497.05,0.06,2814.45,2145.56,668.89,2399,Pending
O00644,3/8/2022 0:00,C1044,P269,E030,B06,PAY00644,D00644,1,958.97,0.17,795.95,572.31,223.64,4603,Delivered
O00645,12/10/2022 0:00,C1134,P040,E150,B02,PAY00645,D00645,4,1182.23,0.13,4114.16,2639.83,1474.33,4180,Delivered
O00646,4/22/2024 0:00,C0580,P206,E070,B02,PAY00646,D00646,5,247.25,0.04,1186.8,1014.52,172.28,4237,Pending
O00647,6/28/2022 0:00,C1145,P054,E045,B01,PAY00647,D00647,3,670.23,0.1,1809.62,1170.46,639.16,1984,Pending
O00648,4/3/2020 0:00,C0680,P054,E010,B03,PAY00648,D00648,2,907.02,0.08,1668.92,1220.86,448.06,3806,Delivered
O00649,5/8/2020 0:00,C0605,P202,E054,B02,PAY00649,D00649,4,630.88,0.2,2018.82,1637.76,381.06,2704,Delivered
O00650,12/11/2023 0:00,C0290,P257,E032,B01,PAY00650,D00650,5,71.37,0.07,331.87,210.08,121.79,561,Delivered
O00651,11/8/2022 0:00,C1074,P080,E119,B13,PAY00651,D00651,5,750.9,0.15,3191.32,2418.39,772.93,2277,Cancelled
O00652,7/21/2020 0:00,C0624,P174,E024,B08,PAY00652,D00652,2,528.97,0.02,1036.78,708.67,328.11,4459,Cancelled
O00653,1/10/2022 0:00,C1141,P122,E130,B07,PAY00653,D00653,1,209.48,0.05,199.01,171.4,27.61,1801,Cancelled
O00654,11/1/2021 0:00,C0477,P087,E098,B12,PAY00654,D00654,3,544.08,0.12,1436.37,1123.54,312.83,2755,Delivered
O00655,10/20/2023 0:00,C0264,P206,E005,B08,PAY00655,D00655,1,485.98,0.13,422.8,291.38,131.42,2765,Cancelled
O00656,5/20/2023 0:00,C0800,P261,E028,B05,PAY00656,D00656,3,834.83,0.18,2053.68,1414.73,638.95,572,Delivered
O00657,8/29/2021 0:00,C0795,P226,E150,B02,PAY00657,D00657,5,1011.1,0.09,4600.51,2867.4,1733.11,3392,Pending
O00658,4/20/2023 0:00,C0788,P167,E030,B12,PAY00658,D00658,5,609.74,0.07,2835.29,1764.18,1071.11,4321,Pending
O00659,5/9/2022 0:00,C0173,P239,E066,B11,PAY00659,D00659,1,774.01,0,774.01,498.41,275.6,634,Cancelled
O00660,1/25/2025 0:00,C0397,P265,E061,B03,PAY00660,D00660,4,825.32,0.03,3202.24,2668.68,533.56,1032,Pending
O00661,12/17/2020 0:00,C0706,P059,E070,B11,PAY00661,D00661,5,224.94,0.01,1113.45,941.21,172.24,2675,Delivered
O00662,3/17/2021 0:00,C0261,P050,E147,B15,PAY00662,D00662,5,418.98,0.06,1969.21,1290.55,678.66,1212,Pending
O00663,12/19/2021 0:00,C0015,P129,E040,B05,PAY00663,D00663,2,602.58,0.16,1012.33,651.01,361.32,2718,Cancelled
O00664,1/27/2021 0:00,C0828,P300,E023,B11,PAY00664,D00664,2,881.35,0.14,1515.92,1115.98,399.94,3506,Delivered
O00665,4/27/2021 0:00,C0412,P172,E101,B03,PAY00665,D00665,5,621.88,0.08,2860.65,1924.09,936.56,2388,Cancelled
O00666,12/13/2023 0:00,C0769,P268,E132,B07,PAY00666,D00666,4,1126.07,0.05,4279.07,2968.84,1310.23,4973,Cancelled
O00667,3/17/2021 0:00,C0760,P015,E122,B09,PAY00667,D00667,5,179.47,0.09,816.59,650.8,165.79,3571,Cancelled
O00668,1/29/2023 0:00,C0379,P133,E035,B12,PAY00668,D00668,5,852.84,0.1,3837.78,2314.02,1523.76,3345,Pending
O00669,5/25/2022 0:00,C1047,P204,E121,B03,PAY00669,D00669,1,484.98,0.02,475.28,338.17,137.11,1174,Cancelled
O00670,6/3/2021 0:00,C0258,P131,E042,B07,PAY00670,D00670,5,462.54,0.02,2266.45,1697.97,568.48,508,Cancelled
O00671,9/12/2023 0:00,C0635,P071,E128,B05,PAY00671,D00671,4,614.44,0.1,2211.98,1499.09,712.89,2710,Cancelled
O00672,5/21/2023 0:00,C0313,P259,E075,B08,PAY00672,D00672,2,597.9,0.16,1004.47,665.42,339.05,1246,Pending
O00673,8/10/2023 0:00,C1156,P125,E104,B14,PAY00673,D00673,4,92.06,0.16,309.32,208.13,101.19,3234,Pending
O00674,3/9/2020 0:00,C1175,P115,E129,B11,PAY00674,D00674,5,80.9,0.14,347.87,271.96,75.91,3979,Delivered
O00675,9/9/2021 0:00,C0444,P071,E024,B03,PAY00675,D00675,1,443.11,0.1,398.8,315.68,83.12,3792,Delivered
O00676,7/30/2024 0:00,C0885,P217,E095,B03,PAY00676,D00676,1,635.24,0.05,603.48,535.23,68.25,1588,Pending
O00677,9/29/2024 0:00,C1108,P003,E034,B04,PAY00677,D00677,3,1222.21,0,3666.63,2256.48,1410.15,4114,Delivered
O00678,11/11/2021 0:00,C0836,P200,E033,B01,PAY00678,D00678,3,650.89,0.09,1776.93,1397.88,379.05,2326,Pending
O00679,9/2/2021 0:00,C0197,P105,E095,B14,PAY00679,D00679,5,916.52,0.01,4536.77,2914.54,1622.23,881,Delivered
O00680,12/15/2022 0:00,C0170,P298,E087,B02,PAY00680,D00680,4,746.53,0.16,2508.34,2101.6,406.74,2636,Pending
O00681,5/31/2024 0:00,C0632,P032,E058,B03,PAY00681,D00681,5,1155.23,0.15,4909.73,4146.46,763.27,4725,Delivered
O00682,9/6/2021 0:00,C0236,P024,E073,B06,PAY00682,D00682,2,118.54,0.09,215.74,187.62,28.12,2706,Delivered
O00683,9/21/2025 0:00,C0428,P114,E056,B12,PAY00683,D00683,1,1285.94,0.14,1105.91,763.21,342.7,4437,Pending
O00684,1/6/2021 0:00,C0640,P046,E101,B15,PAY00684,D00684,4,682.26,0.04,2619.88,1781.08,838.8,4170,Cancelled
O00685,7/30/2025 0:00,C1151,P281,E007,B14,PAY00685,D00685,4,124.63,0.05,473.59,300.11,173.48,2172,Pending
O00686,3/27/2022 0:00,C0720,P205,E076,B02,PAY00686,D00686,1,1442.94,0.01,1428.51,868,560.51,1201,Delivered
O00687,10/26/2021 0:00,C0183,P032,E086,B01,PAY00687,D00687,4,526.94,0.16,1770.52,1514.3,256.22,4616,Cancelled
O00688,6/24/2025 0:00,C0279,P088,E100,B03,PAY00688,D00688,1,1139.61,0.05,1082.63,853.73,228.9,4663,Delivered
O00689,4/30/2022 0:00,C0346,P163,E014,B11,PAY00689,D00689,2,364.83,0.02,715.07,624.21,90.86,4924,Delivered
O00690,1/6/2022 0:00,C0576,P181,E103,B02,PAY00690,D00690,5,606.44,0.11,2698.66,2005.83,692.83,4421,Pending
O00691,11/12/2021 0:00,C0863,P014,E089,B08,PAY00691,D00691,5,290.09,0.16,1218.38,954.04,264.34,1585,Cancelled
O00692,3/10/2023 0:00,C0073,P097,E096,B04,PAY00692,D00692,1,685.96,0.13,596.79,515.46,81.33,735,Pending
O00693,11/2/2023 0:00,C0697,P094,E146,B11,PAY00693,D00693,1,695.58,0.16,584.29,407.81,176.48,4132,Delivered
O00694,6/30/2021 0:00,C1135,P209,E078,B13,PAY00694,D00694,3,260.93,0.01,774.96,670.99,103.97,2834,Delivered
O00695,7/10/2022 0:00,C0737,P175,E055,B06,PAY00695,D00695,5,827.1,0.18,3391.11,2883.97,507.14,3208,Delivered
O00696,1/14/2024 0:00,C0293,P024,E058,B05,PAY00696,D00696,2,1257.27,0.2,2011.63,1549.09,462.54,672,Cancelled
O00697,9/3/2025 0:00,C0668,P262,E112,B03,PAY00697,D00697,2,1380.87,0.03,2678.89,2183.39,495.5,2976,Delivered
O00698,8/12/2022 0:00,C0064,P227,E090,B11,PAY00698,D00698,3,472.26,0.13,1232.6,900.86,331.74,4382,Delivered
O00699,10/6/2023 0:00,C0400,P227,E060,B04,PAY00699,D00699,3,74.02,0.07,206.52,179.78,26.74,769,Pending
O00700,10/30/2022 0:00,C0905,P211,E126,B06,PAY00700,D00700,5,699.94,0.04,3359.71,2305.32,1054.39,3815,Delivered
O00701,6/8/2023 0:00,C0845,P193,E103,B05,PAY00701,D00701,5,1227.54,0.13,5339.8,3607.6,1732.2,2084,Pending
O00702,11/7/2021 0:00,C0052,P074,E127,B05,PAY00702,D00702,1,1067.13,0.14,917.73,691.17,226.56,2338,Delivered
O00703,10/11/2023 0:00,C0578,P066,E001,B11,PAY00703,D00703,3,1034.8,0.02,3042.31,2731.99,310.32,4514,Pending
O00704,9/24/2022 0:00,C0744,P273,E059,B01,PAY00704,D00704,5,1357.71,0,6788.55,5198.09,1590.46,1678,Pending
O00705,7/5/2020 0:00,C0018,P021,E096,B14,PAY00705,D00705,1,1338.75,0.02,1311.97,853.56,458.41,3445,Cancelled
O00706,3/15/2025 0:00,C0002,P072,E104,B11,PAY00706,D00706,1,1156.54,0.06,1087.15,971.26,115.89,3050,Pending
O00707,1/7/2021 0:00,C0812,P184,E147,B07,PAY00707,D00707,3,375.82,0.1,1014.71,620.02,394.69,2781,Cancelled
O00708,6/1/2020 0:00,C0522,P128,E031,B11,PAY00708,D00708,1,1109.46,0.07,1031.8,633.92,397.88,3326,Delivered
O00709,12/22/2020 0:00,C0197,P088,E050,B09,PAY00709,D00709,1,1035.33,0.07,962.86,727.77,235.09,3575,Cancelled
O00710,9/17/2025 0:00,C0239,P160,E070,B10,PAY00710,D00710,1,1244.8,0.17,1033.18,862.77,170.41,4789,Delivered
O00711,10/1/2023 0:00,C0150,P123,E022,B13,PAY00711,D00711,5,971.87,0.01,4810.76,4071.39,739.37,3488,Pending
O00712,9/17/2024 0:00,C0559,P179,E088,B04,PAY00712,D00712,2,699.08,0.17,1160.47,721.55,438.92,2128,Delivered
O00713,4/11/2025 0:00,C0306,P239,E109,B01,PAY00713,D00713,3,1003.79,0.07,2800.57,2420.2,380.37,2370,Pending
O00714,4/17/2021 0:00,C1071,P182,E093,B04,PAY00714,D00714,5,429.54,0.06,2018.84,1452.84,566,814,Cancelled
O00715,10/2/2022 0:00,C0276,P182,E079,B15,PAY00715,D00715,5,258.16,0.17,1071.36,892.24,179.12,3017,Cancelled
O00716,12/15/2021 0:00,C1143,P106,E038,B14,PAY00716,D00716,2,1093.8,0.1,1968.84,1400.76,568.08,765,Cancelled
O00717,7/14/2022 0:00,C0159,P241,E112,B11,PAY00717,D00717,4,1332.51,0.17,4423.93,3144.08,1279.85,1879,Cancelled
O00718,7/3/2021 0:00,C0656,P300,E050,B11,PAY00718,D00718,2,1382.81,0.15,2350.78,2109.17,241.61,3629,Delivered
O00719,9/11/2022 0:00,C1131,P190,E042,B12,PAY00719,D00719,5,1135.68,0.2,4542.72,3604.26,938.46,3733,Pending
O00720,8/11/2025 0:00,C0215,P077,E003,B14,PAY00720,D00720,2,45.86,0.01,90.8,64.12,26.68,766,Delivered
O00721,8/16/2021 0:00,C0881,P271,E055,B06,PAY00721,D00721,2,969.97,0.13,1687.75,1052.73,635.02,4939,Pending
O00722,10/27/2024 0:00,C1139,P216,E149,B05,PAY00722,D00722,5,912.9,0.19,3697.25,2572.49,1124.76,4594,Pending
O00723,1/24/2021 0:00,C0964,P117,E059,B02,PAY00723,D00723,2,131.53,0.13,228.86,158.31,70.55,4441,Pending
O00724,3/5/2025 0:00,C0392,P111,E129,B05,PAY00724,D00724,2,1416.06,0.17,2350.66,1585.51,765.15,4835,Pending
O00725,7/22/2020 0:00,C0888,P164,E116,B06,PAY00725,D00725,2,758.16,0.16,1273.71,831.2,442.51,2087,Delivered
O00726,11/21/2022 0:00,C0271,P292,E045,B13,PAY00726,D00726,4,474.95,0.06,1785.81,1126.79,659.02,3643,Cancelled
O00727,6/9/2020 0:00,C0170,P226,E104,B07,PAY00727,D00727,5,751.26,0.06,3530.92,2440.54,1090.38,2891,Pending
O00728,12/16/2021 0:00,C0436,P096,E143,B10,PAY00728,D00728,3,1089.85,0.17,2713.73,2213.91,499.82,3254,Cancelled
O00729,9/15/2021 0:00,C0077,P107,E072,B14,PAY00729,D00729,3,1110.56,0.12,2931.88,2287.79,644.09,2589,Pending
O00730,11/14/2021 0:00,C0085,P261,E080,B09,PAY00730,D00730,4,1098.66,0.16,3691.5,2413.18,1278.32,2204,Delivered
O00731,7/4/2024 0:00,C0619,P088,E079,B05,PAY00731,D00731,3,1105.45,0.02,3250.02,2796.24,453.78,535,Pending
O00732,4/24/2022 0:00,C0193,P096,E033,B15,PAY00732,D00732,4,1159.85,0.11,4129.07,3322.63,806.44,4979,Pending
O00733,3/16/2023 0:00,C0524,P289,E033,B03,PAY00733,D00733,1,1214.26,0.06,1141.4,877.92,263.48,799,Pending
O00734,7/3/2025 0:00,C0471,P080,E003,B03,PAY00734,D00734,1,442.5,0.17,367.27,261.54,105.73,727,Pending
O00735,12/18/2024 0:00,C0643,P103,E112,B04,PAY00735,D00735,3,35.44,0.1,95.69,80.23,15.46,780,Cancelled
O00736,3/17/2021 0:00,C0473,P102,E111,B03,PAY00736,D00736,3,827.65,0.02,2433.29,1809.2,624.09,4470,Delivered
O00737,3/30/2021 0:00,C0857,P222,E037,B03,PAY00737,D00737,1,776.71,0.1,699.04,457.59,241.45,2483,Pending
O00738,11/4/2021 0:00,C0581,P228,E023,B09,PAY00738,D00738,3,1419.64,0.18,3492.31,3140.82,351.49,4524,Pending
O00739,10/22/2023 0:00,C1085,P183,E114,B02,PAY00739,D00739,4,189.52,0.05,720.18,592.6,127.58,1948,Pending
O00740,3/9/2020 0:00,C0942,P240,E139,B06,PAY00740,D00740,5,461.06,0.16,1936.45,1382.06,554.39,2249,Pending
O00741,1/30/2025 0:00,C0016,P292,E059,B08,PAY00741,D00741,4,218.83,0.02,857.81,561.84,295.97,3650,Cancelled
O00742,11/18/2024 0:00,C0826,P094,E105,B11,PAY00742,D00742,1,1035.66,0.2,828.53,735.4,93.13,1237,Pending
O00743,3/11/2020 0:00,C0057,P213,E049,B07,PAY00743,D00743,1,437.04,0.05,415.19,290.48,124.71,2794,Delivered
O00744,9/15/2022 0:00,C0014,P175,E014,B06,PAY00744,D00744,2,119.57,0.2,191.31,142.96,48.35,1084,Pending
O00745,5/26/2021 0:00,C0027,P177,E139,B02,PAY00745,D00745,5,1386.25,0.15,5891.56,5017.44,874.12,2368,Delivered
O00746,11/22/2020 0:00,C0677,P052,E018,B08,PAY00746,D00746,3,527.71,0.05,1503.97,1215.88,288.09,2533,Pending
O00747,5/21/2024 0:00,C0341,P153,E062,B13,PAY00747,D00747,3,169.18,0.05,482.16,315.67,166.49,1138,Pending
O00748,1/14/2024 0:00,C0238,P242,E015,B09,PAY00748,D00748,2,732.33,0.18,1201.02,936.2,264.82,1953,Pending
O00749,3/8/2023 0:00,C0975,P218,E118,B12,PAY00749,D00749,1,783.1,0.09,712.62,566.59,146.03,730,Delivered
O00750,6/24/2025 0:00,C0478,P243,E102,B14,PAY00750,D00750,3,463.46,0.03,1348.67,1101.92,246.75,3326,Pending
O00751,2/12/2020 0:00,C0811,P054,E099,B13,PAY00751,D00751,1,896.69,0.17,744.25,653.47,90.78,4494,Pending
O00752,12/26/2020 0:00,C0751,P177,E066,B14,PAY00752,D00752,5,1496.12,0.19,6059.29,4936.7,1122.59,4557,Delivered
O00753,8/24/2020 0:00,C0126,P027,E079,B02,PAY00753,D00753,1,1084.33,0.1,975.9,788.2,187.7,2429,Cancelled
O00754,6/23/2022 0:00,C0928,P193,E113,B09,PAY00754,D00754,1,853.97,0.2,683.18,415.28,267.9,1629,Cancelled
O00755,6/30/2024 0:00,C0974,P299,E024,B10,PAY00755,D00755,4,956.11,0.04,3671.46,2289.47,1381.99,4804,Delivered
O00756,10/2/2023 0:00,C0058,P232,E020,B13,PAY00756,D00756,5,708.03,0.12,3115.33,2700.06,415.27,4589,Pending
O00757,11/3/2025 0:00,C0114,P292,E059,B10,PAY00757,D00757,5,1117.51,0.09,5084.67,3765.08,1319.59,575,Cancelled
O00758,4/17/2020 0:00,C0684,P111,E062,B10,PAY00758,D00758,3,1398.34,0.02,4111.12,2739.15,1371.97,2596,Cancelled
O00759,1/23/2021 0:00,C1066,P286,E021,B09,PAY00759,D00759,1,1094.24,0.04,1050.47,745.98,304.49,1206,Cancelled
O00760,2/23/2022 0:00,C0759,P168,E046,B11,PAY00760,D00760,1,1106.39,0.02,1084.26,949.19,135.07,1119,Cancelled
O00761,7/26/2024 0:00,C0237,P227,E076,B06,PAY00761,D00761,3,535.42,0.01,1590.2,1400.39,189.81,1753,Delivered
O00762,5/4/2024 0:00,C0631,P165,E067,B15,PAY00762,D00762,5,256.62,0.1,1154.79,761.09,393.7,3985,Pending
O00763,11/24/2021 0:00,C0809,P038,E076,B07,PAY00763,D00763,1,1169.5,0.15,994.07,775.21,218.86,2694,Cancelled
O00764,11/2/2021 0:00,C0185,P291,E013,B01,PAY00764,D00764,4,570.71,0.03,2214.35,1396.38,817.97,3137,Delivered
O00765,5/5/2023 0:00,C0230,P178,E132,B08,PAY00765,D00765,2,328.26,0.18,538.35,424.83,113.52,540,Pending
O00766,6/6/2021 0:00,C1063,P177,E059,B11,PAY00766,D00766,2,452.07,0.11,804.68,584.84,219.84,627,Delivered
O00767,3/23/2022 0:00,C0119,P205,E140,B07,PAY00767,D00767,1,270.02,0.02,264.62,176.95,87.67,2804,Cancelled
O00768,9/5/2025 0:00,C0081,P115,E086,B12,PAY00768,D00768,1,1236.98,0.2,989.58,707.15,282.43,533,Delivered
O00769,10/17/2024 0:00,C0095,P089,E109,B03,PAY00769,D00769,3,598.4,0.2,1436.16,1225.65,210.51,1248,Cancelled
O00770,6/4/2023 0:00,C0286,P107,E017,B07,PAY00770,D00770,2,1125.29,0.06,2115.55,1644.37,471.18,3893,Cancelled
O00771,3/1/2021 0:00,C0589,P209,E002,B15,PAY00771,D00771,3,748.86,0.16,1887.13,1351.61,535.52,2465,Cancelled
O00772,4/14/2025 0:00,C0820,P193,E114,B11,PAY00772,D00772,1,1468.5,0.1,1321.65,1154.17,167.48,4916,Cancelled
O00773,3/20/2020 0:00,C0760,P211,E034,B15,PAY00773,D00773,5,1386.82,0.03,6726.08,4855.04,1871.04,521,Pending
O00774,1/5/2021 0:00,C1123,P166,E078,B07,PAY00774,D00774,5,164.46,0.09,748.29,667.16,81.13,1857,Delivered
O00775,7/17/2024 0:00,C0139,P249,E068,B11,PAY00775,D00775,4,315.58,0.06,1186.58,903.01,283.57,764,Cancelled
O00776,5/8/2024 0:00,C0314,P003,E040,B08,PAY00776,D00776,1,517.73,0.08,476.31,353.91,122.4,3016,Delivered
O00777,4/6/2021 0:00,C0539,P212,E041,B15,PAY00777,D00777,1,255.07,0.09,232.11,160.34,71.77,2750,Delivered
O00778,10/15/2023 0:00,C0348,P019,E147,B06,PAY00778,D00778,5,298.98,0.04,1435.1,972.56,462.54,3641,Pending
O00779,2/11/2025 0:00,C0687,P003,E094,B12,PAY00779,D00779,5,354.83,0.07,1649.96,1109.79,540.17,3328,Delivered
O00780,11/10/2020 0:00,C0590,P131,E016,B08,PAY00780,D00780,3,297.47,0.14,767.47,622.13,145.34,3934,Pending
O00781,6/5/2024 0:00,C0124,P297,E146,B13,PAY00781,D00781,5,1082.14,0.09,4923.74,3895.58,1028.16,2691,Cancelled
O00782,8/5/2025 0:00,C0102,P246,E133,B13,PAY00782,D00782,3,162.96,0,488.88,355.46,133.42,3078,Delivered
O00783,8/12/2024 0:00,C0196,P256,E042,B15,PAY00783,D00783,4,974.12,0.19,3156.15,1940.59,1215.56,4721,Cancelled
O00784,9/11/2021 0:00,C0810,P101,E139,B12,PAY00784,D00784,3,105.61,0.11,281.98,207.93,74.05,1660,Pending
O00785,11/26/2022 0:00,C0319,P169,E103,B04,PAY00785,D00785,2,1437.25,0.19,2328.35,2012.89,315.46,2403,Pending
O00786,11/11/2024 0:00,C0028,P028,E027,B15,PAY00786,D00786,5,1371.79,0.16,5761.52,4238.33,1523.19,777,Delivered
O00787,1/16/2021 0:00,C0054,P207,E038,B07,PAY00787,D00787,4,185.14,0.13,644.29,508.95,135.34,3195,Pending
O00788,2/26/2021 0:00,C0386,P195,E058,B09,PAY00788,D00788,1,506.26,0.16,425.26,311.06,114.2,3560,Cancelled
O00789,2/23/2020 0:00,C0683,P102,E060,B07,PAY00789,D00789,3,704.34,0,2113.02,1428.16,684.86,2568,Delivered
O00790,2/1/2024 0:00,C0919,P218,E134,B01,PAY00790,D00790,3,1356.98,0.19,3297.46,2236.79,1060.67,3837,Delivered
O00791,11/18/2024 0:00,C0489,P232,E068,B10,PAY00791,D00791,1,305.93,0.03,296.75,213.42,83.33,1765,Pending
O00792,7/28/2023 0:00,C0784,P034,E123,B09,PAY00792,D00792,5,1364.27,0.18,5593.51,3452.56,2140.95,3554,Delivered
O00793,11/8/2023 0:00,C0461,P286,E055,B15,PAY00793,D00793,1,1220.72,0.14,1049.82,705.7,344.12,768,Delivered
O00794,11/8/2021 0:00,C0237,P017,E053,B03,PAY00794,D00794,4,133.45,0.1,480.42,352.33,128.09,3479,Cancelled
O00795,5/27/2024 0:00,C0639,P189,E047,B14,PAY00795,D00795,5,1103.84,0.06,5188.05,3277.11,1910.94,4518,Cancelled
O00796,12/14/2021 0:00,C0178,P221,E136,B07,PAY00796,D00796,2,983.41,0.1,1770.14,1099.74,670.4,4302,Delivered
O00797,4/9/2024 0:00,C0141,P127,E029,B15,PAY00797,D00797,4,1295.76,0.19,4198.26,2703.44,1494.82,1682,Cancelled
O00798,7/18/2025 0:00,C1021,P078,E130,B05,PAY00798,D00798,1,957.51,0.19,775.58,673.41,102.17,1375,Delivered
O00799,2/12/2021 0:00,C0763,P245,E109,B13,PAY00799,D00799,4,1054.07,0.02,4131.95,3220.76,911.19,3011,Cancelled
O00800,9/7/2024 0:00,C0016,P005,E020,B06,PAY00800,D00800,3,183.21,0.05,522.15,359.56,162.59,4505,Pending
O00801,5/16/2024 0:00,C0355,P181,E035,B08,PAY00801,D00801,1,653.52,0.1,588.17,461.5,126.67,3084,Cancelled
O00802,11/14/2023 0:00,C1113,P207,E055,B13,PAY00802,D00802,3,458.82,0.17,1142.46,772.69,369.77,1076,Cancelled
O00803,3/27/2024 0:00,C0070,P211,E122,B11,PAY00803,D00803,5,679.75,0.1,3058.88,2020.94,1037.94,2309,Cancelled
O00804,2/5/2025 0:00,C1077,P025,E015,B13,PAY00804,D00804,5,656.44,0.03,3183.73,2400.69,783.04,2640,Cancelled
O00805,2/8/2024 0:00,C0756,P019,E088,B07,PAY00805,D00805,4,1269.5,0.15,4316.3,2985.83,1330.47,4434,Pending
O00806,5/7/2024 0:00,C0676,P089,E132,B10,PAY00806,D00806,1,946.45,0.14,813.95,615.96,197.99,2491,Pending
O00807,10/13/2025 0:00,C0480,P062,E038,B13,PAY00807,D00807,3,53.41,0.1,144.21,97.67,46.54,2212,Cancelled
O00808,7/10/2021 0:00,C0542,P039,E004,B05,PAY00808,D00808,2,840.12,0.08,1545.82,957.79,588.03,1817,Cancelled
O00809,12/24/2022 0:00,C0339,P029,E006,B06,PAY00809,D00809,1,1094.88,0.16,919.7,807.69,112.01,4855,Pending
O00810,9/21/2022 0:00,C0164,P194,E109,B08,PAY00810,D00810,1,1158.54,0.19,938.42,772.94,165.48,1198,Pending
O00811,3/31/2024 0:00,C1154,P006,E001,B10,PAY00811,D00811,1,798.14,0.19,646.49,442.63,203.86,2162,Pending
O00812,10/6/2020 0:00,C0583,P138,E036,B14,PAY00812,D00812,3,695.77,0.09,1899.45,1466.5,432.95,4460,Cancelled
O00813,11/3/2021 0:00,C0525,P210,E038,B09,PAY00813,D00813,3,915.82,0.07,2555.14,1741.8,813.34,3766,Delivered
O00814,12/17/2024 0:00,C0197,P147,E022,B09,PAY00814,D00814,3,536.12,0.19,1302.77,955.72,347.05,3910,Cancelled
O00815,4/19/2023 0:00,C0710,P224,E099,B06,PAY00815,D00815,4,1010.7,0.18,3315.1,2087.34,1227.76,1238,Pending
O00816,9/21/2023 0:00,C0642,P109,E102,B06,PAY00816,D00816,3,788.62,0.16,1987.32,1494.6,492.72,2104,Pending
O00817,3/3/2022 0:00,C0440,P040,E119,B03,PAY00817,D00817,5,1306.55,0.18,5356.86,4799.13,557.73,2759,Pending
O00818,1/11/2025 0:00,C0102,P097,E039,B11,PAY00818,D00818,1,315.15,0.03,305.7,228.13,77.57,2216,Pending
O00819,11/5/2022 0:00,C0804,P107,E114,B10,PAY00819,D00819,3,865.88,0.16,2182.02,1960.66,221.36,1530,Pending
O00820,6/28/2025 0:00,C0556,P231,E005,B09,PAY00820,D00820,5,1058.71,0.06,4975.94,3434.33,1541.61,1966,Delivered
O00821,12/31/2024 0:00,C0780,P179,E097,B14,PAY00821,D00821,2,1223.19,0.1,2201.74,1361.45,840.29,2049,Pending
O00822,9/18/2020 0:00,C1071,P286,E012,B13,PAY00822,D00822,5,1485.05,0.01,7351,6284.94,1066.06,2285,Cancelled
O00823,8/31/2020 0:00,C0227,P259,E021,B10,PAY00823,D00823,1,844.63,0,844.63,649.11,195.52,1099,Cancelled
O00824,12/10/2023 0:00,C0951,P287,E009,B10,PAY00824,D00824,3,1074.84,0.16,2708.6,1949.78,758.82,2549,Pending
O00825,2/25/2025 0:00,C0765,P267,E003,B08,PAY00825,D00825,2,409.23,0.19,662.95,448.52,214.43,4356,Delivered
O00826,4/16/2025 0:00,C0121,P272,E077,B10,PAY00826,D00826,1,435.15,0.08,400.34,267.07,133.27,3213,Delivered
O00827,7/18/2020 0:00,C0578,P218,E037,B05,PAY00827,D00827,1,955.07,0.1,859.56,654.41,205.15,3447,Delivered
O00828,3/25/2020 0:00,C0872,P229,E091,B14,PAY00828,D00828,4,897.34,0.01,3553.47,3168.17,385.3,1056,Cancelled
O00829,9/22/2022 0:00,C0114,P060,E089,B12,PAY00829,D00829,3,1499.63,0.01,4453.9,3938.94,514.96,4184,Delivered
O00830,1/17/2022 0:00,C0924,P132,E029,B06,PAY00830,D00830,2,891.68,0.12,1569.36,1176.2,393.16,4813,Pending
O00831,11/24/2021 0:00,C0522,P292,E068,B10,PAY00831,D00831,3,290.64,0.15,741.13,498.51,242.62,4213,Cancelled
O00832,11/9/2025 0:00,C0580,P211,E048,B10,PAY00832,D00832,2,552.22,0.13,960.86,712.51,248.35,3731,Pending
O00833,12/26/2021 0:00,C0697,P104,E129,B05,PAY00833,D00833,3,834.26,0.11,2227.47,1975.89,251.58,2894,Pending
O00834,5/4/2020 0:00,C0568,P059,E143,B09,PAY00834,D00834,4,76.38,0.13,265.8,194.84,70.96,2488,Delivered
O00835,7/22/2022 0:00,C0258,P022,E128,B03,PAY00835,D00835,3,1204.93,0.03,3506.35,2592.86,913.49,4863,Pending
O00836,1/21/2021 0:00,C0699,P096,E009,B13,PAY00836,D00836,5,274.07,0.19,1109.98,896.51,213.47,1558,Delivered
O00837,11/1/2025 0:00,C0702,P121,E150,B07,PAY00837,D00837,4,279.9,0.07,1041.23,661.43,379.8,4611,Delivered
O00838,3/3/2022 0:00,C0410,P064,E094,B07,PAY00838,D00838,5,835.32,0.08,3842.47,2743.82,1098.65,1317,Delivered
O00839,2/23/2023 0:00,C0611,P057,E047,B06,PAY00839,D00839,1,1315.59,0.06,1236.65,757.61,479.04,2701,Pending
O00840,1/26/2024 0:00,C0804,P114,E119,B07,PAY00840,D00840,5,917.33,0.06,4311.45,2717.77,1593.68,3892,Cancelled
O00841,11/18/2020 0:00,C0604,P127,E040,B15,PAY00841,D00841,2,64.25,0.05,122.07,95.46,26.61,1076,Delivered
O00842,9/20/2025 0:00,C0988,P291,E077,B04,PAY00842,D00842,4,661.73,0.12,2329.29,1839.12,490.17,4255,Delivered
O00843,2/3/2024 0:00,C0599,P282,E111,B08,PAY00843,D00843,3,147.25,0.17,366.65,260.2,106.45,4893,Cancelled
O00844,9/20/2024 0:00,C0426,P155,E079,B06,PAY00844,D00844,1,840.71,0.01,832.3,728.58,103.72,3401,Pending
O00845,4/8/2023 0:00,C0196,P215,E067,B07,PAY00845,D00845,1,677.51,0.2,542.01,353.03,188.98,3880,Delivered
O00846,6/16/2024 0:00,C0500,P152,E101,B13,PAY00846,D00846,4,359.56,0.04,1380.71,1066.07,314.64,758,Cancelled
O00847,8/18/2025 0:00,C0316,P099,E041,B06,PAY00847,D00847,2,430.65,0.06,809.62,707.12,102.5,3559,Delivered
O00848,8/4/2021 0:00,C0869,P203,E088,B08,PAY00848,D00848,4,321.95,0.01,1274.92,988.86,286.06,1170,Cancelled
O00849,10/24/2022 0:00,C0623,P209,E010,B11,PAY00849,D00849,1,104.55,0.09,95.14,79.87,15.27,2391,Pending
O00850,11/18/2023 0:00,C0166,P102,E055,B06,PAY00850,D00850,4,974.94,0.16,3275.8,2390.89,884.91,3476,Pending
O00851,2/2/2020 0:00,C0847,P282,E029,B15,PAY00851,D00851,2,507.38,0.06,953.87,638.77,315.1,591,Delivered
O00852,10/26/2024 0:00,C0948,P048,E104,B07,PAY00852,D00852,2,1070.22,0.07,1990.61,1362.34,628.27,2307,Pending
O00853,11/14/2022 0:00,C0336,P211,E080,B10,PAY00853,D00853,5,52.2,0.1,234.9,191.26,43.64,3081,Delivered
O00854,3/20/2021 0:00,C0935,P037,E096,B15,PAY00854,D00854,4,133.77,0.12,470.87,355.9,114.97,4465,Pending
O00855,11/10/2025 0:00,C0996,P143,E132,B02,PAY00855,D00855,3,1391.23,0.1,3756.32,3289.14,467.18,4138,Delivered
O00856,10/18/2025 0:00,C1080,P013,E127,B01,PAY00856,D00856,3,132.89,0,398.67,329.04,69.63,1226,Pending
O00857,12/19/2021 0:00,C0185,P258,E043,B10,PAY00857,D00857,1,831.02,0.16,698.06,602.61,95.45,4583,Delivered
O00858,10/16/2024 0:00,C1170,P147,E056,B06,PAY00858,D00858,4,971.6,0.15,3303.44,2412.67,890.77,4675,Delivered
O00859,7/24/2024 0:00,C0572,P093,E017,B13,PAY00859,D00859,5,132.84,0.01,657.56,547.44,110.12,3382,Cancelled
O00860,1/14/2025 0:00,C0152,P156,E005,B12,PAY00860,D00860,4,1393.87,0.07,5185.2,3136.85,2048.35,3010,Cancelled
O00861,12/16/2021 0:00,C0934,P163,E033,B11,PAY00861,D00861,1,1037.65,0.12,913.13,676.08,237.05,1573,Pending
O00862,7/20/2023 0:00,C0629,P010,E111,B11,PAY00862,D00862,3,770.78,0.19,1873,1424.75,448.25,1331,Delivered
O00863,6/23/2025 0:00,C0960,P059,E142,B07,PAY00863,D00863,5,230.63,0.17,957.11,791.37,165.74,4969,Cancelled
O00864,7/14/2020 0:00,C0142,P052,E036,B12,PAY00864,D00864,2,1488.04,0.08,2737.99,2432.96,305.03,2517,Pending
O00865,2/12/2025 0:00,C0858,P065,E109,B05,PAY00865,D00865,5,1220.48,0.1,5492.16,3869.2,1622.96,3961,Delivered
O00866,8/21/2024 0:00,C0343,P166,E103,B04,PAY00866,D00866,2,119.04,0.18,195.23,117.47,77.76,1749,Pending
O00867,9/18/2021 0:00,C0626,P296,E093,B12,PAY00867,D00867,3,872.35,0.13,2276.83,1546.93,729.9,583,Cancelled
O00868,3/23/2020 0:00,C1162,P188,E084,B10,PAY00868,D00868,4,36.66,0.11,130.51,103.21,27.3,935,Cancelled
O00869,8/25/2020 0:00,C1153,P297,E133,B09,PAY00869,D00869,5,625.94,0.02,3067.11,2600.92,466.19,3707,Pending
O00870,6/7/2025 0:00,C0070,P106,E009,B04,PAY00870,D00870,2,660.24,0.1,1188.43,737.98,450.45,2045,Cancelled
O00871,10/25/2023 0:00,C0203,P126,E084,B10,PAY00871,D00871,4,1028.64,0.11,3661.96,2240.8,1421.16,1274,Cancelled
O00872,8/14/2020 0:00,C0695,P155,E142,B15,PAY00872,D00872,4,664.57,0.06,2498.78,1699.15,799.63,2472,Delivered
O00873,3/23/2024 0:00,C0482,P130,E116,B01,PAY00873,D00873,1,1223.74,0.18,1003.47,659.81,343.66,1712,Cancelled
O00874,11/26/2022 0:00,C0122,P291,E082,B12,PAY00874,D00874,5,465.55,0.06,2188.09,1431.88,756.21,2278,Pending
O00875,3/8/2022 0:00,C0217,P027,E084,B05,PAY00875,D00875,2,64.05,0.02,125.54,87.22,38.32,1238,Cancelled
O00876,6/14/2025 0:00,C0642,P266,E023,B06,PAY00876,D00876,4,563.26,0.12,1982.68,1394.37,588.31,994,Cancelled
O00877,12/20/2022 0:00,C0617,P242,E071,B02,PAY00877,D00877,1,1420.54,0.1,1278.49,1025.48,253.01,4355,Cancelled
O00878,11/30/2025 0:00,C1046,P264,E025,B14,PAY00878,D00878,2,61.21,0.12,107.73,86.42,21.31,2593,Delivered
O00879,7/11/2025 0:00,C0173,P272,E138,B14,PAY00879,D00879,5,366.02,0.07,1701.99,1530.06,171.93,889,Delivered
O00880,11/4/2023 0:00,C0993,P172,E020,B01,PAY00880,D00880,5,864.91,0.04,4151.57,2554.71,1596.86,3917,Cancelled
O00881,7/31/2022 0:00,C0383,P017,E039,B10,PAY00881,D00881,1,170.19,0.12,149.77,122.95,26.82,2228,Delivered
O00882,6/17/2022 0:00,C0387,P109,E081,B07,PAY00882,D00882,4,1068.23,0.19,3461.07,2718.73,742.34,3553,Delivered
O00883,3/25/2023 0:00,C0623,P033,E142,B09,PAY00883,D00883,5,1376.24,0.16,5780.21,4863.35,916.86,4974,Cancelled
O00884,2/20/2025 0:00,C0855,P037,E113,B03,PAY00884,D00884,1,1426.42,0.11,1269.51,964.06,305.45,1632,Pending
O00885,1/5/2021 0:00,C0753,P162,E063,B04,PAY00885,D00885,1,272.75,0.11,242.75,215.08,27.67,2174,Cancelled
O00886,5/3/2023 0:00,C0385,P029,E088,B07,PAY00886,D00886,4,369.45,0.07,1374.35,1081.04,293.31,3780,Pending
O00887,5/5/2024 0:00,C0167,P144,E026,B01,PAY00887,D00887,1,51.06,0.07,47.49,41.09,6.4,2209,Delivered
O00888,3/2/2022 0:00,C0149,P072,E122,B05,PAY00888,D00888,2,223,0.19,361.26,238.27,122.99,1568,Delivered
O00889,5/19/2020 0:00,C0750,P106,E083,B03,PAY00889,D00889,1,1345.23,0.15,1143.45,1025.47,117.98,3865,Delivered
O00890,2/28/2024 0:00,C0046,P148,E121,B01,PAY00890,D00890,5,160.07,0.07,744.33,493.38,250.95,2462,Delivered
O00891,6/30/2023 0:00,C1079,P089,E097,B06,PAY00891,D00891,2,540.13,0.12,950.63,702.66,247.97,2044,Pending
O00892,6/27/2024 0:00,C1019,P174,E065,B05,PAY00892,D00892,2,256.37,0.16,430.7,299.43,131.27,4816,Pending
O00893,8/6/2022 0:00,C0919,P083,E115,B05,PAY00893,D00893,1,316.25,0.03,306.76,209.89,96.87,2478,Delivered
O00894,9/22/2025 0:00,C0756,P083,E071,B13,PAY00894,D00894,5,1216.06,0.17,5046.65,3713.37,1333.28,3588,Pending
O00895,3/14/2023 0:00,C0597,P079,E048,B12,PAY00895,D00895,3,1286.46,0.12,3396.25,3010.96,385.29,4474,Delivered
O00896,4/2/2025 0:00,C0377,P131,E136,B14,PAY00896,D00896,4,1225.89,0.06,4609.35,3308.66,1300.69,2947,Delivered
O00897,11/29/2024 0:00,C1015,P233,E089,B10,PAY00897,D00897,2,492.33,0.12,866.5,723.73,142.77,2955,Cancelled
O00898,3/20/2025 0:00,C0761,P018,E004,B12,PAY00898,D00898,5,64.2,0.08,295.32,202.17,93.15,1716,Delivered
O00899,5/21/2022 0:00,C0500,P183,E031,B03,PAY00899,D00899,5,156.09,0.13,678.99,427.39,251.6,922,Delivered
O00900,5/1/2024 0:00,C1118,P009,E137,B13,PAY00900,D00900,4,532.59,0.14,1832.11,1633.06,199.05,3758,Pending
O00901,1/28/2025 0:00,C0821,P270,E062,B02,PAY00901,D00901,2,635.13,0.04,1219.45,863.1,356.35,1618,Cancelled
O00902,5/14/2023 0:00,C0736,P132,E067,B01,PAY00902,D00902,5,723.11,0.12,3181.68,2029.4,1152.28,3205,Delivered
O00903,3/10/2021 0:00,C0771,P274,E007,B09,PAY00903,D00903,5,1469.48,0.01,7273.93,4689.97,2583.96,3854,Pending
O00904,5/31/2020 0:00,C0841,P279,E028,B13,PAY00904,D00904,4,298.07,0.13,1037.28,903.93,133.35,1888,Pending
O00905,1/10/2021 0:00,C0602,P231,E043,B09,PAY00905,D00905,3,343.18,0.11,916.29,723.67,192.62,1218,Cancelled
O00906,6/26/2020 0:00,C0912,P041,E028,B04,PAY00906,D00906,5,789.53,0.02,3868.7,3417.66,451.04,4377,Pending
O00907,9/12/2023 0:00,C1119,P294,E005,B12,PAY00907,D00907,2,260.85,0.02,511.27,334.23,177.04,4608,Pending
O00908,4/6/2021 0:00,C0060,P101,E145,B07,PAY00908,D00908,3,1250.77,0.1,3377.08,2930.46,446.62,4006,Cancelled
O00909,3/9/2021 0:00,C0600,P232,E120,B15,PAY00909,D00909,4,1047.48,0.11,3729.03,3276.96,452.07,2160,Pending
O00910,3/24/2021 0:00,C0630,P230,E058,B07,PAY00910,D00910,2,566.94,0.15,963.8,653.4,310.4,1392,Cancelled
O00911,5/24/2023 0:00,C0984,P275,E054,B05,PAY00911,D00911,4,432.9,0.16,1454.54,1098.66,355.88,1732,Pending
O00912,11/20/2022 0:00,C0010,P139,E055,B15,PAY00912,D00912,2,897.06,0.09,1632.65,1277.73,354.92,2445,Pending
O00913,11/8/2022 0:00,C0618,P266,E042,B11,PAY00913,D00913,2,1205.33,0.03,2338.34,1905.24,433.1,4025,Pending
O00914,1/12/2025 0:00,C0208,P073,E102,B10,PAY00914,D00914,3,1450.63,0.07,4047.26,2954.7,1092.56,1314,Delivered
O00915,11/26/2021 0:00,C0783,P013,E102,B01,PAY00915,D00915,1,1178.23,0.04,1131.1,744.78,386.32,3130,Pending
O00916,9/15/2021 0:00,C0921,P104,E004,B05,PAY00916,D00916,3,849.32,0.18,2089.33,1292.65,796.68,1047,Delivered
O00917,6/6/2022 0:00,C0698,P266,E082,B05,PAY00917,D00917,2,237.71,0.2,380.34,336.49,43.85,4735,Pending
O00918,6/7/2023 0:00,C0737,P114,E146,B07,PAY00918,D00918,5,49.59,0.14,213.24,160.09,53.15,1483,Pending
O00919,6/17/2020 0:00,C0136,P052,E089,B08,PAY00919,D00919,1,448.42,0.02,439.45,270.73,168.72,4122,Cancelled
O00920,10/26/2023 0:00,C0149,P146,E073,B07,PAY00920,D00920,2,1300.54,0.02,2549.06,2045.98,503.08,3317,Delivered
O00921,3/23/2025 0:00,C0587,P139,E119,B15,PAY00921,D00921,2,115.22,0.16,193.57,164.2,29.37,2607,Delivered
O00922,3/12/2020 0:00,C0625,P041,E027,B06,PAY00922,D00922,2,489.46,0.04,939.76,605.75,334.01,2314,Pending
O00923,3/3/2020 0:00,C0538,P105,E112,B11,PAY00923,D00923,4,1068.59,0.07,3975.15,2874.42,1100.73,4543,Pending
O00924,12/5/2024 0:00,C0975,P247,E014,B13,PAY00924,D00924,5,1068.42,0.1,4807.89,2923.27,1884.62,1267,Pending
O00925,10/18/2021 0:00,C0321,P006,E097,B14,PAY00925,D00925,5,123.33,0.09,561.15,362.46,198.69,3909,Delivered
O00926,11/15/2022 0:00,C0317,P115,E076,B03,PAY00926,D00926,1,1282.78,0.15,1090.36,957.12,133.24,2742,Cancelled
O00927,11/4/2022 0:00,C0626,P011,E113,B09,PAY00927,D00927,4,991.21,0.04,3806.25,3349.79,456.46,571,Cancelled
O00928,4/17/2024 0:00,C0505,P170,E023,B12,PAY00928,D00928,1,428.62,0.2,342.9,234.04,108.86,3112,Cancelled
O00929,10/1/2023 0:00,C0507,P151,E016,B07,PAY00929,D00929,3,924.95,0.05,2636.11,1978.08,658.03,1989,Delivered
O00930,5/31/2024 0:00,C0164,P155,E073,B01,PAY00930,D00930,1,263.94,0.11,234.91,164.15,70.76,649,Pending
O00931,8/29/2022 0:00,C0557,P245,E015,B07,PAY00931,D00931,1,824.81,0.16,692.84,416.03,276.81,4320,Delivered
O00932,1/31/2023 0:00,C0219,P068,E085,B05,PAY00932,D00932,3,954.44,0.17,2376.56,1509.77,866.79,3698,Delivered
O00933,7/26/2022 0:00,C0115,P011,E057,B03,PAY00933,D00933,4,1445.39,0.03,5608.11,4113.02,1495.09,3655,Cancelled
O00934,4/17/2025 0:00,C0512,P274,E004,B01,PAY00934,D00934,1,1340.36,0.11,1192.92,1062.6,130.32,1584,Delivered
O00935,8/6/2021 0:00,C0573,P296,E126,B05,PAY00935,D00935,4,211.62,0.05,804.16,633.79,170.37,583,Cancelled
O00936,2/3/2025 0:00,C1053,P142,E007,B08,PAY00936,D00936,3,199.73,0.18,491.34,437.29,54.05,4871,Delivered
O00937,6/22/2025 0:00,C0096,P120,E051,B07,PAY00937,D00937,5,1171.95,0.13,5097.98,3388.41,1709.57,1486,Cancelled
O00938,6/4/2023 0:00,C1000,P190,E027,B13,PAY00938,D00938,5,1330.87,0.16,5589.65,3494.72,2094.93,4295,Cancelled
O00939,7/8/2024 0:00,C0207,P270,E003,B09,PAY00939,D00939,3,1347.9,0.03,3922.39,2844.44,1077.95,3766,Cancelled
O00940,1/27/2023 0:00,C1098,P114,E119,B11,PAY00940,D00940,4,722.62,0.1,2601.43,1896.27,705.16,4867,Cancelled
O00941,9/27/2023 0:00,C1026,P282,E042,B15,PAY00941,D00941,1,280.9,0.06,264.05,203.44,60.61,2576,Pending
O00942,4/22/2020 0:00,C0783,P237,E150,B14,PAY00942,D00942,2,1320.73,0.07,2456.56,1655.86,800.7,4236,Pending
O00943,11/25/2021 0:00,C0382,P300,E119,B10,PAY00943,D00943,3,698.16,0.08,1926.92,1165.36,761.56,1009,Cancelled
O00944,1/29/2021 0:00,C0443,P154,E023,B09,PAY00944,D00944,3,722.77,0.06,2038.21,1581.42,456.79,3602,Pending
O00945,6/5/2020 0:00,C0846,P066,E119,B06,PAY00945,D00945,4,1013.81,0.08,3730.82,2927.21,803.61,554,Cancelled
O00946,1/3/2025 0:00,C0425,P248,E012,B15,PAY00946,D00946,2,983.69,0.15,1672.27,1330.91,341.36,2448,Cancelled
O00947,9/21/2025 0:00,C0372,P242,E120,B11,PAY00947,D00947,4,602.45,0.1,2168.82,1544.51,624.31,4253,Pending
O00948,4/4/2025 0:00,C0870,P052,E107,B06,PAY00948,D00948,3,632.47,0.13,1650.75,1455.5,195.25,1547,Delivered
O00949,6/20/2020 0:00,C0161,P101,E043,B12,PAY00949,D00949,1,600.78,0.01,594.77,459.13,135.64,1998,Cancelled
O00950,1/26/2023 0:00,C0450,P150,E041,B11,PAY00950,D00950,3,1240.89,0.09,3387.63,2795.02,592.61,1150,Pending
O00951,5/9/2022 0:00,C0099,P234,E009,B14,PAY00951,D00951,4,851.04,0.05,3233.95,2301.6,932.35,1166,Delivered
O00952,4/14/2024 0:00,C0458,P181,E018,B11,PAY00952,D00952,2,975.77,0.09,1775.9,1506.99,268.91,1713,Delivered
O00953,4/4/2021 0:00,C0487,P005,E051,B10,PAY00953,D00953,5,390.26,0.01,1931.79,1420.26,511.53,557,Cancelled
O00954,12/21/2022 0:00,C0568,P189,E029,B10,PAY00954,D00954,4,581.15,0.05,2208.37,1572.12,636.25,2138,Delivered
O00955,12/15/2022 0:00,C0339,P147,E025,B11,PAY00955,D00955,5,1160.08,0.08,5336.37,4564,772.37,4019,Pending
O00956,6/24/2022 0:00,C0015,P274,E030,B12,PAY00956,D00956,1,860.24,0.18,705.4,428.42,276.98,4277,Delivered
O00957,8/27/2025 0:00,C0005,P091,E044,B06,PAY00957,D00957,5,992.63,0.17,4119.41,3365.58,753.83,1873,Pending
O00958,12/10/2021 0:00,C0497,P290,E092,B03,PAY00958,D00958,3,601.68,0.13,1570.38,1371.93,198.45,2562,Delivered
O00959,12/9/2023 0:00,C0465,P250,E117,B03,PAY00959,D00959,3,31.55,0.15,80.45,48.36,32.09,828,Delivered
O00960,7/22/2023 0:00,C0312,P297,E119,B06,PAY00960,D00960,2,973.26,0.16,1635.08,1049.45,585.63,3381,Pending
O00961,9/12/2023 0:00,C0363,P076,E144,B14,PAY00961,D00961,1,768.46,0.15,653.19,406.94,246.25,2313,Cancelled
O00962,7/26/2021 0:00,C0440,P061,E046,B08,PAY00962,D00962,4,1158.17,0.06,4354.72,3201.67,1153.05,2791,Cancelled
O00963,3/15/2024 0:00,C0612,P259,E021,B10,PAY00963,D00963,2,1195.14,0.18,1960.03,1381.09,578.94,3366,Delivered
O00964,4/13/2021 0:00,C0898,P040,E116,B05,PAY00964,D00964,1,602.54,0.1,542.29,362.02,180.27,688,Cancelled
O00965,8/3/2023 0:00,C0219,P178,E100,B03,PAY00965,D00965,5,1452,0.02,7114.8,4847.97,2266.83,2678,Pending
O00966,6/14/2024 0:00,C0792,P292,E007,B05,PAY00966,D00966,5,561.67,0.18,2302.85,1933.97,368.88,1789,Delivered
O00967,3/24/2023 0:00,C0344,P076,E048,B04,PAY00967,D00967,3,961.63,0.01,2856.04,2529.27,326.77,946,Pending
O00968,9/22/2021 0:00,C0679,P160,E008,B06,PAY00968,D00968,4,318.52,0.16,1070.23,681.46,388.77,3128,Cancelled
O00969,7/8/2020 0:00,C0041,P016,E061,B06,PAY00969,D00969,1,104.56,0.16,87.83,66.88,20.95,4411,Cancelled
O00970,8/3/2022 0:00,C1177,P287,E136,B04,PAY00970,D00970,4,1265.39,0.04,4859.1,3859.07,1000.03,831,Pending
O00971,5/9/2023 0:00,C0242,P080,E058,B09,PAY00971,D00971,4,1436.74,0.02,5632.02,4284.33,1347.69,4270,Pending
O00972,2/15/2021 0:00,C0904,P294,E122,B01,PAY00972,D00972,2,601.73,0.17,998.87,670.9,327.97,4184,Pending
O00973,5/4/2024 0:00,C0281,P165,E146,B03,PAY00973,D00973,3,688.62,0.13,1797.3,1568.97,228.33,1040,Pending
O00974,6/29/2025 0:00,C0642,P054,E141,B07,PAY00974,D00974,2,1240.23,0.09,2257.22,1497.16,760.06,1653,Pending
O00975,8/8/2020 0:00,C0243,P259,E129,B03,PAY00975,D00975,4,31.57,0.19,102.29,90.32,11.97,1213,Pending
O00976,12/17/2023 0:00,C0438,P156,E054,B01,PAY00976,D00976,5,214,0.12,941.6,624.85,316.75,3447,Delivered
O00977,8/1/2023 0:00,C1165,P228,E110,B04,PAY00977,D00977,3,494.73,0.02,1454.51,1232.93,221.58,3043,Delivered
O00978,3/10/2021 0:00,C0174,P284,E013,B09,PAY00978,D00978,3,1214.9,0.08,3353.12,2323.72,1029.4,3428,Cancelled
O00979,10/17/2024 0:00,C0261,P179,E037,B03,PAY00979,D00979,2,693.69,0.09,1262.52,1047.05,215.47,1570,Delivered
O00980,11/23/2025 0:00,C1159,P043,E055,B13,PAY00980,D00980,1,244,0.11,217.16,160.52,56.64,1292,Pending
O00981,9/16/2022 0:00,C0519,P001,E115,B01,PAY00981,D00981,5,624.07,0.09,2839.52,1803.06,1036.46,4639,Cancelled
O00982,9/17/2022 0:00,C1081,P049,E114,B01,PAY00982,D00982,5,608.4,0.06,2859.48,1883.04,976.44,4770,Cancelled
O00983,7/16/2020 0:00,C1027,P134,E002,B03,PAY00983,D00983,3,160.16,0.15,408.41,271.48,136.93,2027,Cancelled
O00984,11/2/2025 0:00,C0178,P243,E052,B09,PAY00984,D00984,2,1435.26,0.08,2640.88,1894.12,746.76,4150,Delivered
O00985,12/16/2020 0:00,C0059,P213,E102,B10,PAY00985,D00985,2,1389.13,0.01,2750.48,2008.02,742.46,1745,Cancelled
O00986,7/6/2024 0:00,C0407,P131,E004,B05,PAY00986,D00986,1,1421.61,0.1,1279.45,1069.52,209.93,1718,Cancelled
O00987,11/29/2025 0:00,C0455,P140,E098,B01,PAY00987,D00987,1,463.45,0.05,440.28,284.46,155.82,2259,Delivered
O00988,7/14/2022 0:00,C0895,P103,E029,B02,PAY00988,D00988,3,1282.16,0.02,3769.55,2670.12,1099.43,4432,Cancelled
O00989,1/29/2020 0:00,C0590,P058,E087,B07,PAY00989,D00989,5,406.78,0.17,1688.14,1156.1,532.04,3928,Cancelled
O00990,11/15/2023 0:00,C0965,P197,E093,B10,PAY00990,D00990,4,863.66,0.08,3178.27,2560.08,618.19,956,Cancelled
O00991,6/28/2023 0:00,C0296,P029,E033,B06,PAY00991,D00991,5,462.97,0.12,2037.07,1687.09,349.98,2860,Delivered
O00992,8/11/2025 0:00,C0677,P163,E148,B01,PAY00992,D00992,1,250.1,0.15,212.58,150.37,62.21,524,Delivered
O00993,6/13/2022 0:00,C0328,P171,E022,B02,PAY00993,D00993,1,165.31,0.05,157.04,115.56,41.48,865,Cancelled
O00994,10/31/2025 0:00,C1119,P283,E082,B03,PAY00994,D00994,1,258.54,0.19,209.42,165.66,43.76,4461,Pending
O00995,9/5/2024 0:00,C0511,P105,E040,B13,PAY00995,D00995,2,951.31,0.07,1769.44,1225.98,543.46,3434,Delivered
O00996,5/22/2025 0:00,C0846,P010,E137,B09,PAY00996,D00996,4,565.68,0.07,2104.33,1632.42,471.91,1470,Pending
O00997,8/1/2022 0:00,C0851,P299,E101,B07,PAY00997,D00997,1,742.93,0.19,601.77,483.69,118.08,4175,Pending
O00998,1/9/2021 0:00,C0151,P008,E124,B07,PAY00998,D00998,5,1395.2,0.07,6487.68,4039.75,2447.93,2527,Delivered
O00999,3/9/2025 0:00,C0141,P195,E080,B09,PAY00999,D00999,5,696.3,0.03,3377.05,2602.61,774.44,758,Cancelled
O01000,10/28/2025 0:00,C0631,P193,E034,B05,PAY01000,D01000,1,1031.24,0.11,917.8,554.22,363.58,4623,Cancelled
O01001,4/27/2022 0:00,C0325,P135,E118,B02,PAY01001,D01001,4,109.5,0.01,433.62,335.22,98.4,3030,Pending
O01002,11/6/2023 0:00,C1003,P054,E022,B07,PAY01002,D01002,4,1282.45,0.05,4873.31,3833.06,1040.25,1882,Cancelled
O01003,10/2/2025 0:00,C0293,P135,E086,B07,PAY01003,D01003,1,43.12,0.06,40.53,33.74,6.79,4866,Delivered
O01004,8/15/2025 0:00,C1048,P116,E018,B02,PAY01004,D01004,4,823.2,0.1,2963.52,1788.4,1175.12,1341,Cancelled
O01005,8/26/2020 0:00,C0667,P060,E097,B11,PAY01005,D01005,4,401.64,0.1,1445.9,1094.01,351.89,570,Delivered
O01006,12/21/2024 0:00,C1034,P260,E025,B09,PAY01006,D01006,2,109.3,0.14,188,115.96,72.04,3260,Delivered
O01007,9/26/2022 0:00,C0837,P183,E017,B12,PAY01007,D01007,1,500.63,0.02,490.62,316.75,173.87,3701,Delivered
O01008,10/11/2022 0:00,C0450,P203,E037,B05,PAY01008,D01008,2,1291.71,0.02,2531.75,1660.13,871.62,2074,Delivered
O01009,8/3/2023 0:00,C0125,P007,E100,B08,PAY01009,D01009,2,194.5,0.1,350.1,312.09,38.01,3477,Cancelled
O01010,9/5/2022 0:00,C0633,P035,E023,B01,PAY01010,D01010,5,703.93,0.04,3378.86,2105.34,1273.52,873,Delivered
O01011,6/13/2023 0:00,C0653,P031,E096,B08,PAY01011,D01011,3,1211.94,0.01,3599.46,2169.66,1429.8,1987,Cancelled
O01012,1/29/2025 0:00,C0804,P217,E030,B15,PAY01012,D01012,5,230.01,0.06,1081.05,887.82,193.23,1345,Delivered
O01013,5/3/2023 0:00,C0814,P192,E060,B14,PAY01013,D01013,3,517.97,0.09,1414.06,1014.93,399.13,973,Cancelled
O01014,8/7/2024 0:00,C0681,P232,E122,B14,PAY01014,D01014,4,1338.91,0.02,5248.53,4320.7,927.83,1931,Cancelled
O01015,12/6/2024 0:00,C0965,P012,E135,B13,PAY01015,D01015,2,1053.96,0.06,1981.44,1329.42,652.02,2784,Delivered
O01016,1/7/2022 0:00,C0158,P005,E041,B05,PAY01016,D01016,5,1039.41,0.11,4625.37,3634.9,990.47,4402,Pending
O01017,7/14/2022 0:00,C0651,P276,E054,B10,PAY01017,D01017,3,1479.93,0.13,3862.62,2635.25,1227.37,2072,Delivered
O01018,9/16/2020 0:00,C0507,P042,E097,B03,PAY01018,D01018,4,813.29,0.19,2635.06,2088.31,546.75,1704,Pending
O01019,1/17/2023 0:00,C0386,P138,E124,B07,PAY01019,D01019,2,474.9,0.19,769.34,671.24,98.1,4356,Cancelled
O01020,6/29/2024 0:00,C0689,P073,E066,B01,PAY01020,D01020,2,120.79,0.02,236.75,182.37,54.38,4175,Pending
O01021,8/31/2023 0:00,C0314,P044,E131,B02,PAY01021,D01021,4,262.48,0.17,871.43,541.86,329.57,3670,Cancelled
O01022,10/20/2022 0:00,C0021,P200,E063,B02,PAY01022,D01022,5,1324.26,0.06,6224.02,4893.08,1330.94,1508,Delivered
O01023,12/27/2025 0:00,C0315,P041,E119,B11,PAY01023,D01023,4,346.54,0.05,1316.85,1162.05,154.8,4094,Cancelled
O01024,7/9/2023 0:00,C1109,P256,E003,B01,PAY01024,D01024,2,1426.02,0.17,2367.19,1718.5,648.69,3595,Cancelled
O01025,6/23/2024 0:00,C0589,P057,E070,B11,PAY01025,D01025,5,1421.43,0.03,6893.94,6163.44,730.5,2499,Delivered
O01026,11/30/2024 0:00,C1102,P067,E047,B14,PAY01026,D01026,2,314.82,0.04,604.45,407.99,196.46,2313,Pending
O01027,11/6/2020 0:00,C1132,P144,E139,B02,PAY01027,D01027,5,268.09,0.02,1313.64,1120.05,193.59,4431,Pending
O01028,12/26/2024 0:00,C0262,P298,E058,B02,PAY01028,D01028,2,1463.08,0.19,2370.19,2007.79,362.4,864,Delivered
O01029,4/9/2020 0:00,C0608,P064,E005,B06,PAY01029,D01029,3,156.53,0.19,380.37,305.68,74.69,1239,Pending
O01030,5/16/2022 0:00,C0292,P090,E019,B15,PAY01030,D01030,4,1406.59,0.06,5288.78,4448.38,840.4,2583,Cancelled
O01031,3/2/2025 0:00,C0656,P046,E134,B01,PAY01031,D01031,4,1272.67,0.11,4530.71,2969.93,1560.78,2156,Pending
O01032,2/26/2021 0:00,C1067,P236,E123,B07,PAY01032,D01032,1,631.14,0.18,517.53,445.13,72.4,2261,Cancelled
O01033,4/22/2023 0:00,C0454,P294,E047,B13,PAY01033,D01033,5,434.32,0.12,1911.01,1282.08,628.93,2458,Cancelled
O01034,4/12/2021 0:00,C0976,P145,E027,B06,PAY01034,D01034,3,1439,0.1,3885.3,2594.53,1290.77,3458,Cancelled
O01035,4/14/2021 0:00,C0734,P063,E133,B13,PAY01035,D01035,4,357.74,0.18,1173.39,827.33,346.06,2162,Pending
O01036,4/11/2020 0:00,C0806,P034,E143,B01,PAY01036,D01036,2,1349.06,0.05,2563.21,1857.32,705.89,787,Pending
O01037,12/16/2025 0:00,C0521,P086,E058,B06,PAY01037,D01037,3,607.35,0.11,1621.62,1151.23,470.39,4399,Cancelled
O01038,10/4/2023 0:00,C0483,P005,E035,B05,PAY01038,D01038,4,1239.75,0.06,4661.46,3386.12,1275.34,1369,Pending
O01039,7/4/2024 0:00,C0554,P124,E090,B06,PAY01039,D01039,3,417.05,0.06,1176.08,812.39,363.69,4202,Cancelled
O01040,3/5/2021 0:00,C1186,P231,E016,B02,PAY01040,D01040,1,1157.28,0.13,1006.83,853.54,153.29,4272,Pending
O01041,10/21/2022 0:00,C0492,P187,E104,B05,PAY01041,D01041,4,1296.2,0.19,4199.69,3051.3,1148.39,3165,Cancelled
O01042,9/19/2025 0:00,C0352,P118,E001,B07,PAY01042,D01042,2,915.56,0.17,1519.83,1251.39,268.44,4647,Delivered
O01043,9/4/2022 0:00,C1017,P205,E045,B13,PAY01043,D01043,5,1122.23,0.13,4881.7,3356.13,1525.57,3506,Cancelled
O01044,2/11/2021 0:00,C0041,P195,E099,B08,PAY01044,D01044,1,369.14,0.18,302.69,266.42,36.27,1237,Pending
O01045,2/26/2020 0:00,C0341,P182,E117,B05,PAY01045,D01045,2,25.42,0.07,47.28,39.82,7.46,4446,Pending
O01046,2/22/2024 0:00,C1153,P160,E101,B15,PAY01046,D01046,5,1479.6,0.17,6140.34,4143.4,1996.94,4310,Cancelled
O01047,5/3/2024 0:00,C0019,P156,E097,B04,PAY01047,D01047,2,139.15,0.18,228.21,165.36,62.85,4338,Delivered
O01048,3/2/2023 0:00,C0928,P007,E010,B11,PAY01048,D01048,2,1039.53,0.1,1871.15,1178.04,693.11,2206,Pending
O01049,12/21/2024 0:00,C0474,P007,E096,B08,PAY01049,D01049,1,131.58,0.09,119.74,82.11,37.63,4420,Pending
O01050,4/26/2023 0:00,C0567,P119,E132,B09,PAY01050,D01050,4,714.95,0.18,2345.04,1544.86,800.18,4192,Cancelled
O01051,8/21/2020 0:00,C1014,P228,E010,B03,PAY01051,D01051,4,472.49,0.11,1682.06,1270.32,411.74,3561,Delivered
O01052,5/9/2023 0:00,C1000,P095,E021,B08,PAY01052,D01052,2,284.26,0.08,523.04,449.52,73.52,4600,Cancelled
O01053,1/22/2021 0:00,C0912,P179,E096,B11,PAY01053,D01053,3,520.79,0.16,1312.39,1056.88,255.51,3924,Delivered
O01054,5/20/2020 0:00,C0694,P020,E138,B13,PAY01054,D01054,4,664.17,0.02,2603.55,1800.46,803.09,2952,Delivered
O01055,6/3/2020 0:00,C0086,P266,E108,B03,PAY01055,D01055,4,353.3,0.14,1215.35,788.29,427.06,3874,Delivered
O01056,5/29/2021 0:00,C0668,P184,E128,B08,PAY01056,D01056,4,702.41,0.02,2753.45,1917.5,835.95,2423,Pending
O01057,9/3/2025 0:00,C0372,P133,E013,B01,PAY01057,D01057,1,1462.68,0.16,1228.65,1069.75,158.9,889,Pending
O01058,11/17/2021 0:00,C0184,P076,E066,B05,PAY01058,D01058,2,981,0.07,1824.66,1588.98,235.68,3629,Pending
O01059,3/26/2025 0:00,C0156,P262,E006,B15,PAY01059,D01059,4,441.26,0.04,1694.44,1109.18,585.26,1260,Pending
O01060,6/10/2021 0:00,C0950,P225,E067,B12,PAY01060,D01060,3,1257.08,0.08,3469.54,2517.95,951.59,2742,Delivered
O01061,7/21/2024 0:00,C0887,P159,E110,B04,PAY01061,D01061,3,666.89,0.06,1880.63,1305.2,575.43,833,Cancelled
O01062,2/27/2020 0:00,C0531,P095,E084,B08,PAY01062,D01062,3,538.5,0.1,1453.95,969.16,484.79,4904,Pending
O01063,7/3/2023 0:00,C1028,P125,E022,B01,PAY01063,D01063,5,197.63,0.14,849.81,576.92,272.89,2892,Pending
O01064,8/22/2025 0:00,C0853,P030,E012,B04,PAY01064,D01064,2,520.4,0.14,895.09,549.84,345.25,3430,Delivered
O01065,2/1/2025 0:00,C0681,P020,E087,B09,PAY01065,D01065,1,1409.81,0.12,1240.63,1025.97,214.66,2685,Pending
O01066,8/1/2021 0:00,C0730,P020,E125,B05,PAY01066,D01066,1,622.5,0.12,547.8,432.75,115.05,3709,Cancelled
O01067,3/4/2024 0:00,C0428,P231,E029,B06,PAY01067,D01067,2,1376.41,0.01,2725.29,2261.45,463.84,546,Cancelled
O01068,1/3/2020 0:00,C0994,P197,E140,B09,PAY01068,D01068,3,1397.83,0.06,3941.88,3044.78,897.1,896,Pending
O01069,11/1/2023 0:00,C0780,P230,E146,B01,PAY01069,D01069,1,327.53,0.01,324.25,267.94,56.31,3009,Delivered
O01070,10/2/2022 0:00,C0696,P240,E091,B15,PAY01070,D01070,5,1260.86,0.16,5295.61,3885.74,1409.87,2579,Pending
O01071,4/29/2023 0:00,C0921,P273,E142,B15,PAY01071,D01071,3,1322.38,0.08,3649.77,2979.26,670.51,3955,Cancelled
O01072,9/6/2024 0:00,C0699,P155,E008,B03,PAY01072,D01072,2,922.83,0.08,1698.01,1448.76,249.25,1498,Pending
O01073,9/8/2023 0:00,C0568,P045,E022,B12,PAY01073,D01073,3,437.1,0.01,1298.19,1027.03,271.16,1312,Cancelled
O01074,9/18/2024 0:00,C1185,P194,E007,B07,PAY01074,D01074,4,1166.89,0.01,4620.88,2830.24,1790.64,2671,Pending
O01075,8/5/2021 0:00,C0589,P213,E074,B05,PAY01075,D01075,1,1241.13,0.16,1042.55,930.35,112.2,4528,Delivered
O01076,12/14/2022 0:00,C0701,P108,E056,B01,PAY01076,D01076,3,823.09,0.01,2444.58,1742.07,702.51,2253,Delivered
O01077,1/18/2021 0:00,C0174,P236,E041,B12,PAY01077,D01077,2,1284.76,0.19,2081.31,1601.59,479.72,3444,Cancelled
O01078,1/28/2023 0:00,C0848,P068,E065,B15,PAY01078,D01078,1,861.76,0.01,853.14,547.57,305.57,3179,Delivered
O01079,11/7/2025 0:00,C1195,P187,E114,B13,PAY01079,D01079,2,378.42,0.2,605.47,536.82,68.65,4412,Cancelled
O01080,9/9/2024 0:00,C0198,P262,E146,B05,PAY01080,D01080,4,857.1,0.03,3325.55,2082.8,1242.75,2522,Pending
O01081,9/4/2024 0:00,C1133,P261,E074,B03,PAY01081,D01081,1,583.58,0.07,542.73,374.71,168.02,706,Pending
O01082,3/17/2021 0:00,C0760,P078,E084,B04,PAY01082,D01082,3,511.36,0.08,1411.35,849.48,561.87,1371,Delivered
O01083,2/9/2025 0:00,C0568,P044,E081,B05,PAY01083,D01083,2,1354.33,0.17,2248.19,1901.24,346.95,1034,Delivered
O01084,7/20/2023 0:00,C0740,P192,E021,B05,PAY01084,D01084,5,1348.48,0.09,6135.58,5354.02,781.56,3884,Pending
O01085,12/31/2021 0:00,C0024,P184,E089,B10,PAY01085,D01085,4,36.62,0.09,133.3,111.1,22.2,3733,Pending
O01086,4/16/2021 0:00,C0453,P126,E095,B15,PAY01086,D01086,2,103.06,0.03,199.94,159.64,40.3,2910,Cancelled
O01087,6/6/2020 0:00,C1024,P076,E031,B13,PAY01087,D01087,2,1079.97,0.13,1879.15,1263.99,615.16,2632,Pending
O01088,10/30/2025 0:00,C1163,P142,E037,B15,PAY01088,D01088,5,380.81,0.17,1580.36,1049.14,531.22,2878,Pending
O01089,7/18/2021 0:00,C0969,P044,E117,B11,PAY01089,D01089,3,1280.09,0.04,3686.66,2512.41,1174.25,779,Cancelled
O01090,1/26/2020 0:00,C0828,P082,E043,B04,PAY01090,D01090,3,1359.32,0.01,4037.18,3131.59,905.59,4512,Delivered
O01091,6/15/2024 0:00,C0079,P241,E059,B11,PAY01091,D01091,1,1039.18,0.05,987.22,729.41,257.81,1823,Pending
O01092,5/10/2021 0:00,C0452,P190,E075,B15,PAY01092,D01092,1,1310.28,0.07,1218.56,954.74,263.82,3381,Cancelled
O01093,9/10/2023 0:00,C1125,P290,E110,B13,PAY01093,D01093,4,339.09,0.02,1329.23,1142.45,186.78,3104,Pending
O01094,10/17/2021 0:00,C0751,P029,E059,B08,PAY01094,D01094,2,737.73,0.02,1445.95,1117.86,328.09,4438,Delivered
O01095,3/26/2022 0:00,C0115,P198,E101,B07,PAY01095,D01095,3,1138.71,0.13,2972.03,2014.52,957.51,1473,Delivered
O01096,10/13/2023 0:00,C1134,P051,E019,B03,PAY01096,D01096,5,1058.39,0.15,4498.16,2803.32,1694.84,2581,Pending
O01097,11/3/2025 0:00,C0891,P018,E142,B15,PAY01097,D01097,5,1265.62,0.09,5758.57,4101.99,1656.58,928,Pending
O01098,11/6/2021 0:00,C0906,P057,E111,B03,PAY01098,D01098,3,1287.3,0.07,3591.57,2934.51,657.06,1645,Cancelled
O01099,10/6/2020 0:00,C1043,P269,E078,B04,PAY01099,D01099,3,625.19,0.07,1744.28,1362.35,381.93,1392,Pending
O01100,6/12/2021 0:00,C0264,P066,E109,B05,PAY01100,D01100,3,53.75,0,161.25,138.64,22.61,1069,Delivered
O01101,2/27/2021 0:00,C1054,P090,E001,B07,PAY01101,D01101,4,1047.86,0.06,3939.95,3404.29,535.66,3336,Cancelled
O01102,4/25/2022 0:00,C1186,P236,E030,B01,PAY01102,D01102,4,1034.39,0.2,3310.05,2013.8,1296.25,4453,Cancelled
O01103,2/12/2022 0:00,C0396,P203,E121,B06,PAY01103,D01103,5,385.76,0.17,1600.9,1395.95,204.95,3297,Cancelled
O01104,1/1/2021 0:00,C0775,P075,E131,B07,PAY01104,D01104,3,776.79,0.01,2307.07,1482.21,824.86,3749,Pending
O01105,8/1/2022 0:00,C0550,P084,E014,B04,PAY01105,D01105,3,1278.03,0.08,3527.36,2245.3,1282.06,3105,Cancelled
O01106,9/11/2025 0:00,C0334,P006,E070,B01,PAY01106,D01106,3,1305.64,0.18,3211.87,2844.7,367.17,3042,Delivered
O01107,5/2/2022 0:00,C0951,P082,E135,B11,PAY01107,D01107,4,178.86,0.05,679.67,582.98,96.69,3996,Delivered
O01108,4/11/2020 0:00,C0380,P138,E022,B12,PAY01108,D01108,1,272.1,0.18,223.12,160.98,62.14,3845,Cancelled
O01109,11/7/2021 0:00,C0128,P234,E083,B13,PAY01109,D01109,4,1450.16,0.03,5626.62,3614.37,2012.25,4511,Delivered
O01110,5/21/2022 0:00,C0331,P142,E042,B02,PAY01110,D01110,3,1319.44,0.18,3245.82,2608.18,637.64,1954,Pending
O01111,2/16/2020 0:00,C0941,P123,E095,B14,PAY01111,D01111,5,34.96,0.13,152.08,136.33,15.75,3008,Cancelled
O01112,6/24/2023 0:00,C0256,P072,E041,B02,PAY01112,D01112,4,1045.29,0.17,3470.36,2416.05,1054.31,4512,Delivered
O01113,1/8/2021 0:00,C0608,P187,E032,B09,PAY01113,D01113,5,25.66,0.02,125.73,87.34,38.39,1116,Cancelled
O01114,11/13/2023 0:00,C0829,P159,E117,B15,PAY01114,D01114,1,472.42,0.01,467.7,284.7,183,3906,Pending
O01115,11/12/2025 0:00,C0356,P099,E066,B04,PAY01115,D01115,5,820.83,0.1,3693.74,2671.14,1022.6,1638,Cancelled
O01116,6/13/2024 0:00,C0398,P109,E078,B05,PAY01116,D01116,1,1156.13,0.13,1005.83,807.78,198.05,4686,Pending
O01117,7/29/2020 0:00,C0055,P003,E003,B06,PAY01117,D01117,5,248.61,0.11,1106.31,670.23,436.08,3792,Pending
O01118,2/27/2022 0:00,C0721,P256,E020,B15,PAY01118,D01118,4,1087.03,0.09,3956.79,3532.03,424.76,4008,Delivered
O01119,12/13/2024 0:00,C0768,P015,E107,B13,PAY01119,D01119,5,485.27,0.13,2110.92,1299.28,811.64,4611,Pending
O01120,1/28/2020 0:00,C1034,P253,E125,B12,PAY01120,D01120,3,122.48,0.18,301.3,185.38,115.92,4997,Delivered
O01121,6/25/2024 0:00,C1113,P172,E010,B12,PAY01121,D01121,5,791.13,0.05,3757.87,3172.33,585.54,3668,Cancelled
O01122,11/11/2020 0:00,C1121,P263,E145,B02,PAY01122,D01122,3,719.39,0.16,1812.86,1101.62,711.24,2490,Cancelled
O01123,1/8/2020 0:00,C0069,P192,E102,B06,PAY01123,D01123,1,1128.71,0.07,1049.7,930.37,119.33,3309,Delivered
O01124,4/25/2022 0:00,C0533,P238,E039,B08,PAY01124,D01124,4,1277.49,0.07,4752.26,3697.68,1054.58,4162,Cancelled
O01125,10/4/2025 0:00,C0011,P205,E064,B08,PAY01125,D01125,1,313.79,0.19,254.17,213.92,40.25,659,Cancelled
O01126,1/5/2025 0:00,C0370,P016,E019,B05,PAY01126,D01126,2,1341.97,0.19,2173.99,1761.22,412.77,2740,Cancelled
O01127,8/22/2022 0:00,C0658,P023,E065,B03,PAY01127,D01127,2,1123.83,0.06,2112.8,1512.46,600.34,4594,Cancelled
O01128,3/9/2021 0:00,C0130,P019,E137,B03,PAY01128,D01128,3,1401.06,0.2,3362.54,2672.61,689.93,1659,Pending
O01129,1/31/2021 0:00,C0136,P157,E018,B14,PAY01129,D01129,1,467.03,0.11,415.66,352.13,63.53,1327,Pending
O01130,6/10/2022 0:00,C0158,P258,E138,B05,PAY01130,D01130,2,1071.24,0.2,1713.98,1068.86,645.12,3913,Cancelled
O01131,2/25/2020 0:00,C0781,P029,E131,B14,PAY01131,D01131,1,943.75,0.12,830.5,600.63,229.87,702,Pending
O01132,1/2/2022 0:00,C0647,P296,E041,B03,PAY01132,D01132,4,1391.67,0.1,5010.01,4269.45,740.56,2118,Pending
O01133,8/10/2020 0:00,C0729,P159,E053,B15,PAY01133,D01133,5,319.68,0.02,1566.43,1143.51,422.92,4656,Cancelled
O01134,5/19/2022 0:00,C1104,P278,E083,B05,PAY01134,D01134,1,787.8,0.19,638.12,406.54,231.58,2895,Delivered
O01135,1/17/2023 0:00,C1137,P029,E066,B09,PAY01135,D01135,3,1473.32,0.06,4154.76,2912.35,1242.41,4358,Pending
O01136,10/7/2021 0:00,C0676,P292,E077,B02,PAY01136,D01136,5,1352.53,0.17,5613,3999.27,1613.73,2183,Pending
O01137,3/30/2022 0:00,C0402,P114,E144,B10,PAY01137,D01137,1,135.57,0.07,126.08,99.1,26.98,1962,Pending
O01138,4/17/2022 0:00,C1011,P158,E092,B01,PAY01138,D01138,5,599.4,0.17,2487.51,1492.65,994.86,4566,Pending
O01139,12/31/2022 0:00,C0809,P198,E052,B03,PAY01139,D01139,3,507.56,0.1,1370.41,1075,295.41,1992,Cancelled
O01140,5/15/2025 0:00,C0286,P287,E149,B15,PAY01140,D01140,2,635.02,0.11,1130.34,886.13,244.21,4160,Cancelled
O01141,5/26/2023 0:00,C1186,P228,E137,B06,PAY01141,D01141,4,340.55,0.02,1334.96,847.28,487.68,3934,Pending
O01142,1/16/2022 0:00,C0587,P128,E003,B07,PAY01142,D01142,5,71.87,0.04,344.98,281.26,63.72,765,Cancelled
O01143,5/22/2024 0:00,C0059,P021,E009,B08,PAY01143,D01143,1,778.49,0.16,653.93,396.75,257.18,2841,Delivered
O01144,11/8/2023 0:00,C0097,P286,E020,B04,PAY01144,D01144,3,1454.88,0.11,3884.53,2849.39,1035.14,2257,Pending
O01145,6/18/2021 0:00,C0951,P215,E086,B15,PAY01145,D01145,3,575.9,0.15,1468.54,1042.62,425.92,4107,Pending
O01146,10/27/2021 0:00,C1030,P208,E061,B01,PAY01146,D01146,4,824.54,0.07,3067.29,2670.54,396.75,604,Pending
O01147,10/29/2025 0:00,C0737,P153,E019,B12,PAY01147,D01147,1,1320.94,0.15,1122.8,752.41,370.39,4641,Pending
O01148,5/27/2022 0:00,C0646,P259,E149,B03,PAY01148,D01148,1,103.83,0.08,95.52,65.15,30.37,4679,Cancelled
O01149,5/14/2022 0:00,C0381,P127,E036,B07,PAY01149,D01149,5,402.84,0.15,1712.07,1502.21,209.86,2784,Pending
O01150,5/12/2020 0:00,C0613,P101,E077,B13,PAY01150,D01150,3,476.11,0.14,1228.36,891.26,337.1,3104,Pending
O01151,3/27/2025 0:00,C0317,P064,E004,B06,PAY01151,D01151,1,1390.37,0.05,1320.85,1147.69,173.16,4263,Delivered
O01152,9/25/2021 0:00,C0566,P018,E140,B02,PAY01152,D01152,5,482.91,0.16,2028.22,1310.62,717.6,3841,Delivered
O01153,8/23/2025 0:00,C0998,P249,E068,B07,PAY01153,D01153,1,1305.64,0.06,1227.3,990.39,236.91,716,Cancelled
O01154,9/11/2021 0:00,C0316,P099,E008,B04,PAY01154,D01154,4,455.85,0.06,1714,1221.08,492.92,3751,Pending
O01155,3/4/2024 0:00,C0682,P172,E088,B01,PAY01155,D01155,5,105.84,0.01,523.91,384.34,139.57,3087,Cancelled
O01156,2/4/2024 0:00,C0393,P229,E072,B14,PAY01156,D01156,1,674.74,0.19,546.54,460.57,85.97,4757,Cancelled
O01157,10/24/2020 0:00,C0934,P068,E076,B06,PAY01157,D01157,5,1310.87,0.08,6030,4702.33,1327.67,1118,Cancelled
O01158,6/6/2025 0:00,C0138,P276,E057,B07,PAY01158,D01158,1,653.02,0.07,607.31,471.38,135.93,2373,Delivered
O01159,7/8/2024 0:00,C0077,P170,E038,B13,PAY01159,D01159,1,145.64,0.18,119.42,75.3,44.12,1871,Delivered
O01160,1/11/2022 0:00,C0526,P024,E090,B13,PAY01160,D01160,5,1219.46,0.03,5914.38,3698.26,2216.12,976,Cancelled
O01161,12/27/2020 0:00,C1084,P226,E013,B10,PAY01161,D01161,2,366.41,0,732.82,605.47,127.35,1638,Delivered
O01162,1/23/2020 0:00,C0228,P203,E087,B06,PAY01162,D01162,1,48.64,0.06,45.72,34.2,11.52,3175,Cancelled
O01163,7/26/2021 0:00,C0828,P096,E140,B15,PAY01163,D01163,4,198.11,0.07,736.97,470.19,266.78,1883,Pending
O01164,12/6/2023 0:00,C0651,P078,E096,B09,PAY01164,D01164,5,1443.91,0.07,6714.18,5141.66,1572.52,1658,Delivered
O01165,3/26/2024 0:00,C0130,P193,E071,B10,PAY01165,D01165,3,80.48,0.03,234.2,205.61,28.59,2101,Delivered
O01166,12/7/2025 0:00,C0588,P048,E059,B15,PAY01166,D01166,2,1321.37,0.18,2167.05,1427.3,739.75,1366,Delivered
O01167,10/17/2021 0:00,C1137,P069,E005,B05,PAY01167,D01167,5,65.3,0.01,323.24,237.59,85.65,2862,Pending
O01168,12/1/2023 0:00,C0923,P189,E077,B08,PAY01168,D01168,2,63.87,0.14,109.86,80.5,29.36,3011,Cancelled
O01169,10/16/2022 0:00,C0945,P221,E048,B05,PAY01169,D01169,1,1223.35,0.16,1027.61,682.55,345.06,3736,Cancelled
O01170,3/26/2020 0:00,C1023,P295,E127,B10,PAY01170,D01170,1,858.04,0.02,840.88,540.23,300.65,4925,Delivered
O01171,1/23/2024 0:00,C0713,P037,E150,B01,PAY01171,D01171,4,443.38,0.11,1578.43,954.51,623.92,2027,Cancelled
O01172,9/3/2021 0:00,C0332,P190,E086,B06,PAY01172,D01172,3,489.49,0.05,1395.05,1059.85,335.2,2845,Cancelled
O01173,8/1/2023 0:00,C0597,P065,E135,B11,PAY01173,D01173,4,447.34,0.17,1485.17,1300.58,184.59,4590,Cancelled
O01174,2/24/2020 0:00,C0108,P255,E078,B11,PAY01174,D01174,3,599.91,0.18,1475.78,1225.9,249.88,1058,Pending
O01175,7/12/2021 0:00,C0782,P114,E097,B11,PAY01175,D01175,4,389.18,0.02,1525.59,1042.51,483.08,596,Pending
O01176,7/1/2025 0:00,C1049,P290,E014,B01,PAY01176,D01176,4,1285.51,0.18,4216.47,3124.51,1091.96,3076,Pending
O01177,12/5/2020 0:00,C0735,P119,E012,B12,PAY01177,D01177,3,275.67,0.04,793.93,520.41,273.52,2342,Delivered
O01178,11/11/2023 0:00,C0637,P147,E055,B14,PAY01178,D01178,3,280.93,0.03,817.51,711.91,105.6,2506,Cancelled
O01179,8/28/2022 0:00,C0064,P087,E046,B10,PAY01179,D01179,1,647.87,0.12,570.13,376.2,193.93,1957,Cancelled
O01180,12/2/2025 0:00,C0078,P293,E084,B05,PAY01180,D01180,5,829.05,0.17,3440.56,2610.08,830.48,1619,Delivered
O01181,8/4/2020 0:00,C0642,P297,E069,B04,PAY01181,D01181,2,513.04,0.17,851.65,538.45,313.2,2491,Delivered
O01182,8/4/2023 0:00,C0685,P025,E109,B14,PAY01182,D01182,1,545.25,0.07,507.08,374.94,132.14,4554,Pending
O01183,10/11/2022 0:00,C0194,P004,E027,B01,PAY01183,D01183,4,805.92,0.07,2998.02,2538.07,459.95,2034,Delivered
O01184,12/24/2022 0:00,C1139,P285,E067,B06,PAY01184,D01184,3,1206.36,0.06,3401.94,3012.64,389.3,2800,Pending
O01185,3/1/2025 0:00,C0145,P209,E017,B11,PAY01185,D01185,4,191.56,0.18,628.32,391.98,236.34,4090,Cancelled
O01186,11/13/2020 0:00,C0265,P001,E003,B11,PAY01186,D01186,4,1448.64,0.19,4693.59,3587.81,1105.78,4139,Cancelled
O01187,6/19/2023 0:00,C1093,P149,E013,B12,PAY01187,D01187,4,321.79,0.14,1106.96,789.75,317.21,1083,Delivered
O01188,3/12/2024 0:00,C0872,P100,E080,B08,PAY01188,D01188,4,759.49,0.2,2430.37,1787.42,642.95,2340,Delivered
O01189,4/7/2022 0:00,C1104,P208,E063,B09,PAY01189,D01189,4,78.18,0.19,253.3,166.9,86.4,2482,Pending
O01190,6/23/2022 0:00,C0229,P176,E021,B11,PAY01190,D01190,3,506.03,0.01,1502.91,916.28,586.63,1734,Delivered
O01191,7/7/2022 0:00,C1111,P239,E075,B05,PAY01191,D01191,2,859.73,0.13,1495.93,1210.91,285.02,4306,Cancelled
O01192,7/12/2020 0:00,C0592,P110,E036,B05,PAY01192,D01192,1,664.56,0.19,538.29,451.96,86.33,4447,Pending
O01193,10/17/2025 0:00,C0779,P091,E116,B01,PAY01193,D01193,4,382.47,0.08,1407.49,1072.33,335.16,4210,Cancelled
O01194,8/14/2022 0:00,C0616,P190,E033,B08,PAY01194,D01194,3,887.55,0.07,2476.26,1518.99,957.27,3466,Cancelled
O01195,6/19/2021 0:00,C0496,P098,E125,B02,PAY01195,D01195,4,913.21,0.01,3616.31,2179.01,1437.3,1276,Cancelled
O01196,8/5/2020 0:00,C0201,P022,E070,B05,PAY01196,D01196,5,186.6,0.16,783.72,576.14,207.58,4538,Pending
O01197,5/15/2021 0:00,C0035,P292,E104,B04,PAY01197,D01197,1,880.52,0.09,801.27,677.84,123.43,3306,Delivered
O01198,7/27/2025 0:00,C1156,P017,E068,B04,PAY01198,D01198,3,199.41,0.04,574.3,426.14,148.16,3955,Cancelled
O01199,10/17/2020 0:00,C0418,P059,E081,B04,PAY01199,D01199,2,1415.28,0.2,2264.45,1575.93,688.52,4733,Cancelled
O01200,6/23/2024 0:00,C0328,P097,E109,B09,PAY01200,D01200,3,1066.93,0.14,2752.68,1975.67,777.01,4549,Pending
O01201,7/12/2020 0:00,C0542,P116,E140,B06,PAY01201,D01201,4,804.96,0.19,2608.07,1931.71,676.36,3425,Delivered
O01202,1/1/2021 0:00,C0387,P227,E144,B15,PAY01202,D01202,4,735.82,0.17,2442.92,1757.79,685.13,3764,Delivered
O01203,1/30/2022 0:00,C0820,P155,E121,B13,PAY01203,D01203,2,566.15,0.15,962.45,643.6,318.85,4090,Delivered
O01204,2/28/2024 0:00,C0285,P020,E049,B13,PAY01204,D01204,3,1041.76,0.14,2687.74,1737.45,950.29,1034,Delivered
O01205,9/22/2023 0:00,C0342,P231,E027,B09,PAY01205,D01205,2,1391.29,0.08,2559.97,1744.44,815.53,4579,Delivered
O01206,12/12/2024 0:00,C0325,P032,E123,B10,PAY01206,D01206,4,941.64,0.16,3163.91,2759.83,404.08,3237,Delivered
O01207,10/1/2021 0:00,C0918,P181,E103,B04,PAY01207,D01207,1,933.08,0.06,877.1,611.2,265.9,4577,Pending
O01208,12/28/2024 0:00,C0439,P102,E055,B15,PAY01208,D01208,3,314.6,0.14,811.67,683.95,127.72,681,Delivered
O01209,11/28/2024 0:00,C1088,P234,E118,B05,PAY01209,D01209,3,1451.12,0.05,4135.69,3098.82,1036.87,2092,Delivered
O01210,3/23/2021 0:00,C0259,P001,E115,B12,PAY01210,D01210,4,486.52,0.2,1556.86,1191,365.86,4046,Pending
O01211,4/25/2025 0:00,C0308,P282,E131,B11,PAY01211,D01211,2,940.73,0.04,1806.2,1416.6,389.6,964,Cancelled
O01212,3/21/2025 0:00,C0850,P297,E009,B10,PAY01212,D01212,1,112.49,0.1,101.24,76.51,24.73,812,Delivered
O01213,9/27/2021 0:00,C0591,P218,E033,B09,PAY01213,D01213,4,389.95,0.11,1388.22,1157.33,230.89,1175,Cancelled
O01214,2/7/2022 0:00,C1156,P138,E095,B12,PAY01214,D01214,3,1359.76,0.11,3630.56,2246.08,1384.48,3304,Delivered
O01215,2/21/2020 0:00,C0825,P068,E022,B11,PAY01215,D01215,3,1372.96,0.09,3748.18,2451.04,1297.14,2791,Pending
O01216,6/13/2021 0:00,C0788,P274,E138,B04,PAY01216,D01216,4,84.78,0.09,308.6,190.58,118.02,4489,Delivered
O01217,9/4/2020 0:00,C0373,P176,E023,B13,PAY01217,D01217,5,1293.02,0.14,5559.99,3363.02,2196.97,3144,Cancelled
O01218,7/2/2025 0:00,C0514,P118,E140,B07,PAY01218,D01218,4,1356.42,0.09,4937.37,3803.58,1133.79,2442,Pending
O01219,6/23/2020 0:00,C0850,P167,E107,B11,PAY01219,D01219,3,1301.87,0.11,3475.99,3018.94,457.05,2292,Cancelled
O01220,8/13/2023 0:00,C0984,P250,E060,B03,PAY01220,D01220,1,1196.42,0.18,981.06,765.41,215.65,3526,Cancelled
O01221,10/3/2023 0:00,C0055,P226,E123,B15,PAY01221,D01221,3,1130.77,0.15,2883.46,2041.73,841.73,4262,Delivered
O01222,12/28/2025 0:00,C0013,P070,E041,B15,PAY01222,D01222,5,1312.62,0.11,5841.16,4036.13,1805.03,1213,Cancelled
O01223,5/20/2025 0:00,C1135,P122,E036,B10,PAY01223,D01223,4,562.57,0.17,1867.73,1209.8,657.93,2811,Pending
O01224,2/3/2023 0:00,C0796,P282,E074,B14,PAY01224,D01224,3,156.51,0.16,394.41,286.4,108.01,2507,Delivered
O01225,3/16/2024 0:00,C1034,P027,E103,B11,PAY01225,D01225,3,845.69,0.18,2080.4,1548.16,532.24,4713,Pending
O01226,7/14/2020 0:00,C0476,P126,E005,B06,PAY01226,D01226,2,1284.32,0.1,2311.78,1745.41,566.37,2280,Pending
O01227,3/19/2024 0:00,C0630,P260,E131,B12,PAY01227,D01227,2,407.02,0.03,789.62,558.51,231.11,2659,Pending
O01228,11/16/2022 0:00,C0871,P123,E116,B14,PAY01228,D01228,4,43.29,0.01,171.43,133.44,37.99,1189,Pending
O01229,12/29/2022 0:00,C0722,P060,E117,B07,PAY01229,D01229,4,834.66,0.06,3138.32,2515.4,622.92,2829,Delivered
O01230,8/12/2021 0:00,C0244,P161,E003,B12,PAY01230,D01230,3,881.77,0.09,2407.23,2087.6,319.63,3530,Cancelled
O01231,10/18/2021 0:00,C0097,P114,E072,B03,PAY01231,D01231,2,1438.52,0.02,2819.5,1831.38,988.12,1140,Cancelled
O01232,5/12/2022 0:00,C0198,P141,E118,B04,PAY01232,D01232,5,1258.16,0.17,5221.36,4020.13,1201.23,2758,Cancelled
O01233,2/24/2021 0:00,C0445,P135,E025,B09,PAY01233,D01233,5,1214.05,0.04,5827.44,4429.53,1397.91,4772,Delivered
O01234,4/4/2023 0:00,C0461,P181,E048,B04,PAY01234,D01234,2,289.07,0.06,543.45,466.19,77.26,2471,Cancelled
O01235,11/3/2024 0:00,C0506,P174,E142,B09,PAY01235,D01235,1,1314,0.1,1182.6,755.84,426.76,2561,Delivered
O01236,4/15/2024 0:00,C0766,P141,E079,B14,PAY01236,D01236,2,360,0.03,698.4,552.57,145.83,4941,Delivered
O01237,11/1/2020 0:00,C0150,P110,E101,B15,PAY01237,D01237,2,736.95,0.18,1208.6,820.49,388.11,687,Cancelled
O01238,6/8/2022 0:00,C0909,P190,E085,B09,PAY01238,D01238,3,643.42,0.08,1775.84,1464.52,311.32,1118,Pending
O01239,5/19/2020 0:00,C0793,P196,E042,B05,PAY01239,D01239,3,1073.66,0.1,2898.88,2505.82,393.06,2756,Delivered
O01240,5/3/2025 0:00,C0786,P264,E029,B14,PAY01240,D01240,1,1311.17,0.05,1245.61,899.11,346.5,3749,Pending
O01241,9/2/2020 0:00,C0408,P283,E146,B13,PAY01241,D01241,4,145.67,0.01,576.85,363.2,213.65,2066,Cancelled
O01242,5/13/2024 0:00,C0561,P076,E116,B11,PAY01242,D01242,2,1090.84,0.11,1941.7,1586.33,355.37,4189,Cancelled
O01243,8/10/2020 0:00,C0105,P206,E066,B09,PAY01243,D01243,3,725.43,0.18,1784.56,1126.08,658.48,3765,Delivered
O01244,1/29/2023 0:00,C0772,P172,E119,B12,PAY01244,D01244,4,786.97,0.02,3084.92,2389.04,695.88,3840,Delivered
O01245,4/6/2023 0:00,C1025,P284,E044,B15,PAY01245,D01245,3,234.86,0.18,577.76,471.84,105.92,627,Delivered
O01246,8/22/2020 0:00,C0067,P225,E052,B09,PAY01246,D01246,2,1263.4,0.16,2122.51,1714.68,407.83,1352,Pending
O01247,7/23/2025 0:00,C0047,P014,E062,B08,PAY01247,D01247,4,176.47,0.14,607.06,400.41,206.65,2891,Pending
O01248,11/3/2024 0:00,C1044,P289,E128,B01,PAY01248,D01248,2,522.28,0.17,866.98,760.95,106.03,2721,Cancelled
O01249,10/12/2021 0:00,C0603,P196,E135,B05,PAY01249,D01249,3,467.39,0.18,1149.78,908.93,240.85,669,Pending
O01250,7/7/2023 0:00,C0488,P003,E095,B11,PAY01250,D01250,2,45.97,0.04,88.26,70.92,17.34,2248,Cancelled
O01251,2/7/2025 0:00,C0536,P127,E053,B08,PAY01251,D01251,1,449.23,0.12,395.32,317.44,77.88,523,Delivered
O01252,5/8/2022 0:00,C1140,P286,E086,B06,PAY01252,D01252,3,315.17,0.1,850.96,584.65,266.31,2877,Pending
O01253,5/4/2021 0:00,C0565,P056,E088,B01,PAY01253,D01253,3,584.68,0.01,1736.5,1102.04,634.46,4347,Delivered
O01254,4/6/2025 0:00,C0444,P257,E120,B04,PAY01254,D01254,4,1426.05,0.01,5647.16,4236.28,1410.88,714,Cancelled
O01255,7/26/2022 0:00,C0468,P088,E048,B06,PAY01255,D01255,2,292.06,0.03,566.6,471.33,95.27,1274,Delivered
O01256,7/18/2024 0:00,C0678,P263,E101,B01,PAY01256,D01256,4,544.61,0.1,1960.6,1743.56,217.04,3025,Pending
O01257,2/25/2023 0:00,C0924,P256,E006,B12,PAY01257,D01257,4,1417.27,0.15,4818.72,3347.69,1471.03,3819,Cancelled
O01258,2/23/2020 0:00,C1116,P031,E136,B11,PAY01258,D01258,1,1286.45,0.11,1144.94,833.07,311.87,1995,Delivered
O01259,3/30/2021 0:00,C0356,P019,E034,B05,PAY01259,D01259,4,776.16,0.07,2887.32,2592.48,294.84,3804,Cancelled
O01260,1/6/2021 0:00,C0192,P268,E027,B05,PAY01260,D01260,2,248.94,0.15,423.2,375.02,48.18,3834,Pending
O01261,7/30/2023 0:00,C0631,P127,E106,B04,PAY01261,D01261,1,296.45,0.01,293.49,191.7,101.79,2668,Pending
O01262,9/18/2025 0:00,C0639,P193,E043,B07,PAY01262,D01262,2,868.83,0.15,1477.01,1054.76,422.25,3168,Pending
O01263,9/18/2022 0:00,C0800,P111,E128,B13,PAY01263,D01263,1,500.13,0,500.13,385.83,114.3,2847,Pending
O01264,9/24/2020 0:00,C0049,P144,E127,B13,PAY01264,D01264,3,397.1,0.06,1119.82,844.87,274.95,3171,Pending
O01265,3/31/2024 0:00,C0006,P131,E084,B08,PAY01265,D01265,1,600.04,0.17,498.03,343.05,154.98,4514,Cancelled
O01266,9/18/2025 0:00,C0238,P110,E017,B10,PAY01266,D01266,1,1058.35,0.05,1005.43,616.55,388.88,1743,Pending
O01267,5/23/2022 0:00,C0619,P005,E046,B09,PAY01267,D01267,3,1027.82,0.03,2990.96,2570.93,420.03,4041,Pending
O01268,6/24/2023 0:00,C0085,P291,E017,B02,PAY01268,D01268,5,793.96,0.11,3533.12,2792.39,740.73,1967,Cancelled
O01269,12/14/2020 0:00,C0482,P265,E036,B07,PAY01269,D01269,5,953.37,0.04,4576.18,3214.98,1361.2,2437,Cancelled
O01270,10/7/2024 0:00,C0938,P271,E107,B06,PAY01270,D01270,1,1389.3,0.16,1167.01,837.54,329.47,1602,Pending
O01271,8/2/2023 0:00,C1025,P277,E084,B15,PAY01271,D01271,2,270.63,0.04,519.61,357.42,162.19,4758,Delivered
O01272,4/2/2021 0:00,C1046,P017,E136,B13,PAY01272,D01272,4,283.03,0.02,1109.48,943.09,166.39,607,Cancelled
O01273,12/19/2023 0:00,C0097,P164,E110,B13,PAY01273,D01273,2,1315.77,0.14,2263.12,1596.5,666.62,4119,Cancelled
O01274,7/13/2020 0:00,C0547,P254,E013,B14,PAY01274,D01274,5,151.51,0.09,689.37,468.92,220.45,2515,Cancelled
O01275,11/16/2025 0:00,C0192,P139,E070,B07,PAY01275,D01275,2,1114.88,0.11,1984.49,1540.57,443.92,3918,Cancelled
O01276,12/16/2024 0:00,C0025,P118,E038,B14,PAY01276,D01276,2,779.92,0.02,1528.64,1202.88,325.76,2234,Cancelled
O01277,8/1/2022 0:00,C0459,P265,E098,B07,PAY01277,D01277,1,1280.77,0.15,1088.65,814.28,274.37,3351,Cancelled
O01278,9/3/2021 0:00,C0236,P272,E043,B15,PAY01278,D01278,2,509.85,0.11,907.53,635.9,271.63,2509,Cancelled
O01279,10/23/2023 0:00,C0007,P082,E129,B07,PAY01279,D01279,3,370.51,0.04,1067.07,652.9,414.17,4084,Delivered
O01280,4/27/2023 0:00,C0165,P090,E014,B10,PAY01280,D01280,4,1272.63,0.06,4785.09,4163.42,621.67,4406,Cancelled
O01281,3/31/2025 0:00,C0895,P006,E149,B01,PAY01281,D01281,1,1271.88,0.17,1055.66,825.36,230.3,1771,Cancelled
O01282,8/11/2024 0:00,C0844,P279,E149,B05,PAY01282,D01282,2,995.49,0.09,1811.79,1150.51,661.28,864,Delivered
O01283,7/1/2022 0:00,C0996,P088,E046,B13,PAY01283,D01283,2,512.14,0.06,962.82,787.53,175.29,4659,Cancelled
O01284,4/16/2024 0:00,C0777,P280,E147,B03,PAY01284,D01284,4,1391.61,0.03,5399.45,3747.99,1651.46,1410,Pending
O01285,2/23/2022 0:00,C0101,P052,E039,B01,PAY01285,D01285,1,519.87,0.17,431.49,343.92,87.57,3701,Cancelled
O01286,1/20/2023 0:00,C0125,P271,E132,B11,PAY01286,D01286,5,999.83,0,4999.15,3928.79,1070.36,4085,Cancelled
O01287,2/5/2025 0:00,C1186,P160,E051,B13,PAY01287,D01287,2,20.31,0.18,33.31,26.79,6.52,1957,Pending
O01288,10/30/2025 0:00,C0412,P082,E007,B14,PAY01288,D01288,5,1181,0.18,4842.1,3890.73,951.37,4289,Cancelled
O01289,8/18/2024 0:00,C0030,P018,E033,B08,PAY01289,D01289,5,893.88,0,4469.4,2965.17,1504.23,1531,Delivered
O01290,11/9/2024 0:00,C0498,P254,E120,B15,PAY01290,D01290,4,746.44,0.18,2448.32,1541.28,907.04,583,Cancelled
O01291,1/19/2022 0:00,C0783,P101,E135,B12,PAY01291,D01291,1,1324.99,0.12,1165.99,936.55,229.44,1565,Delivered
O01292,1/23/2025 0:00,C1185,P180,E052,B05,PAY01292,D01292,4,116.45,0.02,456.48,367.77,88.71,1638,Pending
O01293,5/14/2023 0:00,C0129,P237,E150,B01,PAY01293,D01293,2,1372.49,0.04,2635.18,1841.2,793.98,586,Pending
O01294,12/3/2022 0:00,C0461,P139,E003,B07,PAY01294,D01294,4,906,0.11,3225.36,2177.45,1047.91,1065,Cancelled
O01295,3/31/2025 0:00,C0463,P284,E129,B06,PAY01295,D01295,3,526.44,0,1579.32,993.6,585.72,3113,Cancelled
O01296,8/8/2023 0:00,C0005,P266,E004,B14,PAY01296,D01296,3,984.8,0.08,2718.05,1919.23,798.82,2548,Cancelled
O01297,2/16/2024 0:00,C0857,P166,E150,B02,PAY01297,D01297,4,99.54,0.03,386.22,296.91,89.31,1867,Delivered
O01298,11/2/2022 0:00,C0875,P127,E027,B04,PAY01298,D01298,1,1082.95,0.07,1007.14,898.61,108.53,4932,Pending
O01299,7/16/2025 0:00,C0252,P146,E091,B03,PAY01299,D01299,4,328.55,0.16,1103.93,753.57,350.36,1544,Delivered
O01300,4/23/2023 0:00,C0440,P232,E023,B10,PAY01300,D01300,3,1263.13,0.03,3675.71,3253.92,421.79,1214,Cancelled
O01301,9/13/2021 0:00,C0280,P235,E068,B02,PAY01301,D01301,1,73.08,0.1,65.77,42.84,22.93,2581,Delivered
O01302,5/4/2021 0:00,C0812,P001,E137,B12,PAY01302,D01302,1,394.62,0.05,374.89,329.38,45.51,2679,Cancelled
O01303,12/16/2020 0:00,C0470,P256,E088,B13,PAY01303,D01303,1,490.1,0.19,396.98,245.64,151.34,2197,Delivered
O01304,2/5/2020 0:00,C0189,P109,E116,B03,PAY01304,D01304,5,612.23,0.12,2693.81,1747.47,946.34,1411,Delivered
O01305,8/8/2024 0:00,C0803,P275,E018,B11,PAY01305,D01305,5,987.14,0.08,4540.84,3110.88,1429.96,4540,Delivered
O01306,6/24/2022 0:00,C0472,P136,E041,B04,PAY01306,D01306,5,1392.93,0.05,6616.42,4265.17,2351.25,4189,Delivered
O01307,12/4/2022 0:00,C0363,P215,E133,B08,PAY01307,D01307,1,885.82,0.1,797.24,697.71,99.53,4096,Pending
O01308,5/25/2022 0:00,C1144,P287,E037,B11,PAY01308,D01308,5,377.45,0.06,1774.01,1335.42,438.59,4568,Cancelled
O01309,2/23/2021 0:00,C0868,P007,E113,B12,PAY01309,D01309,3,1312.88,0.08,3623.55,2438.08,1185.47,3872,Pending
O01310,5/23/2021 0:00,C0416,P234,E053,B14,PAY01310,D01310,4,1234.1,0.01,4887.04,3632.74,1254.3,4904,Delivered
O01311,8/16/2020 0:00,C0255,P278,E002,B02,PAY01311,D01311,5,291.77,0.09,1327.55,995.29,332.26,2781,Cancelled
O01312,4/7/2023 0:00,C0930,P053,E149,B11,PAY01312,D01312,3,1409.31,0.05,4016.53,2958.66,1057.87,2457,Pending
O01313,10/5/2023 0:00,C0326,P167,E093,B06,PAY01313,D01313,3,386.78,0,1160.34,927.48,232.86,4425,Cancelled
O01314,5/11/2025 0:00,C0661,P174,E011,B14,PAY01314,D01314,1,229.54,0.03,222.65,168.63,54.02,2894,Cancelled
O01315,3/7/2022 0:00,C0306,P226,E036,B12,PAY01315,D01315,2,763.2,0.02,1495.87,1254.35,241.52,741,Cancelled
O01316,3/22/2020 0:00,C0920,P287,E028,B01,PAY01316,D01316,3,532.94,0.01,1582.83,1122.2,460.63,4068,Delivered
O01317,8/22/2025 0:00,C0706,P193,E129,B08,PAY01317,D01317,1,89.2,0.14,76.71,67.2,9.51,1661,Delivered
O01318,1/13/2023 0:00,C0552,P296,E050,B04,PAY01318,D01318,4,1445.97,0.14,4974.14,3010.1,1964.04,1349,Delivered
O01319,4/24/2025 0:00,C0466,P149,E083,B01,PAY01319,D01319,1,107.27,0.08,98.69,61.04,37.65,2817,Delivered
O01320,4/4/2023 0:00,C0200,P075,E044,B04,PAY01320,D01320,4,510.13,0.19,1652.82,1052.35,600.47,1633,Delivered
O01321,3/19/2023 0:00,C0360,P241,E019,B08,PAY01321,D01321,5,436.75,0.16,1834.35,1319.88,514.47,4548,Pending
O01322,6/15/2025 0:00,C0724,P115,E052,B14,PAY01322,D01322,3,208.89,0.13,545.2,395.5,149.7,1408,Pending
O01323,11/16/2024 0:00,C0781,P228,E033,B12,PAY01323,D01323,2,1271.06,0.06,2389.59,1477.43,912.16,4250,Pending
O01324,9/7/2021 0:00,C0483,P228,E049,B11,PAY01324,D01324,1,677.6,0.05,643.72,528.62,115.1,2024,Pending
O01325,12/8/2021 0:00,C0632,P153,E061,B04,PAY01325,D01325,1,1132.98,0.14,974.36,657.8,316.56,3040,Delivered
O01326,1/31/2020 0:00,C0931,P151,E074,B09,PAY01326,D01326,1,1137.95,0.18,933.12,776.21,156.91,4765,Pending
O01327,8/23/2020 0:00,C0625,P033,E145,B06,PAY01327,D01327,3,1006.98,0.05,2869.89,2146.38,723.51,963,Pending
O01328,10/2/2020 0:00,C0242,P090,E110,B06,PAY01328,D01328,2,1322.94,0.07,2460.67,1669.24,791.43,2438,Pending
O01329,8/20/2021 0:00,C0894,P122,E059,B08,PAY01329,D01329,2,817.12,0.05,1552.53,1326.55,225.98,2732,Delivered
O01330,2/10/2022 0:00,C0466,P248,E144,B01,PAY01330,D01330,3,254.87,0.14,657.56,585.54,72.02,1586,Cancelled
O01331,9/2/2021 0:00,C0430,P096,E047,B07,PAY01331,D01331,4,266.39,0.12,937.69,717.28,220.41,2048,Cancelled
O01332,10/18/2021 0:00,C0028,P225,E012,B07,PAY01332,D01332,1,430.49,0.06,404.66,283.26,121.4,4693,Pending
O01333,2/3/2023 0:00,C0900,P024,E073,B13,PAY01333,D01333,3,1070.49,0.08,2954.55,1984.65,969.9,3908,Pending
O01334,7/8/2023 0:00,C1100,P249,E113,B04,PAY01334,D01334,3,647.02,0.08,1785.78,1466.61,319.17,4636,Pending
O01335,3/7/2021 0:00,C0206,P126,E071,B14,PAY01335,D01335,5,359.79,0.08,1655.03,1279.46,375.57,871,Cancelled
O01336,11/16/2023 0:00,C1047,P216,E140,B07,PAY01336,D01336,2,481.84,0.04,925.13,755.04,170.09,4100,Delivered
O01337,5/6/2020 0:00,C0667,P057,E020,B04,PAY01337,D01337,5,1378.98,0.12,6067.51,4806.55,1260.96,2441,Pending
O01338,8/10/2023 0:00,C0755,P171,E044,B01,PAY01338,D01338,1,655.2,0.06,615.89,420.26,195.63,3091,Pending
O01339,11/4/2024 0:00,C0137,P058,E003,B05,PAY01339,D01339,5,893.6,0.08,4110.56,2639.14,1471.42,2980,Pending
O01340,4/2/2025 0:00,C0966,P090,E146,B07,PAY01340,D01340,1,1330.66,0.12,1170.98,941.37,229.61,1385,Pending
O01341,8/24/2021 0:00,C0702,P159,E088,B05,PAY01341,D01341,2,1440.02,0.1,2592.04,1923.63,668.41,988,Cancelled
O01342,9/2/2025 0:00,C0400,P093,E117,B06,PAY01342,D01342,2,1020.7,0.2,1633.12,1154.75,478.37,3103,Delivered
O01343,5/29/2022 0:00,C0999,P254,E053,B04,PAY01343,D01343,3,752.04,0.16,1895.14,1228.76,666.38,3039,Delivered
O01344,11/27/2022 0:00,C0330,P252,E115,B02,PAY01344,D01344,1,1273.31,0.01,1260.58,919.25,341.33,4742,Delivered
O01345,10/17/2020 0:00,C0804,P180,E021,B07,PAY01345,D01345,3,1360.76,0.01,4041.46,2436.23,1605.23,3374,Pending
O01346,10/12/2023 0:00,C0087,P145,E096,B10,PAY01346,D01346,2,716.1,0.18,1174.4,933.89,240.51,3475,Cancelled
O01347,9/15/2022 0:00,C0309,P255,E013,B14,PAY01347,D01347,5,1424.96,0.12,6269.82,4279.76,1990.06,2159,Pending
O01348,12/2/2023 0:00,C0148,P118,E150,B13,PAY01348,D01348,4,915.56,0.09,3332.64,2423.61,909.03,2571,Cancelled
O01349,2/19/2023 0:00,C1040,P254,E108,B01,PAY01349,D01349,1,967.96,0.12,851.8,600.07,251.73,3279,Delivered
O01350,2/23/2021 0:00,C0526,P245,E117,B02,PAY01350,D01350,1,25.89,0.2,20.71,17.18,3.53,3696,Cancelled
O01351,6/16/2020 0:00,C0444,P237,E128,B09,PAY01351,D01351,1,404.52,0.13,351.93,222.02,129.91,4906,Pending
O01352,4/8/2020 0:00,C1197,P192,E040,B07,PAY01352,D01352,4,990.04,0.17,3286.93,2905.22,381.71,2248,Delivered
O01353,11/23/2023 0:00,C0222,P221,E125,B06,PAY01353,D01353,1,281.55,0.14,242.13,213.36,28.77,1438,Pending
O01354,6/7/2021 0:00,C0060,P252,E141,B09,PAY01354,D01354,2,453.27,0,906.54,735.73,170.81,2789,Cancelled
O01355,9/6/2020 0:00,C0585,P180,E060,B14,PAY01355,D01355,3,675.92,0.12,1784.43,1200.12,584.31,1730,Delivered
O01356,5/1/2020 0:00,C0962,P276,E148,B07,PAY01356,D01356,5,51.72,0.15,219.81,141.08,78.73,2295,Cancelled
O01357,7/1/2022 0:00,C0849,P231,E037,B08,PAY01357,D01357,5,1240.94,0.18,5087.85,3069.6,2018.25,781,Pending
O01358,12/14/2025 0:00,C0232,P253,E089,B11,PAY01358,D01358,4,1300.82,0.07,4839.05,3989.35,849.7,2594,Cancelled
O01359,2/17/2025 0:00,C0662,P053,E083,B11,PAY01359,D01359,5,91.58,0.14,393.79,348.78,45.01,2561,Delivered
O01360,8/18/2025 0:00,C0897,P002,E130,B02,PAY01360,D01360,1,891.22,0.06,837.75,668.89,168.86,2782,Pending
O01361,10/26/2023 0:00,C0899,P008,E107,B09,PAY01361,D01361,1,1091.79,0.11,971.69,594.98,376.71,3008,Cancelled
O01362,9/26/2020 0:00,C1172,P078,E130,B07,PAY01362,D01362,3,808.38,0.17,2012.87,1541.41,471.46,3715,Cancelled
O01363,11/17/2024 0:00,C1173,P111,E040,B03,PAY01363,D01363,2,181.39,0.08,333.76,222.03,111.73,3632,Delivered
O01364,11/26/2022 0:00,C0743,P243,E137,B02,PAY01364,D01364,1,140.63,0.2,112.5,99.15,13.35,2472,Delivered
O01365,12/7/2020 0:00,C0869,P207,E093,B13,PAY01365,D01365,2,629.1,0.06,1182.71,835.18,347.53,2856,Pending
O01366,2/11/2023 0:00,C1081,P010,E076,B11,PAY01366,D01366,1,745.48,0.02,730.57,624.2,106.37,3219,Delivered
O01367,5/19/2022 0:00,C0322,P192,E088,B05,PAY01367,D01367,1,327.09,0.02,320.55,283.97,36.58,1550,Cancelled
O01368,2/19/2020 0:00,C1050,P098,E033,B11,PAY01368,D01368,4,115.1,0,460.4,321.52,138.88,3205,Cancelled
O01369,8/13/2023 0:00,C0130,P217,E119,B10,PAY01369,D01369,2,1011.4,0.1,1820.52,1359.97,460.55,1035,Cancelled
O01370,4/14/2020 0:00,C0525,P054,E065,B08,PAY01370,D01370,3,990.51,0.2,2377.22,2116.59,260.63,1839,Delivered
O01371,2/6/2021 0:00,C0779,P239,E145,B15,PAY01371,D01371,1,652.49,0.2,521.99,401.98,120.01,621,Cancelled
O01372,7/8/2020 0:00,C0582,P108,E123,B09,PAY01372,D01372,2,833.87,0.2,1334.19,1150.27,183.92,2536,Cancelled
O01373,5/28/2023 0:00,C0045,P142,E102,B14,PAY01373,D01373,1,348.23,0.11,309.92,246.91,63.01,1020,Delivered
O01374,2/27/2022 0:00,C0547,P015,E117,B09,PAY01374,D01374,1,879.13,0.02,861.55,540.16,321.39,2172,Delivered
O01375,8/23/2025 0:00,C0018,P233,E013,B04,PAY01375,D01375,5,344.17,0.2,1376.68,828.23,548.45,1203,Cancelled
O01376,6/27/2022 0:00,C0092,P026,E040,B05,PAY01376,D01376,5,1037.22,0.11,4615.63,3014.65,1600.98,3391,Delivered
O01377,11/6/2025 0:00,C0620,P065,E106,B01,PAY01377,D01377,1,1142.56,0.12,1005.45,644.41,361.04,1617,Cancelled
O01378,4/26/2022 0:00,C0799,P196,E077,B05,PAY01378,D01378,2,734.48,0.07,1366.13,866.16,499.97,1551,Pending
O01379,11/7/2020 0:00,C0599,P139,E073,B02,PAY01379,D01379,1,120.44,0.14,103.58,68.62,34.96,2135,Delivered
O01380,3/5/2023 0:00,C0835,P141,E025,B06,PAY01380,D01380,3,234.23,0.17,583.23,416.07,167.16,1256,Delivered
O01381,1/23/2024 0:00,C0249,P106,E115,B04,PAY01381,D01381,4,336.02,0.19,1088.7,869.57,219.13,903,Delivered
O01382,11/12/2024 0:00,C0693,P041,E146,B11,PAY01382,D01382,1,1429.85,0.03,1386.95,1031.72,355.23,3865,Pending
O01383,7/5/2022 0:00,C1112,P214,E011,B08,PAY01383,D01383,5,1066.54,0.15,4532.8,2993.86,1538.94,4537,Delivered
O01384,8/4/2022 0:00,C0778,P050,E049,B08,PAY01384,D01384,3,322.25,0.06,908.75,646.65,262.1,2737,Cancelled
O01385,8/25/2025 0:00,C0293,P084,E119,B14,PAY01385,D01385,4,502.94,0.18,1649.64,1383.6,266.04,2951,Pending
O01386,3/3/2020 0:00,C0115,P095,E050,B09,PAY01386,D01386,3,27.38,0.1,73.93,48,25.93,2565,Pending
O01387,2/6/2025 0:00,C1052,P044,E071,B03,PAY01387,D01387,3,1090.94,0.08,3010.99,2553.05,457.94,608,Pending
O01388,10/17/2025 0:00,C1133,P275,E027,B13,PAY01388,D01388,4,887.02,0.11,3157.79,2382.23,775.56,1482,Delivered
O01389,6/23/2025 0:00,C0451,P138,E041,B13,PAY01389,D01389,3,588.86,0.06,1660.59,1202.86,457.73,1488,Delivered
O01390,7/9/2022 0:00,C0421,P171,E058,B13,PAY01390,D01390,3,638.31,0.03,1857.48,1469.85,387.63,1426,Delivered
O01391,5/27/2020 0:00,C0364,P275,E103,B09,PAY01391,D01391,1,1030.72,0.01,1020.41,794.86,225.55,3839,Cancelled
O01392,5/30/2023 0:00,C0324,P062,E057,B02,PAY01392,D01392,4,380.72,0.1,1370.59,912.33,458.26,4185,Cancelled
O01393,4/19/2020 0:00,C0749,P039,E039,B15,PAY01393,D01393,3,536.95,0.07,1498.09,1283.54,214.55,2647,Cancelled
O01394,1/4/2022 0:00,C0219,P103,E112,B13,PAY01394,D01394,3,1143.59,0.01,3396.46,2282.01,1114.45,1005,Delivered
O01395,11/27/2023 0:00,C0012,P184,E032,B08,PAY01395,D01395,5,740.7,0.11,3296.12,2876.66,419.46,3210,Pending
O01396,10/25/2025 0:00,C0216,P105,E014,B02,PAY01396,D01396,5,1339.76,0.16,5626.99,3661.78,1965.21,1895,Pending
O01397,11/21/2023 0:00,C0167,P213,E067,B08,PAY01397,D01397,3,530.1,0.14,1367.66,937.91,429.75,4449,Pending
O01398,9/13/2020 0:00,C1071,P006,E139,B10,PAY01398,D01398,3,22.44,0.06,63.28,55.84,7.44,3105,Cancelled
O01399,12/26/2024 0:00,C0484,P024,E019,B09,PAY01399,D01399,1,1096.89,0.06,1031.08,623.54,407.54,3575,Delivered
O01400,11/11/2025 0:00,C0705,P031,E069,B12,PAY01400,D01400,2,1173.31,0.12,2065.03,1267.47,797.56,3866,Delivered
O01401,5/6/2023 0:00,C0130,P044,E039,B04,PAY01401,D01401,5,843.58,0.11,3753.93,2894.46,859.47,3589,Cancelled
O01402,7/19/2021 0:00,C0492,P260,E065,B09,PAY01402,D01402,5,1426.52,0.17,5920.06,5232.96,687.1,4856,Delivered
O01403,3/3/2022 0:00,C0033,P162,E019,B07,PAY01403,D01403,4,1012.59,0.17,3361.8,2086.04,1275.76,626,Delivered
O01404,7/13/2024 0:00,C0342,P238,E030,B05,PAY01404,D01404,1,648.43,0.18,531.71,401.04,130.67,2708,Delivered
O01405,8/29/2022 0:00,C0831,P139,E100,B09,PAY01405,D01405,4,1178,0.1,4240.8,3750.8,490,4674,Cancelled
O01406,2/3/2020 0:00,C1151,P238,E042,B06,PAY01406,D01406,2,656.19,0.03,1273.01,1127.31,145.7,4463,Cancelled
O01407,5/16/2023 0:00,C0128,P104,E057,B02,PAY01407,D01407,1,158.58,0,158.58,126.03,32.55,919,Delivered
O01408,4/27/2025 0:00,C0675,P119,E028,B05,PAY01408,D01408,3,1475.63,0.14,3807.13,2715.41,1091.72,1437,Cancelled
O01409,1/16/2021 0:00,C0510,P014,E053,B03,PAY01409,D01409,4,1174.91,0.1,4229.68,3076.66,1153.02,1371,Delivered
O01410,7/4/2020 0:00,C1064,P218,E086,B02,PAY01410,D01410,3,1017.78,0.01,3022.81,2302.9,719.91,1536,Delivered
O01411,6/23/2024 0:00,C0747,P032,E119,B02,PAY01411,D01411,4,538.93,0.13,1875.48,1500.7,374.78,2562,Pending
O01412,2/26/2020 0:00,C0548,P281,E081,B11,PAY01412,D01412,1,1092.7,0,1092.7,828.65,264.05,2177,Delivered
O01413,12/9/2022 0:00,C0641,P156,E007,B14,PAY01413,D01413,1,549.84,0.1,494.86,443.76,51.1,1328,Cancelled
O01414,11/2/2025 0:00,C0380,P068,E125,B09,PAY01414,D01414,1,266.3,0.11,237.01,177.75,59.26,1968,Pending
O01415,6/28/2023 0:00,C0670,P136,E014,B10,PAY01415,D01415,5,542.69,0.08,2496.37,1683.08,813.29,702,Pending
O01416,2/10/2025 0:00,C1134,P079,E003,B07,PAY01416,D01416,2,713.83,0.19,1156.4,881.06,275.34,2070,Pending
O01417,2/1/2023 0:00,C0688,P262,E131,B08,PAY01417,D01417,3,1051.21,0.06,2964.41,1882.09,1082.32,3842,Pending
O01418,11/17/2024 0:00,C0805,P003,E058,B02,PAY01418,D01418,5,1165.93,0.12,5130.09,4275.05,855.04,4016,Pending
O01419,3/31/2024 0:00,C0192,P017,E110,B04,PAY01419,D01419,1,777.18,0.11,691.69,559.9,131.79,3290,Pending
O01420,3/9/2022 0:00,C0793,P023,E084,B02,PAY01420,D01420,2,1472.62,0.04,2827.43,1946.25,881.18,2919,Pending
O01421,7/21/2020 0:00,C0548,P003,E136,B07,PAY01421,D01421,1,486.96,0.18,399.31,357.11,42.2,4081,Delivered
O01422,12/4/2023 0:00,C0416,P042,E148,B15,PAY01422,D01422,5,720.99,0.1,3244.45,2028.44,1216.01,3725,Cancelled
O01423,5/22/2024 0:00,C0091,P045,E044,B10,PAY01423,D01423,4,74.87,0.04,287.5,208.42,79.08,2617,Pending
O01424,3/18/2021 0:00,C0911,P298,E071,B06,PAY01424,D01424,2,882.45,0.07,1641.36,1383.33,258.03,2107,Pending
O01425,5/8/2024 0:00,C0676,P031,E046,B12,PAY01425,D01425,2,1474.09,0.09,2682.84,2213.32,469.52,545,Cancelled
O01426,3/1/2020 0:00,C0711,P085,E048,B07,PAY01426,D01426,2,1385.07,0.15,2354.62,2038.18,316.44,2149,Cancelled
O01427,9/17/2021 0:00,C0332,P203,E137,B14,PAY01427,D01427,4,1052.72,0.1,3789.79,2620.53,1169.26,2374,Pending
O01428,10/7/2020 0:00,C1112,P048,E048,B13,PAY01428,D01428,5,169.46,0.15,720.21,449.9,270.31,3751,Pending
O01429,11/9/2024 0:00,C0078,P210,E006,B12,PAY01429,D01429,1,20.05,0.19,16.24,14.17,2.07,4452,Cancelled
O01430,5/5/2024 0:00,C0241,P115,E078,B12,PAY01430,D01430,5,280.94,0.15,1194,810.6,383.4,2564,Cancelled
O01431,10/11/2021 0:00,C0249,P124,E065,B08,PAY01431,D01431,1,427.37,0.17,354.72,271.74,82.98,2287,Delivered
O01432,8/20/2022 0:00,C0034,P201,E068,B11,PAY01432,D01432,1,1069.33,0.15,908.93,629.34,279.59,1338,Pending
O01433,5/26/2023 0:00,C1146,P006,E009,B13,PAY01433,D01433,4,1497.88,0.12,5272.54,3362.16,1910.38,834,Pending
O01434,2/21/2022 0:00,C0672,P285,E001,B12,PAY01434,D01434,3,1453.68,0.03,4230.21,2677.8,1552.41,2272,Pending
O01435,6/10/2021 0:00,C0668,P018,E017,B10,PAY01435,D01435,1,257.65,0.12,226.73,161.51,65.22,555,Delivered
O01436,3/18/2025 0:00,C0754,P119,E136,B11,PAY01436,D01436,3,1483.11,0.06,4182.37,3664.01,518.36,3012,Delivered
O01437,5/17/2020 0:00,C0253,P107,E043,B05,PAY01437,D01437,3,263.93,0.14,680.94,455.5,225.44,4978,Pending
O01438,5/20/2025 0:00,C1147,P264,E149,B11,PAY01438,D01438,3,681.01,0.12,1797.87,1239.19,558.68,3620,Delivered
O01439,1/24/2023 0:00,C0504,P030,E140,B08,PAY01439,D01439,5,775.53,0.14,3334.78,2751,583.78,4588,Cancelled
O01440,7/5/2023 0:00,C0952,P150,E103,B15,PAY01440,D01440,4,1469.08,0.09,5347.45,4260.02,1087.43,3992,Pending
O01441,1/25/2020 0:00,C0966,P031,E142,B03,PAY01441,D01441,1,567.48,0.17,471.01,400.68,70.33,1654,Pending
O01442,9/6/2020 0:00,C0756,P208,E018,B02,PAY01442,D01442,5,475.92,0.15,2022.66,1353.15,669.51,3957,Delivered
O01443,2/13/2021 0:00,C0836,P077,E001,B15,PAY01443,D01443,5,1343.75,0.1,6046.88,4503.28,1543.6,2185,Delivered
O01444,7/9/2025 0:00,C0476,P008,E054,B11,PAY01444,D01444,2,1399.94,0.17,2323.9,1879.48,444.42,887,Delivered
O01445,1/17/2024 0:00,C0738,P144,E096,B03,PAY01445,D01445,5,265.89,0.11,1183.21,900.25,282.96,970,Delivered
O01446,4/27/2020 0:00,C0085,P211,E115,B03,PAY01446,D01446,2,529.53,0,1059.06,818.58,240.48,4796,Pending
O01447,1/27/2025 0:00,C0375,P225,E047,B11,PAY01447,D01447,4,528.74,0.11,1882.31,1540.08,342.23,4003,Delivered
O01448,1/24/2024 0:00,C0629,P068,E067,B03,PAY01448,D01448,4,297.54,0.09,1083.05,794.72,288.33,4302,Cancelled
O01449,1/25/2022 0:00,C0352,P163,E074,B03,PAY01449,D01449,4,58.62,0.07,218.07,143.15,74.92,3613,Pending
O01450,11/29/2023 0:00,C0894,P100,E060,B06,PAY01450,D01450,3,653.38,0.09,1783.73,1185.79,597.94,4985,Delivered
O01451,8/12/2021 0:00,C0924,P035,E014,B07,PAY01451,D01451,5,1159.21,0.05,5506.25,3945.15,1561.1,2204,Cancelled
O01452,7/29/2024 0:00,C0204,P075,E037,B13,PAY01452,D01452,1,745.67,0.19,603.99,505.17,98.82,4617,Cancelled
O01453,3/8/2023 0:00,C0050,P015,E114,B02,PAY01453,D01453,4,179.03,0.18,587.22,467.8,119.42,3906,Cancelled
O01454,6/7/2020 0:00,C1185,P135,E104,B05,PAY01454,D01454,4,1266.05,0.02,4962.92,3715.72,1247.2,748,Delivered
O01455,2/29/2024 0:00,C0182,P055,E133,B01,PAY01455,D01455,5,522.6,0.1,2351.7,1919.73,431.97,2217,Pending
O01456,12/1/2020 0:00,C0121,P296,E090,B05,PAY01456,D01456,4,1318.89,0.2,4220.45,3198.34,1022.11,1165,Delivered
O01457,11/11/2023 0:00,C0167,P200,E042,B12,PAY01457,D01457,3,1253.35,0.1,3384.04,2582.48,801.56,1133,Delivered
O01458,3/6/2022 0:00,C1188,P136,E147,B07,PAY01458,D01458,5,114.48,0.07,532.33,331.49,200.84,2157,Pending
O01459,4/3/2025 0:00,C0593,P021,E057,B08,PAY01459,D01459,3,1283.66,0.02,3773.96,3276.72,497.24,2730,Cancelled
O01460,3/10/2020 0:00,C0763,P037,E109,B12,PAY01460,D01460,4,1127.34,0.11,4013.33,2582.36,1430.97,1879,Cancelled
O01461,3/5/2023 0:00,C1145,P112,E059,B02,PAY01461,D01461,1,634.02,0.03,615,375.22,239.78,1545,Cancelled
O01462,7/11/2024 0:00,C0526,P065,E054,B05,PAY01462,D01462,1,1397.99,0.12,1230.23,1060.46,169.77,3850,Delivered
O01463,4/13/2025 0:00,C0483,P109,E104,B13,PAY01463,D01463,1,144.52,0.1,130.07,99.79,30.28,4850,Pending
O01464,7/19/2024 0:00,C0699,P265,E051,B05,PAY01464,D01464,4,1379.13,0.04,5295.86,3970.12,1325.74,1842,Delivered
O01465,8/9/2024 0:00,C0348,P207,E119,B13,PAY01465,D01465,2,1163.31,0.02,2280.09,1927.5,352.59,501,Pending
O01466,6/12/2021 0:00,C1023,P176,E110,B06,PAY01466,D01466,5,486.25,0.15,2066.56,1321.17,745.39,3772,Delivered
O01467,7/20/2022 0:00,C0700,P118,E090,B08,PAY01467,D01467,5,577.99,0.1,2600.95,1962.92,638.03,2600,Pending
O01468,8/19/2021 0:00,C1113,P061,E079,B14,PAY01468,D01468,3,537.16,0.18,1321.41,1119.57,201.84,2601,Pending
O01469,7/22/2021 0:00,C0243,P193,E113,B08,PAY01469,D01469,2,1323.79,0.04,2541.68,2203.56,338.12,1188,Cancelled
O01470,2/2/2022 0:00,C1200,P104,E121,B13,PAY01470,D01470,3,1153.33,0.08,3183.19,2532.64,650.55,2730,Cancelled
O01471,11/10/2021 0:00,C0005,P253,E016,B06,PAY01471,D01471,3,926.07,0.19,2250.35,1646.89,603.46,3179,Delivered
O01472,6/23/2020 0:00,C0416,P291,E024,B06,PAY01472,D01472,4,594.84,0.05,2260.39,1899.63,360.76,1125,Delivered
O01473,9/30/2020 0:00,C0683,P224,E103,B08,PAY01473,D01473,5,926.34,0.06,4353.8,3093.28,1260.52,4796,Delivered
O01474,1/20/2022 0:00,C0251,P097,E058,B04,PAY01474,D01474,3,1171.31,0.19,2846.28,2339.29,506.99,4122,Pending
O01475,7/16/2022 0:00,C0635,P052,E139,B15,PAY01475,D01475,2,1205.93,0.07,2243.03,1542.8,700.23,2626,Delivered
O01476,8/7/2025 0:00,C0019,P194,E136,B08,PAY01476,D01476,2,481.66,0.16,809.19,723.04,86.15,3274,Pending
O01477,9/5/2023 0:00,C0055,P149,E126,B11,PAY01477,D01477,5,850.5,0.01,4209.98,3690.72,519.26,4645,Cancelled
O01478,2/26/2020 0:00,C1095,P196,E057,B06,PAY01478,D01478,3,136.63,0.14,352.51,218.48,134.03,1912,Delivered
O01479,6/30/2025 0:00,C0455,P175,E112,B07,PAY01479,D01479,4,47.64,0.14,163.88,136.96,26.92,3969,Delivered
O01480,12/21/2020 0:00,C0627,P284,E039,B07,PAY01480,D01480,2,1268.11,0.16,2130.42,1535.55,594.87,4705,Cancelled
O01481,12/3/2021 0:00,C0313,P166,E146,B08,PAY01481,D01481,2,1236.78,0.09,2250.94,2025.79,225.15,1422,Delivered
O01482,5/19/2020 0:00,C0997,P203,E124,B02,PAY01482,D01482,2,607.67,0.13,1057.35,878.4,178.95,1157,Delivered
O01483,5/18/2021 0:00,C1122,P174,E108,B07,PAY01483,D01483,5,643.32,0.07,2991.44,2267.91,723.53,2985,Cancelled
O01484,10/7/2022 0:00,C1087,P036,E076,B11,PAY01484,D01484,4,74,0.06,278.24,168.51,109.73,4714,Cancelled
O01485,5/20/2025 0:00,C0461,P127,E143,B13,PAY01485,D01485,5,962.77,0.11,4284.33,2837.37,1446.96,1551,Delivered
O01486,10/20/2024 0:00,C1178,P231,E118,B15,PAY01486,D01486,4,1409.95,0.05,5357.81,4651.9,705.91,2387,Delivered
O01487,7/30/2020 0:00,C0708,P085,E071,B11,PAY01487,D01487,1,1353.65,0.06,1272.43,830.08,442.35,2440,Delivered
O01488,5/22/2023 0:00,C0613,P285,E146,B08,PAY01488,D01488,1,607.88,0.03,589.64,516.02,73.62,4940,Pending
O01489,8/3/2025 0:00,C0394,P202,E118,B06,PAY01489,D01489,3,1393.17,0.17,3468.99,2236.2,1232.79,4093,Delivered
O01490,9/26/2022 0:00,C0499,P162,E104,B05,PAY01490,D01490,5,792.5,0.19,3209.62,2685.2,524.42,4204,Pending
O01491,3/18/2024 0:00,C0588,P141,E010,B07,PAY01491,D01491,3,1047.4,0.19,2545.18,2023.87,521.31,2789,Cancelled
O01492,2/5/2020 0:00,C0758,P290,E112,B11,PAY01492,D01492,2,1023.12,0.04,1964.39,1683.7,280.69,4511,Cancelled
O01493,9/18/2025 0:00,C0559,P038,E090,B15,PAY01493,D01493,2,666.03,0.08,1225.5,873.88,351.62,2863,Pending
O01494,3/27/2020 0:00,C0403,P262,E009,B14,PAY01494,D01494,5,595.91,0.02,2919.96,2116.01,803.95,4264,Cancelled
O01495,2/19/2021 0:00,C0524,P018,E119,B09,PAY01495,D01495,2,760.13,0.02,1489.85,927.12,562.73,3928,Pending
O01496,5/6/2023 0:00,C0416,P015,E110,B14,PAY01496,D01496,4,1431.94,0.18,4696.76,3076.89,1619.87,1961,Delivered
O01497,10/7/2025 0:00,C0992,P063,E094,B03,PAY01497,D01497,5,32.09,0.11,142.8,112.32,30.48,3262,Cancelled
O01498,9/24/2023 0:00,C0723,P292,E020,B13,PAY01498,D01498,1,1158.56,0.01,1146.97,895.49,251.48,3095,Cancelled
O01499,10/16/2025 0:00,C0269,P006,E036,B11,PAY01499,D01499,4,1468.32,0.03,5697.08,3550.8,2146.28,1929,Delivered
O01500,3/6/2024 0:00,C0645,P170,E026,B15,PAY01500,D01500,1,1198.41,0.17,994.68,744.84,249.84,2957,Pending
O01501,12/6/2022 0:00,C0632,P007,E130,B13,PAY01501,D01501,2,218.89,0.04,420.27,296.41,123.86,4274,Cancelled
O01502,7/29/2022 0:00,C1161,P253,E061,B15,PAY01502,D01502,2,775.98,0.16,1303.65,847.33,456.32,821,Cancelled
O01503,3/1/2023 0:00,C0047,P027,E149,B02,PAY01503,D01503,5,253.71,0.04,1217.81,818.73,399.08,3869,Cancelled
O01504,8/29/2022 0:00,C0135,P040,E013,B14,PAY01504,D01504,2,699.9,0.02,1371.8,1109.67,262.13,828,Cancelled
O01505,9/8/2021 0:00,C0263,P019,E144,B10,PAY01505,D01505,3,389.16,0.06,1097.43,911.54,185.89,2832,Cancelled
O01506,7/22/2021 0:00,C0888,P223,E075,B05,PAY01506,D01506,1,1423.65,0.19,1153.16,899.55,253.61,1875,Cancelled
O01507,10/26/2024 0:00,C0609,P139,E109,B08,PAY01507,D01507,4,1000.81,0.17,3322.69,2960.51,362.18,4255,Cancelled
O01508,10/14/2024 0:00,C1100,P099,E059,B10,PAY01508,D01508,4,98.31,0.06,369.65,296.45,73.2,1049,Pending
O01509,8/15/2020 0:00,C0312,P039,E045,B13,PAY01509,D01509,2,760.52,0.01,1505.83,1098.12,407.71,2501,Delivered
O01510,10/20/2020 0:00,C0863,P094,E060,B04,PAY01510,D01510,5,954.88,0.19,3867.26,2842.25,1025.01,2298,Pending
O01511,9/27/2022 0:00,C0984,P038,E038,B01,PAY01511,D01511,1,1380.37,0.09,1256.14,785.83,470.31,2123,Cancelled
O01512,12/24/2024 0:00,C0298,P210,E092,B14,PAY01512,D01512,3,947.9,0.1,2559.33,2177.72,381.61,3163,Cancelled
O01513,12/3/2023 0:00,C0591,P245,E071,B11,PAY01513,D01513,2,1486.68,0.16,2497.62,1633.7,863.92,4069,Cancelled
O01514,6/16/2025 0:00,C1194,P144,E042,B06,PAY01514,D01514,2,752.54,0.12,1324.47,1178.18,146.29,3444,Cancelled
O01515,5/8/2023 0:00,C0311,P029,E118,B01,PAY01515,D01515,5,597.65,0.09,2719.31,2096.02,623.29,2299,Delivered
O01516,7/9/2020 0:00,C0035,P292,E142,B03,PAY01516,D01516,4,1385.96,0.17,4601.39,3014.83,1586.56,517,Cancelled
O01517,12/26/2023 0:00,C0277,P053,E114,B08,PAY01517,D01517,4,830,0.07,3087.6,2764.35,323.25,2299,Pending
O01518,8/19/2022 0:00,C0031,P043,E113,B01,PAY01518,D01518,2,1446.75,0.18,2372.67,1893.36,479.31,788,Delivered
O01519,8/29/2025 0:00,C0036,P203,E057,B08,PAY01519,D01519,5,1243.79,0.18,5099.54,4576.94,522.6,4113,Pending
O01520,6/25/2020 0:00,C0606,P087,E142,B12,PAY01520,D01520,2,1213.86,0.2,1942.18,1617.98,324.2,3910,Pending
O01521,6/17/2023 0:00,C0222,P276,E119,B14,PAY01521,D01521,4,313.87,0.13,1092.27,715.21,377.06,2612,Delivered
O01522,8/2/2025 0:00,C0191,P045,E054,B11,PAY01522,D01522,3,102.78,0.12,271.34,244.11,27.23,2354,Pending
O01523,5/31/2025 0:00,C0774,P067,E037,B14,PAY01523,D01523,3,650.56,0.07,1815.06,1281.3,533.76,2751,Pending
O01524,7/13/2021 0:00,C0556,P023,E011,B04,PAY01524,D01524,4,513.15,0.1,1847.34,1511.16,336.18,548,Pending
O01525,5/30/2023 0:00,C0592,P174,E028,B01,PAY01525,D01525,2,1407.51,0.03,2730.57,2388.48,342.09,3669,Pending
O01526,11/20/2021 0:00,C0272,P197,E057,B12,PAY01526,D01526,3,1454.44,0.19,3534.29,2304.04,1230.25,1954,Cancelled
O01527,9/12/2025 0:00,C0839,P028,E020,B07,PAY01527,D01527,1,258.8,0.09,235.51,198.25,37.26,2341,Delivered
O01528,11/7/2021 0:00,C1022,P084,E054,B04,PAY01528,D01528,1,1398.12,0.1,1258.31,757.07,501.24,3892,Delivered
O01529,9/24/2020 0:00,C0221,P225,E148,B04,PAY01529,D01529,2,442.63,0.01,876.41,678.67,197.74,3859,Pending
O01530,11/21/2022 0:00,C0629,P252,E038,B04,PAY01530,D01530,4,987.04,0.02,3869.2,2838.25,1030.95,1950,Pending
O01531,10/22/2022 0:00,C0961,P025,E046,B14,PAY01531,D01531,1,380.5,0.02,372.89,280.63,92.26,4031,Delivered
O01532,9/14/2021 0:00,C0036,P010,E124,B11,PAY01532,D01532,5,666.92,0.15,2834.41,2503.45,330.96,1523,Cancelled
O01533,1/7/2025 0:00,C0236,P110,E077,B01,PAY01533,D01533,5,355.84,0.11,1583.49,1334.68,248.81,4700,Cancelled
O01534,10/24/2025 0:00,C0596,P087,E028,B15,PAY01534,D01534,1,879.23,0.09,800.1,632.73,167.37,1212,Delivered
O01535,10/26/2023 0:00,C0716,P257,E045,B10,PAY01535,D01535,4,1440.07,0.18,4723.43,3269.77,1453.66,2181,Delivered
O01536,3/31/2022 0:00,C0985,P004,E116,B12,PAY01536,D01536,1,598.16,0.18,490.49,352.59,137.9,2477,Pending
O01537,1/6/2022 0:00,C0876,P216,E101,B15,PAY01537,D01537,4,1012.37,0.12,3563.54,2903.44,660.1,3754,Pending
O01538,10/21/2023 0:00,C1154,P045,E124,B08,PAY01538,D01538,5,838.72,0.07,3900.05,2847.93,1052.12,2758,Cancelled
O01539,1/21/2023 0:00,C0829,P208,E138,B15,PAY01539,D01539,2,403.43,0.15,685.83,445.68,240.15,2196,Pending
O01540,2/25/2022 0:00,C1055,P198,E080,B12,PAY01540,D01540,3,676.63,0.14,1745.71,1351,394.71,2289,Pending
O01541,10/20/2024 0:00,C1160,P137,E045,B04,PAY01541,D01541,2,1179.28,0.15,2004.78,1581.92,422.86,535,Delivered
O01542,3/7/2023 0:00,C1092,P213,E012,B01,PAY01542,D01542,2,48.46,0.12,85.29,56.69,28.6,1306,Pending
O01543,4/17/2023 0:00,C1082,P138,E075,B06,PAY01543,D01543,5,1227.92,0.14,5280.06,3230.57,2049.49,3863,Delivered
O01544,10/21/2024 0:00,C0303,P079,E095,B08,PAY01544,D01544,5,454.52,0.18,1863.53,1291.6,571.93,3933,Pending
O01545,3/11/2022 0:00,C0613,P249,E128,B05,PAY01545,D01545,2,818.17,0,1636.34,1375.73,260.61,813,Pending
O01546,4/5/2021 0:00,C0764,P115,E146,B08,PAY01546,D01546,3,1172.99,0.11,3131.88,2358.68,773.2,1629,Pending
O01547,6/25/2022 0:00,C1079,P162,E144,B03,PAY01547,D01547,3,547.5,0.16,1379.7,1049.1,330.6,4382,Cancelled
O01548,8/5/2025 0:00,C1083,P202,E030,B05,PAY01548,D01548,1,67.28,0.01,66.61,58.03,8.58,869,Cancelled
O01549,6/6/2020 0:00,C0454,P021,E008,B15,PAY01549,D01549,1,606.07,0.02,593.95,508.76,85.19,4664,Delivered
O01550,10/13/2020 0:00,C1078,P260,E094,B06,PAY01550,D01550,3,491.97,0.06,1387.36,937.24,450.12,2954,Cancelled
O01551,1/17/2020 0:00,C1046,P029,E113,B12,PAY01551,D01551,2,313.99,0.11,558.9,400.4,158.5,4947,Cancelled
O01552,4/9/2020 0:00,C1196,P026,E014,B04,PAY01552,D01552,4,1084.11,0.1,3902.8,3043.55,859.25,2250,Delivered
O01553,1/27/2023 0:00,C0739,P286,E105,B07,PAY01553,D01553,4,1329.51,0.17,4413.97,2691.02,1722.95,2388,Pending
O01554,1/27/2020 0:00,C0617,P152,E108,B10,PAY01554,D01554,3,291.32,0.2,699.17,451.61,247.56,4424,Cancelled
O01555,7/30/2020 0:00,C0978,P041,E079,B14,PAY01555,D01555,3,1301.74,0.17,3241.33,2313.77,927.56,984,Pending
O01556,9/7/2021 0:00,C0702,P130,E021,B12,PAY01556,D01556,5,1189.74,0.14,5115.88,4210.21,905.67,4290,Delivered
O01557,4/26/2020 0:00,C0142,P074,E107,B14,PAY01557,D01557,2,114.53,0.03,222.19,186.04,36.15,1882,Delivered
O01558,1/4/2025 0:00,C0179,P233,E033,B02,PAY01558,D01558,2,1480.58,0.09,2694.66,2288.18,406.48,2685,Delivered
O01559,1/20/2024 0:00,C0160,P250,E042,B15,PAY01559,D01559,1,607.12,0.05,576.76,449.52,127.24,2805,Cancelled
O01560,1/16/2025 0:00,C0587,P173,E102,B15,PAY01560,D01560,4,1397.74,0.02,5479.14,4803.1,676.04,820,Delivered
O01561,7/4/2022 0:00,C1189,P035,E130,B03,PAY01561,D01561,4,696.1,0.19,2255.36,1967.21,288.15,692,Pending
O01562,2/17/2021 0:00,C0052,P184,E042,B10,PAY01562,D01562,2,1368.6,0.06,2572.97,1929.37,643.6,4892,Delivered
O01563,11/19/2024 0:00,C0198,P012,E081,B13,PAY01563,D01563,1,1419.74,0.15,1206.78,885.05,321.73,1807,Delivered
O01564,6/17/2020 0:00,C0501,P142,E010,B06,PAY01564,D01564,5,505.67,0.15,2149.1,1351.07,798.03,2069,Delivered
O01565,2/2/2022 0:00,C0192,P147,E044,B05,PAY01565,D01565,5,42.5,0.15,180.62,152.87,27.75,1993,Delivered
O01566,3/7/2023 0:00,C0020,P258,E060,B09,PAY01566,D01566,5,524.44,0.17,2176.43,1681.24,495.19,3274,Delivered
O01567,8/1/2025 0:00,C1163,P129,E125,B06,PAY01567,D01567,4,593.5,0.05,2255.3,1825.64,429.66,4012,Delivered
O01568,4/22/2023 0:00,C0914,P261,E003,B13,PAY01568,D01568,5,752.97,0.16,3162.47,2293.01,869.46,1414,Pending
O01569,11/11/2021 0:00,C0595,P026,E097,B04,PAY01569,D01569,4,1425.85,0.19,4619.75,4069.2,550.55,515,Delivered
O01570,10/3/2025 0:00,C0215,P012,E143,B06,PAY01570,D01570,2,764.79,0.16,1284.85,904.83,380.02,1658,Pending
O01571,5/22/2022 0:00,C1150,P266,E135,B14,PAY01571,D01571,3,1025.46,0.06,2891.8,2524.11,367.69,2323,Pending
O01572,3/8/2023 0:00,C0404,P219,E146,B11,PAY01572,D01572,1,464.76,0.02,455.46,344.03,111.43,3866,Pending
O01573,7/29/2023 0:00,C0420,P143,E135,B15,PAY01573,D01573,3,776.69,0.19,1887.36,1308.2,579.16,1063,Cancelled
O01574,8/16/2020 0:00,C0119,P181,E014,B14,PAY01574,D01574,5,331.12,0.01,1639.04,1447.79,191.25,2740,Pending
O01575,5/20/2022 0:00,C0988,P140,E079,B12,PAY01575,D01575,4,908.52,0.14,3125.31,2756.76,368.55,2341,Cancelled
O01576,12/3/2020 0:00,C0331,P266,E133,B04,PAY01576,D01576,5,698.05,0.19,2827.1,2004.05,823.05,3410,Pending
O01577,5/1/2023 0:00,C1145,P173,E024,B06,PAY01577,D01577,1,1091.94,0.11,971.83,865.49,106.34,1036,Cancelled
O01578,2/22/2025 0:00,C0156,P203,E034,B10,PAY01578,D01578,5,267.22,0.02,1309.38,1019.16,290.22,2327,Pending
O01579,10/31/2023 0:00,C1042,P012,E093,B13,PAY01579,D01579,4,737.68,0.14,2537.62,1819.89,717.73,1014,Pending
O01580,4/17/2022 0:00,C0744,P252,E082,B06,PAY01580,D01580,4,810.08,0.11,2883.88,1768.72,1115.16,3426,Cancelled
O01581,9/27/2022 0:00,C0111,P282,E007,B14,PAY01581,D01581,2,318.57,0.01,630.77,412.57,218.2,2186,Delivered
O01582,7/28/2025 0:00,C0748,P281,E068,B14,PAY01582,D01582,4,934.85,0.07,3477.64,2909.31,568.33,2311,Cancelled
O01583,7/28/2024 0:00,C0862,P111,E045,B08,PAY01583,D01583,3,562.31,0.09,1535.11,1221.93,313.18,4709,Pending
O01584,9/21/2025 0:00,C0469,P228,E098,B02,PAY01584,D01584,3,307.67,0.13,803.02,525.24,277.78,2276,Pending
O01585,12/31/2020 0:00,C0112,P089,E032,B11,PAY01585,D01585,5,52.34,0.18,214.59,135.22,79.37,2866,Pending
O01586,8/28/2023 0:00,C0763,P100,E051,B09,PAY01586,D01586,3,575.57,0.02,1692.18,1118.6,573.58,984,Delivered
O01587,8/22/2022 0:00,C1097,P022,E013,B10,PAY01587,D01587,5,629.05,0.04,3019.44,2138.74,880.7,2277,Delivered
O01588,3/28/2021 0:00,C0379,P057,E109,B04,PAY01588,D01588,5,270.59,0.03,1312.36,865.05,447.31,3908,Delivered
O01589,4/2/2023 0:00,C0122,P269,E040,B01,PAY01589,D01589,1,217.88,0.12,191.73,156.38,35.35,3636,Cancelled
O01590,10/1/2025 0:00,C0974,P022,E066,B01,PAY01590,D01590,1,1439.21,0.02,1410.43,1084.84,325.59,4231,Delivered
O01591,10/19/2023 0:00,C0904,P222,E120,B03,PAY01591,D01591,5,477.87,0.11,2126.52,1296.58,829.94,2155,Pending
O01592,8/23/2021 0:00,C0998,P154,E122,B15,PAY01592,D01592,5,939.02,0.18,3849.98,2463.79,1386.19,2016,Pending
O01593,3/17/2021 0:00,C0547,P206,E131,B07,PAY01593,D01593,5,1122.39,0.11,4994.64,3070.85,1923.79,4850,Cancelled
O01594,12/26/2024 0:00,C0291,P055,E032,B07,PAY01594,D01594,1,191.24,0.18,156.82,118.53,38.29,4003,Pending
O01595,2/16/2025 0:00,C0197,P257,E102,B05,PAY01595,D01595,2,593.09,0.06,1115.01,906.09,208.92,2495,Cancelled
O01596,5/6/2022 0:00,C1196,P031,E009,B14,PAY01596,D01596,5,333.04,0.12,1465.38,947.15,518.23,3858,Pending
O01597,8/30/2020 0:00,C0339,P112,E014,B13,PAY01597,D01597,4,1082.6,0.07,4027.27,2434.74,1592.53,3928,Pending
O01598,6/4/2025 0:00,C0066,P215,E054,B08,PAY01598,D01598,1,213.05,0.14,183.22,151.07,32.15,2451,Delivered
O01599,1/19/2025 0:00,C0044,P157,E080,B06,PAY01599,D01599,2,877.42,0.18,1438.97,1036.51,402.46,4405,Pending
O01600,4/6/2023 0:00,C0304,P158,E009,B10,PAY01600,D01600,4,1366.84,0.18,4483.24,3747.85,735.39,4338,Pending
O01601,6/19/2023 0:00,C0886,P080,E048,B02,PAY01601,D01601,5,934.26,0.14,4017.32,3076.25,941.07,4155,Delivered
O01602,3/15/2023 0:00,C0096,P287,E036,B11,PAY01602,D01602,1,193.07,0.08,177.62,123.42,54.2,2080,Pending
O01603,8/20/2021 0:00,C0466,P245,E116,B03,PAY01603,D01603,5,334.52,0.18,1371.53,835.97,535.56,779,Cancelled
O01604,9/13/2021 0:00,C0034,P211,E125,B04,PAY01604,D01604,3,162.16,0.15,413.51,285.54,127.97,2933,Delivered
O01605,11/26/2024 0:00,C1157,P257,E057,B09,PAY01605,D01605,1,614.46,0.03,596.03,515.73,80.3,1014,Cancelled
O01606,8/30/2021 0:00,C1147,P160,E081,B12,PAY01606,D01606,4,802.01,0.2,2566.43,2274.13,292.3,2674,Pending
O01607,10/9/2024 0:00,C0009,P093,E142,B01,PAY01607,D01607,2,1429.7,0.1,2573.46,2057.85,515.61,4743,Delivered
O01608,9/27/2024 0:00,C1148,P165,E124,B10,PAY01608,D01608,1,1481.17,0.06,1392.3,1167.08,225.22,2938,Delivered
O01609,2/9/2024 0:00,C0515,P236,E083,B07,PAY01609,D01609,3,965.78,0.11,2578.63,1680.69,897.94,3104,Delivered
O01610,7/16/2025 0:00,C1100,P286,E010,B02,PAY01610,D01610,1,905.01,0.18,742.11,557.99,184.12,3166,Cancelled
O01611,6/2/2022 0:00,C0695,P058,E005,B12,PAY01611,D01611,1,649.05,0.08,597.13,418.96,178.17,3869,Cancelled
O01612,11/25/2024 0:00,C0744,P294,E012,B13,PAY01612,D01612,5,260.31,0.1,1171.39,1031.03,140.36,4672,Cancelled
O01613,11/12/2023 0:00,C0796,P268,E062,B09,PAY01613,D01613,4,981.4,0.18,3218.99,2413.49,805.5,3046,Pending
O01614,5/31/2020 0:00,C1186,P037,E105,B06,PAY01614,D01614,2,331.49,0.08,609.94,462.92,147.02,1564,Pending
O01615,2/5/2021 0:00,C0168,P025,E110,B11,PAY01615,D01615,2,164.35,0.11,292.54,236.92,55.62,3541,Delivered
O01616,3/8/2023 0:00,C1097,P142,E128,B02,PAY01616,D01616,5,1246,0.18,5108.6,4098.38,1010.22,1147,Cancelled
O01617,12/3/2023 0:00,C1084,P162,E137,B12,PAY01617,D01617,3,808.45,0.05,2304.08,1987.59,316.49,1880,Delivered
O01618,4/2/2021 0:00,C0094,P085,E135,B10,PAY01618,D01618,4,414.8,0.01,1642.61,1415.9,226.71,1377,Pending
O01619,5/18/2021 0:00,C0908,P156,E014,B15,PAY01619,D01619,1,801.65,0.06,753.55,622.13,131.42,1000,Delivered
O01620,7/15/2022 0:00,C1067,P084,E118,B14,PAY01620,D01620,3,1076.42,0.02,3164.67,2792.11,372.56,1446,Delivered
O01621,12/22/2023 0:00,C0448,P151,E077,B15,PAY01621,D01621,2,909.8,0.17,1510.27,1034.84,475.43,1134,Delivered
O01622,7/9/2024 0:00,C0543,P213,E055,B01,PAY01622,D01622,3,225.27,0.2,540.65,400.24,140.41,1221,Pending
O01623,12/1/2021 0:00,C0802,P285,E104,B01,PAY01623,D01623,3,29.99,0.05,85.47,53.81,31.66,2870,Pending
O01624,7/10/2023 0:00,C0125,P051,E139,B02,PAY01624,D01624,5,621.4,0.16,2609.88,1623.58,986.3,2452,Pending
O01625,12/19/2024 0:00,C0280,P120,E067,B01,PAY01625,D01625,2,323.86,0.17,537.61,351.97,185.64,607,Delivered
O01626,8/24/2023 0:00,C1118,P034,E121,B15,PAY01626,D01626,2,777.66,0.14,1337.58,1014.8,322.78,4376,Delivered
O01627,9/22/2024 0:00,C0295,P039,E146,B02,PAY01627,D01627,4,73.61,0.2,235.55,181.32,54.23,4650,Pending
O01628,12/12/2025 0:00,C1151,P276,E124,B09,PAY01628,D01628,3,529.99,0,1589.97,1156.35,433.62,3662,Delivered
O01629,1/7/2021 0:00,C0051,P220,E032,B03,PAY01629,D01629,1,1317.48,0.02,1291.13,886.96,404.17,3002,Delivered
O01630,12/7/2023 0:00,C0652,P272,E044,B01,PAY01630,D01630,3,650.89,0.19,1581.66,952.81,628.85,4595,Pending
O01631,4/25/2021 0:00,C0596,P258,E038,B11,PAY01631,D01631,3,54.59,0.06,153.94,104.45,49.49,2347,Delivered
O01632,8/26/2022 0:00,C0184,P211,E067,B10,PAY01632,D01632,2,784.99,0.19,1271.68,989.68,282,1899,Delivered
O01633,5/4/2023 0:00,C0976,P041,E137,B10,PAY01633,D01633,4,273.35,0.19,885.65,603.77,281.88,2534,Cancelled
O01634,1/24/2023 0:00,C0150,P152,E134,B03,PAY01634,D01634,5,1397.17,0.16,5868.11,3834,2034.11,3314,Cancelled
O01635,6/16/2021 0:00,C0934,P016,E003,B01,PAY01635,D01635,1,463.58,0.01,458.94,396.84,62.1,2662,Delivered
O01636,9/20/2025 0:00,C0458,P163,E056,B11,PAY01636,D01636,1,393.88,0.13,342.68,296.49,46.19,1391,Cancelled
O01637,7/29/2025 0:00,C0730,P221,E055,B11,PAY01637,D01637,1,40.85,0.01,40.44,33.19,7.25,551,Cancelled
O01638,11/22/2023 0:00,C0166,P093,E123,B15,PAY01638,D01638,3,521.76,0.01,1549.63,1261.87,287.76,2452,Pending
O01639,5/26/2022 0:00,C0318,P011,E147,B12,PAY01639,D01639,1,1171.47,0.16,984.03,648.3,335.73,4248,Cancelled
O01640,6/30/2024 0:00,C0795,P018,E008,B03,PAY01640,D01640,5,467.25,0.17,1939.09,1482.34,456.75,843,Cancelled
O01641,7/7/2023 0:00,C0772,P120,E043,B12,PAY01641,D01641,5,223.8,0.06,1051.86,875.46,176.4,3877,Cancelled
O01642,11/10/2021 0:00,C1127,P266,E102,B04,PAY01642,D01642,4,591.5,0.17,1963.78,1437.16,526.62,4119,Cancelled
O01643,12/25/2022 0:00,C0466,P200,E064,B07,PAY01643,D01643,3,332.07,0.03,966.32,834.89,131.43,587,Delivered
O01644,7/28/2022 0:00,C0003,P168,E059,B04,PAY01644,D01644,4,459.8,0.1,1655.28,1094.26,561.02,1396,Pending
O01645,5/26/2020 0:00,C0992,P053,E097,B12,PAY01645,D01645,4,1394.27,0.15,4740.52,3090.71,1649.81,2632,Pending
O01646,3/3/2024 0:00,C0162,P192,E091,B12,PAY01646,D01646,2,414.47,0.11,737.76,452.78,284.98,2375,Pending
O01647,12/30/2020 0:00,C0004,P204,E055,B15,PAY01647,D01647,2,295,0.18,483.8,346,137.8,2791,Delivered
O01648,7/6/2024 0:00,C1108,P173,E124,B05,PAY01648,D01648,1,184.88,0.12,162.69,127.48,35.21,1593,Pending
O01649,8/25/2020 0:00,C0574,P283,E117,B06,PAY01649,D01649,5,478.81,0.13,2082.82,1253.23,829.59,2396,Pending
O01650,9/12/2020 0:00,C0949,P281,E046,B03,PAY01650,D01650,3,1471.6,0.16,3708.43,2756.38,952.05,899,Delivered
O01651,5/7/2025 0:00,C0571,P127,E101,B06,PAY01651,D01651,5,1259.29,0.02,6170.52,5354.81,815.71,2198,Cancelled
O01652,4/19/2023 0:00,C0736,P076,E081,B03,PAY01652,D01652,3,1021.17,0.13,2665.25,1764.99,900.26,4914,Pending
O01653,3/29/2025 0:00,C0591,P013,E127,B09,PAY01653,D01653,1,482.21,0.03,467.74,299.36,168.38,813,Delivered
O01654,2/16/2021 0:00,C0413,P060,E014,B13,PAY01654,D01654,5,432.94,0.12,1904.94,1208.09,696.85,1748,Cancelled
O01655,7/28/2025 0:00,C0748,P296,E028,B08,PAY01655,D01655,4,1399.02,0.19,4532.82,3638.59,894.23,2793,Cancelled
O01656,5/17/2023 0:00,C0972,P202,E100,B09,PAY01656,D01656,5,512.26,0.02,2510.07,2230.3,279.77,1880,Cancelled
O01657,7/31/2021 0:00,C0358,P076,E056,B06,PAY01657,D01657,5,1466.1,0.09,6670.76,4393.48,2277.28,4224,Pending
O01658,11/23/2022 0:00,C0129,P231,E084,B10,PAY01658,D01658,5,1267.4,0.08,5830.04,5205.87,624.17,3805,Pending
O01659,12/13/2024 0:00,C0282,P052,E082,B12,PAY01659,D01659,4,788.33,0.07,2932.59,2459.71,472.88,591,Pending
O01660,7/4/2023 0:00,C0496,P070,E080,B14,PAY01660,D01660,5,795.9,0.15,3382.57,2850.82,531.75,1702,Pending
O01661,7/20/2022 0:00,C1193,P141,E100,B06,PAY01661,D01661,5,194.26,0.03,942.16,596.77,345.39,3806,Pending
O01662,1/30/2022 0:00,C0277,P068,E144,B04,PAY01662,D01662,4,492.81,0.1,1774.12,1317.48,456.64,526,Delivered
O01663,10/5/2024 0:00,C0813,P123,E083,B15,PAY01663,D01663,1,783,0.15,665.55,549.42,116.13,1639,Pending
O01664,8/19/2022 0:00,C0892,P216,E006,B10,PAY01664,D01664,5,1252.96,0.16,5262.43,3984.4,1278.03,2848,Delivered
O01665,3/16/2024 0:00,C0263,P066,E044,B12,PAY01665,D01665,1,567.8,0.07,528.05,433.03,95.02,4686,Delivered
O01666,2/23/2025 0:00,C0309,P051,E027,B14,PAY01666,D01666,3,357.75,0.05,1019.59,799.02,220.57,3684,Cancelled
O01667,5/28/2025 0:00,C0954,P211,E142,B09,PAY01667,D01667,5,831.52,0.08,3824.99,3010.74,814.25,4001,Delivered
O01668,4/14/2020 0:00,C0776,P131,E130,B09,PAY01668,D01668,5,1284.84,0.03,6231.47,4252.58,1978.89,3277,Cancelled
O01669,8/14/2024 0:00,C0553,P060,E119,B04,PAY01669,D01669,3,1427.74,0.03,4154.72,2588.81,1565.91,2216,Pending
O01670,3/29/2023 0:00,C0719,P047,E044,B03,PAY01670,D01670,2,617.66,0.11,1099.43,871.71,227.72,4473,Delivered
O01671,10/16/2022 0:00,C0086,P252,E093,B06,PAY01671,D01671,1,207.95,0.02,203.79,174.11,29.68,3279,Pending
O01672,1/11/2024 0:00,C0483,P294,E040,B02,PAY01672,D01672,2,410.77,0.02,805.11,661.79,143.32,524,Pending
O01673,11/30/2023 0:00,C0345,P129,E007,B14,PAY01673,D01673,2,606.17,0.01,1200.22,787.67,412.55,1393,Pending
O01674,4/27/2024 0:00,C0954,P181,E028,B06,PAY01674,D01674,2,215.73,0.04,414.2,280.1,134.1,889,Pending
O01675,4/22/2024 0:00,C0755,P112,E020,B10,PAY01675,D01675,5,297.46,0,1487.3,1227.11,260.19,4645,Pending
O01676,5/2/2023 0:00,C0802,P037,E019,B04,PAY01676,D01676,3,1322.89,0.05,3770.24,2716.39,1053.85,4332,Delivered
O01677,4/23/2021 0:00,C0020,P057,E016,B06,PAY01677,D01677,2,1122.8,0.12,1976.13,1775.7,200.43,2193,Cancelled
O01678,4/12/2021 0:00,C0424,P192,E145,B01,PAY01678,D01678,2,1370.36,0.2,2192.58,1846.29,346.29,2118,Cancelled
O01679,4/2/2021 0:00,C0970,P280,E113,B10,PAY01679,D01679,5,332.69,0.16,1397.3,940.99,456.31,3244,Pending
O01680,8/30/2023 0:00,C0216,P199,E034,B01,PAY01680,D01680,5,659.11,0.02,3229.64,2677.51,552.13,4537,Delivered
O01681,3/14/2025 0:00,C0243,P158,E138,B01,PAY01681,D01681,3,1063.45,0.2,2552.28,2137.61,414.67,1533,Cancelled
O01682,10/6/2025 0:00,C0495,P181,E103,B03,PAY01682,D01682,2,1250.69,0.16,2101.16,1333.47,767.69,4197,Cancelled
O01683,2/25/2020 0:00,C1027,P093,E021,B03,PAY01683,D01683,3,1353.98,0.11,3615.13,2794.11,821.02,1045,Pending
O01684,8/4/2020 0:00,C0801,P126,E035,B06,PAY01684,D01684,2,251.77,0.01,498.5,336.75,161.75,1939,Cancelled
O01685,12/17/2020 0:00,C0749,P257,E038,B08,PAY01685,D01685,3,1026.87,0.08,2834.16,1810.1,1024.06,2254,Cancelled
O01686,11/9/2022 0:00,C0559,P211,E098,B02,PAY01686,D01686,5,1183.54,0.14,5089.22,4518.4,570.82,565,Delivered
O01687,11/23/2021 0:00,C0556,P281,E082,B01,PAY01687,D01687,2,278.45,0.12,490.07,295.99,194.08,2875,Delivered
O01688,9/12/2024 0:00,C0705,P252,E002,B01,PAY01688,D01688,2,1381.5,0.14,2376.18,1859.97,516.21,1488,Delivered
O01689,4/27/2021 0:00,C0340,P021,E006,B05,PAY01689,D01689,5,238.09,0.18,976.17,705.77,270.4,2221,Delivered
O01690,8/12/2024 0:00,C0503,P181,E062,B13,PAY01690,D01690,1,1231.43,0.2,985.14,825.41,159.73,4008,Cancelled
O01691,7/11/2021 0:00,C0189,P013,E124,B13,PAY01691,D01691,5,1413.05,0.2,5652.2,4777.77,874.43,3891,Delivered
O01692,8/24/2023 0:00,C0065,P105,E047,B07,PAY01692,D01692,4,474.51,0.07,1765.18,1304.41,460.77,4109,Pending
O01693,1/17/2023 0:00,C0278,P144,E134,B08,PAY01693,D01693,4,307.75,0.16,1034.04,861.87,172.17,2162,Cancelled
O01694,10/10/2025 0:00,C0135,P195,E144,B04,PAY01694,D01694,1,1104.07,0.08,1015.74,632.21,383.53,4952,Pending
O01695,4/9/2020 0:00,C0027,P068,E134,B11,PAY01695,D01695,3,353.9,0.16,891.83,666.36,225.47,824,Pending
O01696,6/8/2021 0:00,C0213,P080,E029,B07,PAY01696,D01696,1,664.72,0.19,538.42,425.7,112.72,794,Cancelled
O01697,1/7/2020 0:00,C0551,P007,E076,B09,PAY01697,D01697,2,101.09,0.07,188.03,148.61,39.42,4423,Cancelled
O01698,12/15/2021 0:00,C0782,P055,E086,B13,PAY01698,D01698,1,1388.84,0.02,1361.06,834.58,526.48,2073,Delivered
O01699,5/13/2020 0:00,C1035,P262,E125,B11,PAY01699,D01699,2,1231.85,0.2,1970.96,1714.83,256.13,2895,Delivered
O01700,10/28/2025 0:00,C0501,P269,E025,B03,PAY01700,D01700,3,1175.84,0.02,3456.97,2965.17,491.8,4179,Cancelled
O01701,9/9/2025 0:00,C0406,P014,E038,B11,PAY01701,D01701,2,32.23,0,64.46,52.1,12.36,4836,Pending
O01702,8/21/2025 0:00,C0982,P070,E053,B04,PAY01702,D01702,3,735.74,0.18,1809.92,1615.15,194.77,2466,Cancelled
O01703,11/30/2025 0:00,C0337,P253,E144,B10,PAY01703,D01703,1,285,0.16,239.4,204.18,35.22,2897,Cancelled
O01704,2/9/2020 0:00,C0054,P176,E054,B01,PAY01704,D01704,2,818.28,0.17,1358.34,899.58,458.76,3712,Delivered
O01705,5/24/2023 0:00,C0240,P190,E108,B01,PAY01705,D01705,3,1455.09,0.15,3710.48,2574.53,1135.95,1107,Delivered
O01706,9/9/2022 0:00,C0259,P015,E145,B06,PAY01706,D01706,3,166.42,0.15,424.37,276.54,147.83,3059,Cancelled
O01707,1/20/2020 0:00,C0077,P120,E023,B12,PAY01707,D01707,2,247.42,0.03,479.99,361.56,118.43,2358,Cancelled
O01708,8/6/2020 0:00,C0505,P267,E102,B07,PAY01708,D01708,4,237.14,0.15,806.28,650.77,155.51,1367,Delivered
O01709,6/10/2023 0:00,C0617,P283,E083,B02,PAY01709,D01709,3,166.54,0.1,449.66,394.5,55.16,4539,Delivered
O01710,12/30/2025 0:00,C0016,P147,E106,B01,PAY01710,D01710,4,425.15,0.15,1445.51,1179.29,266.22,3805,Pending
O01711,2/26/2020 0:00,C0795,P252,E036,B10,PAY01711,D01711,5,753.47,0.02,3692,2948.67,743.33,959,Pending
O01712,1/1/2024 0:00,C0267,P211,E024,B06,PAY01712,D01712,4,1361.06,0.03,5280.91,3531.56,1749.35,4898,Cancelled
O01713,6/25/2020 0:00,C0296,P211,E079,B11,PAY01713,D01713,3,116.47,0.12,307.48,230.39,77.09,1913,Pending
O01714,4/27/2021 0:00,C0477,P224,E148,B01,PAY01714,D01714,2,1244.45,0.1,2240.01,1686.11,553.9,661,Delivered
O01715,1/21/2020 0:00,C0328,P185,E017,B07,PAY01715,D01715,5,660.69,0.13,2874,2200.29,673.71,2738,Cancelled
O01716,1/28/2024 0:00,C0004,P297,E088,B07,PAY01716,D01716,5,594.91,0.08,2736.59,2327.59,409,4033,Pending
O01717,5/6/2024 0:00,C0799,P207,E126,B10,PAY01717,D01717,3,476.68,0.11,1272.74,1012.98,259.76,3730,Delivered
O01718,3/14/2020 0:00,C1112,P299,E135,B02,PAY01718,D01718,4,1033.63,0.1,3721.07,2434.76,1286.31,4786,Delivered
O01719,1/13/2023 0:00,C1094,P172,E049,B07,PAY01719,D01719,1,241.93,0.13,210.48,140.14,70.34,3786,Pending
O01720,9/15/2021 0:00,C0345,P192,E083,B07,PAY01720,D01720,5,1054.77,0.03,5115.63,3855.89,1259.74,1533,Pending
O01721,12/26/2021 0:00,C0297,P254,E092,B06,PAY01721,D01721,5,1113.21,0.16,4675.48,2830.13,1845.35,2298,Delivered
O01722,3/23/2024 0:00,C0977,P079,E049,B09,PAY01722,D01722,5,490.01,0.15,2082.54,1640.06,442.48,4528,Delivered
O01723,8/20/2025 0:00,C0999,P184,E030,B09,PAY01723,D01723,4,610.54,0.18,2002.57,1515.93,486.64,4844,Pending
O01724,2/2/2021 0:00,C1139,P247,E014,B02,PAY01724,D01724,2,1204.88,0.04,2313.37,1936.83,376.54,1315,Cancelled
O01725,9/14/2021 0:00,C1008,P102,E129,B03,PAY01725,D01725,5,461.93,0.13,2009.4,1771.86,237.54,2733,Cancelled
O01726,6/25/2022 0:00,C0823,P167,E107,B08,PAY01726,D01726,3,57.99,0.15,147.87,109.54,38.33,3376,Cancelled
O01727,8/25/2024 0:00,C0132,P064,E005,B02,PAY01727,D01727,5,1497.43,0.17,6214.33,4341.31,1873.02,948,Pending
O01728,12/31/2023 0:00,C0688,P054,E093,B14,PAY01728,D01728,2,198.22,0.01,392.48,295.04,97.44,2091,Delivered
O01729,4/14/2021 0:00,C0734,P002,E094,B15,PAY01729,D01729,5,39.6,0.18,162.36,107.92,54.44,795,Pending
O01730,6/21/2020 0:00,C0998,P280,E059,B04,PAY01730,D01730,4,376.47,0.07,1400.47,868.44,532.03,2590,Pending
O01731,4/19/2025 0:00,C0521,P252,E088,B11,PAY01731,D01731,5,356.77,0.02,1748.17,1504.05,244.12,4761,Delivered
O01732,5/30/2020 0:00,C0913,P219,E050,B11,PAY01732,D01732,4,992.93,0.18,3256.81,2342.93,913.88,748,Pending
O01733,9/21/2023 0:00,C0720,P176,E105,B01,PAY01733,D01733,3,255.07,0.08,703.99,538.88,165.11,4058,Delivered
O01734,7/19/2021 0:00,C0415,P089,E113,B11,PAY01734,D01734,4,901.13,0,3604.52,3052.5,552.02,4457,Cancelled
O01735,12/26/2023 0:00,C0572,P136,E093,B12,PAY01735,D01735,3,194.88,0.09,532.02,356.96,175.06,1433,Delivered
O01736,7/14/2025 0:00,C0711,P257,E001,B09,PAY01736,D01736,2,753.44,0.11,1341.12,1087.41,253.71,513,Cancelled
O01737,6/11/2024 0:00,C1055,P297,E141,B01,PAY01737,D01737,1,1276.69,0.14,1097.95,860,237.95,4735,Delivered
O01738,9/3/2025 0:00,C0005,P241,E071,B14,PAY01738,D01738,5,717.44,0,3587.2,2395.08,1192.12,4468,Pending
O01739,12/23/2023 0:00,C0661,P251,E114,B09,PAY01739,D01739,1,1373.83,0.12,1208.97,887.31,321.66,3883,Delivered
O01740,11/3/2025 0:00,C0058,P165,E056,B05,PAY01740,D01740,2,289.02,0.08,531.8,455.36,76.44,4553,Pending
O01741,5/16/2022 0:00,C0456,P115,E118,B01,PAY01741,D01741,4,775.28,0.12,2728.99,1815.6,913.39,1349,Pending
O01742,9/14/2020 0:00,C1045,P232,E113,B11,PAY01742,D01742,4,566.27,0.15,1925.32,1633.57,291.75,4695,Cancelled
O01743,11/28/2020 0:00,C0420,P220,E118,B05,PAY01743,D01743,4,948.26,0.14,3262.01,2570.06,691.95,2598,Delivered
O01744,6/15/2024 0:00,C1074,P136,E044,B04,PAY01744,D01744,3,47.07,0.15,120.03,85.46,34.57,1312,Pending
O01745,3/21/2022 0:00,C0280,P231,E002,B08,PAY01745,D01745,2,695.1,0.05,1320.69,837.92,482.77,2973,Cancelled
O01746,3/1/2022 0:00,C0701,P125,E117,B03,PAY01746,D01746,4,1273.75,0.11,4534.55,3171.92,1362.63,2982,Pending
O01747,11/23/2024 0:00,C0783,P167,E054,B12,PAY01747,D01747,4,1470.35,0.02,5763.77,4153.61,1610.16,1256,Pending
O01748,3/12/2025 0:00,C0039,P137,E144,B03,PAY01748,D01748,4,1050.92,0.11,3741.28,3067.45,673.83,1236,Cancelled
O01749,3/28/2022 0:00,C0908,P122,E149,B15,PAY01749,D01749,5,633.61,0.06,2977.97,2323.69,654.28,1186,Cancelled
O01750,4/4/2022 0:00,C0399,P065,E041,B06,PAY01750,D01750,1,474.83,0.04,455.84,410.18,45.66,2090,Delivered
O01751,3/31/2023 0:00,C1079,P066,E018,B10,PAY01751,D01751,3,1202.25,0.09,3282.14,2306.43,975.71,1893,Cancelled
O01752,4/30/2025 0:00,C0347,P208,E101,B04,PAY01752,D01752,4,1407.39,0.16,4728.83,3148.01,1580.82,3086,Delivered
O01753,12/14/2020 0:00,C0156,P016,E056,B09,PAY01753,D01753,4,1225.35,0.01,4852.39,3159.79,1692.6,2381,Delivered
O01754,4/15/2025 0:00,C0357,P277,E087,B04,PAY01754,D01754,3,1351.37,0.06,3810.86,3423.7,387.16,1047,Cancelled
O01755,8/29/2022 0:00,C0511,P111,E127,B15,PAY01755,D01755,2,678.35,0.01,1343.13,878.28,464.85,824,Pending
O01756,9/27/2023 0:00,C0754,P111,E107,B12,PAY01756,D01756,2,559.42,0.01,1107.65,979.77,127.88,3986,Pending
O01757,10/29/2020 0:00,C0399,P227,E122,B07,PAY01757,D01757,2,1043.38,0.17,1732.01,1295.09,436.92,4669,Delivered
O01758,1/16/2022 0:00,C0066,P299,E148,B13,PAY01758,D01758,3,1020.32,0.09,2785.47,1739.94,1045.53,1440,Delivered
O01759,1/23/2020 0:00,C1010,P214,E095,B07,PAY01759,D01759,2,1057.22,0.02,2072.15,1437.21,634.94,1554,Cancelled
O01760,12/31/2021 0:00,C0031,P273,E129,B09,PAY01760,D01760,1,1134.18,0.14,975.39,802.38,173.01,4015,Pending
O01761,4/3/2023 0:00,C0432,P256,E009,B09,PAY01761,D01761,5,685.98,0.02,3361.3,2954.22,407.08,812,Cancelled
O01762,6/12/2020 0:00,C0973,P050,E124,B05,PAY01762,D01762,4,719.01,0.09,2617.2,1625.48,991.72,1989,Pending
O01763,9/29/2022 0:00,C0602,P159,E074,B11,PAY01763,D01763,1,58.23,0.06,54.74,41.19,13.55,2111,Cancelled
O01764,5/4/2025 0:00,C0404,P156,E106,B14,PAY01764,D01764,5,26.2,0.01,129.69,93.35,36.34,1444,Cancelled
O01765,8/23/2023 0:00,C0333,P085,E075,B03,PAY01765,D01765,3,395.83,0.07,1104.37,721.46,382.91,1356,Pending
O01766,5/2/2022 0:00,C0132,P108,E077,B10,PAY01766,D01766,3,1067.94,0,3203.82,2417.02,786.8,1110,Cancelled
O01767,4/4/2022 0:00,C1065,P034,E094,B13,PAY01767,D01767,5,299.27,0.04,1436.5,1239.7,196.8,1469,Pending
O01768,4/30/2021 0:00,C0378,P294,E116,B06,PAY01768,D01768,3,1330.04,0.03,3870.42,2451.05,1419.37,4379,Pending
O01769,8/3/2020 0:00,C0914,P175,E130,B05,PAY01769,D01769,5,818,0.11,3640.1,2882.55,757.55,3148,Delivered
O01770,11/22/2023 0:00,C1196,P224,E017,B11,PAY01770,D01770,2,270.31,0.06,508.18,340.95,167.23,3754,Delivered
O01771,4/11/2021 0:00,C0377,P228,E116,B08,PAY01771,D01771,3,525.68,0.12,1387.8,1134.41,253.39,3250,Pending
O01772,8/31/2021 0:00,C0293,P279,E045,B10,PAY01772,D01772,2,459.95,0.14,791.11,482.79,308.32,1554,Pending
O01773,4/6/2024 0:00,C0492,P249,E088,B07,PAY01773,D01773,5,1273.95,0.19,5159.5,4344.77,814.73,567,Delivered
O01774,5/12/2025 0:00,C0743,P095,E007,B15,PAY01774,D01774,4,1429.34,0.06,5374.32,3643.87,1730.45,2470,Cancelled
O01775,8/23/2020 0:00,C0896,P206,E116,B13,PAY01775,D01775,3,706.72,0.13,1844.54,1436.32,408.22,2369,Cancelled
O01776,10/31/2020 0:00,C0738,P244,E057,B02,PAY01776,D01776,1,607.71,0.09,553.02,345.47,207.55,2410,Delivered
O01777,5/19/2021 0:00,C0493,P141,E060,B12,PAY01777,D01777,2,441.6,0.05,839.04,644.18,194.86,3869,Cancelled
O01778,7/27/2025 0:00,C0017,P173,E014,B03,PAY01778,D01778,5,1151.78,0.06,5413.37,4001.34,1412.03,2252,Delivered
O01779,4/9/2023 0:00,C0760,P172,E107,B05,PAY01779,D01779,1,668.09,0.13,581.24,372.76,208.48,3840,Delivered
O01780,5/25/2021 0:00,C0165,P264,E070,B06,PAY01780,D01780,1,61.21,0.09,55.7,48.73,6.97,3134,Cancelled
O01781,8/10/2024 0:00,C0755,P014,E085,B10,PAY01781,D01781,3,938.1,0.09,2561.01,1922.06,638.95,523,Pending
O01782,4/2/2020 0:00,C0913,P197,E024,B09,PAY01782,D01782,4,1226.14,0.02,4806.47,4090.34,716.13,3636,Pending
O01783,7/1/2023 0:00,C0858,P176,E071,B01,PAY01783,D01783,3,338.24,0.15,862.51,600.43,262.08,3336,Cancelled
O01784,10/1/2021 0:00,C0633,P048,E122,B15,PAY01784,D01784,1,441.51,0.11,392.94,322.14,70.8,945,Cancelled
O01785,8/29/2022 0:00,C0145,P232,E068,B12,PAY01785,D01785,4,1303.27,0.01,5160.95,3717.82,1443.13,1593,Pending
O01786,3/16/2024 0:00,C0086,P110,E097,B14,PAY01786,D01786,5,603.61,0.07,2806.79,1907.54,899.25,2060,Cancelled
O01787,10/25/2022 0:00,C0842,P281,E102,B10,PAY01787,D01787,1,477.97,0.02,468.41,373.22,95.19,3936,Cancelled
O01788,4/13/2020 0:00,C0131,P122,E123,B09,PAY01788,D01788,5,1441.15,0.17,5980.77,3625.56,2355.21,3872,Pending
O01789,11/12/2022 0:00,C0080,P162,E045,B04,PAY01789,D01789,3,803.95,0.18,1977.72,1655.54,322.18,2560,Pending
O01790,9/26/2021 0:00,C0197,P254,E021,B15,PAY01790,D01790,1,964.31,0.2,771.45,648.02,123.43,1541,Delivered
O01791,1/19/2023 0:00,C0568,P190,E003,B01,PAY01791,D01791,5,1316.76,0.17,5464.55,4458.04,1006.51,4522,Delivered
O01792,11/22/2022 0:00,C1103,P094,E078,B12,PAY01792,D01792,5,1152.04,0.05,5472.19,4582.07,890.12,4518,Cancelled
O01793,7/25/2021 0:00,C0310,P151,E145,B05,PAY01793,D01793,1,1142.73,0.01,1131.3,807.37,323.93,4548,Delivered
O01794,3/16/2024 0:00,C1030,P078,E083,B07,PAY01794,D01794,1,480.45,0.12,422.8,366.45,56.35,1452,Delivered
O01795,12/10/2023 0:00,C0875,P225,E104,B02,PAY01795,D01795,5,461.21,0.08,2121.57,1831.5,290.07,966,Pending
O01796,8/10/2023 0:00,C0022,P252,E119,B09,PAY01796,D01796,1,1397.26,0.06,1313.42,903.24,410.18,4624,Delivered
O01797,5/28/2023 0:00,C0815,P022,E040,B13,PAY01797,D01797,3,313.26,0.17,780.02,603.1,176.92,4744,Pending
O01798,8/17/2025 0:00,C0068,P151,E017,B13,PAY01798,D01798,3,939.89,0.03,2735.08,2419.82,315.26,2825,Delivered
O01799,3/3/2020 0:00,C0461,P083,E038,B09,PAY01799,D01799,1,603.6,0.1,543.24,330.13,213.11,2718,Delivered
O01800,11/30/2024 0:00,C0661,P190,E100,B10,PAY01800,D01800,3,888.24,0.14,2291.66,1871.26,420.4,1376,Pending
O01801,10/15/2024 0:00,C0859,P077,E092,B02,PAY01801,D01801,3,1155.76,0.06,3259.24,2914.93,344.31,992,Pending
O01802,11/15/2025 0:00,C0848,P085,E083,B10,PAY01802,D01802,3,353.29,0.02,1038.67,877.42,161.25,4537,Pending
O01803,6/1/2025 0:00,C0005,P265,E037,B01,PAY01803,D01803,1,51.35,0.18,42.11,25.59,16.52,1650,Delivered
O01804,7/20/2022 0:00,C0001,P016,E038,B09,PAY01804,D01804,1,104.75,0.05,99.51,80.19,19.32,3042,Pending
O01805,2/25/2025 0:00,C0301,P230,E004,B13,PAY01805,D01805,1,1126.63,0.03,1092.83,820.17,272.66,1813,Delivered
O01806,6/10/2025 0:00,C0519,P242,E002,B08,PAY01806,D01806,3,534.82,0.12,1411.92,1254.04,157.88,4546,Delivered
O01807,9/14/2024 0:00,C1073,P141,E031,B02,PAY01807,D01807,3,1039.64,0.12,2744.65,1646.86,1097.79,3141,Delivered
O01808,12/5/2022 0:00,C1098,P129,E137,B14,PAY01808,D01808,3,218.88,0.09,597.54,403.18,194.36,3064,Delivered
O01809,4/30/2024 0:00,C0705,P170,E093,B12,PAY01809,D01809,5,826.21,0.02,4048.43,3589.77,458.66,4127,Delivered
O01810,9/16/2023 0:00,C1080,P283,E074,B12,PAY01810,D01810,4,960.62,0.11,3419.81,2255.18,1164.63,735,Cancelled
O01811,6/2/2020 0:00,C1047,P275,E092,B10,PAY01811,D01811,3,1201.73,0.15,3064.41,2321.59,742.82,1241,Pending
O01812,1/27/2022 0:00,C0109,P281,E084,B08,PAY01812,D01812,2,1274.75,0.18,2090.59,1468.68,621.91,4465,Cancelled
O01813,10/9/2021 0:00,C0976,P269,E108,B05,PAY01813,D01813,2,1431.36,0.02,2805.47,2150.3,655.17,3025,Delivered
O01814,11/5/2020 0:00,C0268,P063,E066,B09,PAY01814,D01814,4,1323.71,0.16,4447.67,3198.23,1249.44,2512,Delivered
O01815,6/29/2023 0:00,C0394,P136,E105,B05,PAY01815,D01815,1,574.48,0.14,494.05,417.92,76.13,826,Cancelled
O01816,10/26/2024 0:00,C0823,P103,E011,B14,PAY01816,D01816,1,727.06,0.01,719.79,624.33,95.46,1231,Delivered
O01817,6/12/2020 0:00,C0050,P027,E069,B08,PAY01817,D01817,3,406.73,0.11,1085.97,694.26,391.71,4770,Cancelled
O01818,10/7/2020 0:00,C0694,P198,E141,B03,PAY01818,D01818,3,943.38,0.06,2660.33,2249.36,410.97,1130,Cancelled
O01819,2/3/2023 0:00,C0623,P197,E100,B03,PAY01819,D01819,4,863.68,0.17,2867.42,1808.62,1058.8,2359,Delivered
O01820,2/9/2021 0:00,C0146,P146,E062,B02,PAY01820,D01820,4,1297.04,0.13,4513.7,3212.39,1301.31,2712,Pending
O01821,1/1/2024 0:00,C0393,P204,E145,B07,PAY01821,D01821,2,144.02,0.18,236.19,208.34,27.85,3754,Cancelled
O01822,3/19/2023 0:00,C1122,P134,E138,B03,PAY01822,D01822,4,838.23,0.19,2715.87,1727.08,988.79,1295,Cancelled
O01823,12/31/2025 0:00,C0231,P134,E063,B08,PAY01823,D01823,2,604.45,0.14,1039.65,907.32,132.33,3501,Pending
O01824,10/31/2023 0:00,C0271,P135,E071,B13,PAY01824,D01824,3,1087.39,0.15,2772.84,1797.75,975.09,4279,Cancelled
O01825,9/25/2023 0:00,C0350,P277,E009,B12,PAY01825,D01825,3,1130.25,0.01,3356.84,2148.93,1207.91,4455,Cancelled
O01826,2/2/2020 0:00,C0356,P062,E131,B03,PAY01826,D01826,3,530.31,0.05,1511.38,1192.71,318.67,594,Cancelled
O01827,3/2/2022 0:00,C1186,P282,E061,B14,PAY01827,D01827,5,1076.33,0.01,5327.83,3673.25,1654.58,1462,Cancelled
O01828,10/1/2021 0:00,C1066,P217,E026,B06,PAY01828,D01828,1,786.95,0.03,763.34,511.78,251.56,996,Cancelled
O01829,8/7/2021 0:00,C0711,P134,E028,B05,PAY01829,D01829,3,262.19,0.12,692.18,456.55,235.63,1901,Pending
O01830,8/25/2021 0:00,C0149,P145,E040,B15,PAY01830,D01830,5,1003.54,0.17,4164.69,2633.59,1531.1,3540,Delivered
O01831,1/18/2020 0:00,C0531,P271,E123,B04,PAY01831,D01831,4,568.15,0.11,2022.61,1759.78,262.83,3861,Delivered
O01832,2/10/2022 0:00,C0461,P282,E128,B05,PAY01832,D01832,4,382.57,0.04,1469.07,1230.7,238.37,685,Delivered
O01833,9/2/2025 0:00,C0513,P257,E011,B09,PAY01833,D01833,5,335.15,0.01,1658.99,1065.21,593.78,3896,Pending
O01834,10/12/2022 0:00,C0674,P027,E095,B06,PAY01834,D01834,3,1133.44,0,3400.32,2566.73,833.59,2678,Pending
O01835,6/30/2022 0:00,C0047,P260,E044,B13,PAY01835,D01835,1,347.88,0.05,330.49,250.98,79.51,4286,Cancelled
O01836,8/26/2023 0:00,C0966,P274,E129,B04,PAY01836,D01836,3,66.4,0.08,183.26,153.2,30.06,2839,Cancelled
O01837,8/30/2022 0:00,C0673,P171,E129,B01,PAY01837,D01837,1,578.23,0.04,555.1,395.34,159.76,674,Delivered
O01838,4/22/2020 0:00,C0833,P148,E034,B14,PAY01838,D01838,1,974.6,0.01,964.85,612.03,352.82,563,Cancelled
O01839,7/29/2024 0:00,C0192,P162,E075,B10,PAY01839,D01839,1,127.44,0,127.44,110.22,17.22,3735,Delivered
O01840,12/1/2022 0:00,C0662,P121,E042,B08,PAY01840,D01840,3,222.75,0.11,594.74,361.24,233.5,1894,Pending
O01841,3/14/2024 0:00,C0090,P010,E039,B13,PAY01841,D01841,4,913.19,0.08,3360.54,2104.39,1256.15,4354,Cancelled
O01842,3/21/2021 0:00,C0556,P140,E119,B10,PAY01842,D01842,5,1404.96,0.01,6954.55,4869.08,2085.47,2437,Pending
O01843,11/4/2024 0:00,C0780,P042,E123,B12,PAY01843,D01843,5,1090.63,0.17,4526.11,2967.19,1558.92,757,Delivered
O01844,8/15/2024 0:00,C1085,P074,E042,B08,PAY01844,D01844,3,507.22,0.09,1384.71,1056.68,328.03,2470,Cancelled
O01845,9/16/2021 0:00,C0931,P195,E048,B03,PAY01845,D01845,4,371.79,0.15,1264.09,1026.79,237.3,4318,Cancelled
O01846,5/24/2021 0:00,C0312,P293,E138,B04,PAY01846,D01846,3,1369.91,0.05,3904.24,3329.59,574.65,3552,Delivered
O01847,5/26/2023 0:00,C0104,P001,E125,B04,PAY01847,D01847,1,897.95,0.07,835.09,580.74,254.35,4377,Pending
O01848,3/9/2021 0:00,C0078,P077,E139,B12,PAY01848,D01848,1,209.49,0.14,180.16,113.4,66.76,2827,Cancelled
O01849,9/28/2022 0:00,C0712,P123,E136,B14,PAY01849,D01849,1,38.19,0.15,32.46,24.53,7.93,3297,Delivered
O01850,11/16/2022 0:00,C0536,P217,E052,B03,PAY01850,D01850,3,1420.09,0.1,3834.24,3339.74,494.5,2631,Delivered
O01851,8/22/2023 0:00,C0980,P199,E048,B07,PAY01851,D01851,2,899.06,0.15,1528.4,1183.13,345.27,4021,Cancelled
O01852,8/6/2023 0:00,C1163,P204,E058,B14,PAY01852,D01852,5,124.86,0.03,605.57,494.13,111.44,4656,Delivered
O01853,7/28/2022 0:00,C0107,P144,E032,B01,PAY01853,D01853,1,623.61,0.04,598.67,413.83,184.84,4382,Delivered
O01854,11/22/2022 0:00,C0241,P074,E069,B01,PAY01854,D01854,2,1362.9,0.06,2562.25,1751.67,810.58,1016,Delivered
O01855,9/10/2025 0:00,C0746,P185,E026,B12,PAY01855,D01855,4,1015.92,0.12,3576.04,3112.49,463.55,2293,Pending
O01856,4/1/2020 0:00,C0523,P018,E092,B09,PAY01856,D01856,1,702.05,0.01,695.03,518.03,177,2709,Cancelled
O01857,1/26/2022 0:00,C0816,P049,E017,B07,PAY01857,D01857,1,741.86,0.13,645.42,522.21,123.21,502,Delivered
O01858,8/9/2023 0:00,C0656,P145,E075,B09,PAY01858,D01858,5,450.42,0.01,2229.58,1727.73,501.85,3061,Delivered
O01859,5/7/2024 0:00,C0468,P224,E036,B14,PAY01859,D01859,4,650.79,0.14,2238.72,1751.94,486.78,4695,Delivered
O01860,9/24/2020 0:00,C0054,P127,E106,B12,PAY01860,D01860,1,1411.93,0.04,1355.45,1106.8,248.65,3269,Delivered
O01861,5/7/2025 0:00,C0935,P040,E142,B12,PAY01861,D01861,4,284.53,0.06,1069.83,886.06,183.77,3138,Delivered
O01862,6/6/2025 0:00,C0815,P040,E111,B04,PAY01862,D01862,4,810.51,0.08,2982.68,1817.53,1165.15,2843,Pending
O01863,7/27/2023 0:00,C1093,P076,E090,B07,PAY01863,D01863,3,750.1,0.08,2070.28,1345.55,724.73,1804,Delivered
O01864,8/17/2022 0:00,C0238,P113,E035,B04,PAY01864,D01864,1,901.91,0.01,892.89,741.55,151.34,2463,Cancelled
O01865,4/21/2023 0:00,C0091,P278,E049,B04,PAY01865,D01865,2,345.18,0.18,566.1,389.15,176.95,2952,Cancelled
O01866,2/11/2021 0:00,C0137,P140,E131,B11,PAY01866,D01866,3,1245.26,0.11,3324.84,2491.11,833.73,1288,Cancelled
O01867,7/13/2022 0:00,C0594,P086,E056,B01,PAY01867,D01867,3,870.03,0.03,2531.79,2126.36,405.43,3496,Delivered
O01868,7/8/2023 0:00,C0582,P218,E079,B05,PAY01868,D01868,4,828.33,0.13,2882.59,2514.84,367.75,1536,Cancelled
O01869,12/1/2025 0:00,C0858,P204,E055,B05,PAY01869,D01869,2,1491.57,0.13,2595.33,2271.5,323.83,3946,Delivered
O01870,5/10/2020 0:00,C0739,P053,E021,B14,PAY01870,D01870,1,219.63,0.02,215.24,183.73,31.51,2839,Pending
O01871,3/5/2023 0:00,C1111,P013,E001,B01,PAY01871,D01871,5,632.94,0.03,3069.76,1910.79,1158.97,2841,Delivered
O01872,9/17/2024 0:00,C0974,P131,E124,B07,PAY01872,D01872,4,280.07,0.11,997.05,713.48,283.57,3629,Cancelled
O01873,11/4/2024 0:00,C0549,P048,E121,B09,PAY01873,D01873,3,805,0.05,2294.25,1808.44,485.81,3820,Delivered
O01874,9/18/2022 0:00,C0542,P106,E076,B10,PAY01874,D01874,5,1497.08,0.18,6138.03,4448.01,1690.02,4739,Pending
O01875,5/9/2025 0:00,C0459,P223,E137,B12,PAY01875,D01875,5,145.69,0.19,590.04,509.19,80.85,3640,Pending
O01876,7/27/2024 0:00,C0623,P300,E027,B01,PAY01876,D01876,5,653.25,0.11,2906.96,1830.34,1076.62,2663,Pending
O01877,2/5/2025 0:00,C1155,P298,E140,B09,PAY01877,D01877,2,394.47,0.02,773.16,653.68,119.48,3407,Pending
O01878,9/15/2023 0:00,C0399,P188,E093,B01,PAY01878,D01878,2,983.7,0.05,1869.03,1428.34,440.69,2677,Pending
O01879,9/7/2023 0:00,C0562,P108,E063,B04,PAY01879,D01879,4,459.55,0.13,1599.23,1173.7,425.53,2698,Pending
O01880,4/24/2024 0:00,C1023,P131,E020,B08,PAY01880,D01880,5,1314.56,0.15,5586.88,4679.39,907.49,1565,Pending
O01881,1/29/2022 0:00,C0709,P140,E100,B13,PAY01881,D01881,2,677.52,0.19,1097.58,764.03,333.55,4334,Pending
O01882,10/18/2020 0:00,C0338,P146,E071,B04,PAY01882,D01882,3,920.61,0.12,2430.41,1542.05,888.36,2235,Cancelled
O01883,5/9/2020 0:00,C1096,P256,E088,B09,PAY01883,D01883,5,1154.77,0,5773.85,4859.7,914.15,3584,Pending
O01884,4/14/2020 0:00,C0098,P300,E103,B05,PAY01884,D01884,2,1010.07,0.18,1656.51,1411.02,245.49,611,Delivered
O01885,11/14/2022 0:00,C0504,P175,E024,B08,PAY01885,D01885,4,601.59,0.04,2310.11,1976.52,333.59,3313,Cancelled
O01886,8/30/2025 0:00,C0868,P294,E053,B13,PAY01886,D01886,2,512.68,0.07,953.58,843.59,109.99,4476,Delivered
O01887,2/21/2024 0:00,C1048,P137,E059,B15,PAY01887,D01887,4,1045.54,0.04,4014.87,2575.83,1439.04,4676,Cancelled
O01888,12/9/2024 0:00,C0112,P149,E035,B01,PAY01888,D01888,2,674.49,0.05,1281.53,821.16,460.37,3763,Delivered
O01889,11/17/2021 0:00,C0769,P058,E125,B06,PAY01889,D01889,1,899.76,0.07,836.78,747.26,89.52,3114,Pending
O01890,12/26/2024 0:00,C1175,P195,E115,B14,PAY01890,D01890,4,1134.36,0.07,4219.82,2860.01,1359.81,1106,Pending
O01891,1/4/2023 0:00,C1179,P295,E102,B15,PAY01891,D01891,1,113.61,0.07,105.66,90.3,15.36,4113,Cancelled
O01892,4/26/2021 0:00,C0348,P121,E133,B13,PAY01892,D01892,1,1148.04,0.18,941.39,831.5,109.89,2913,Delivered
O01893,1/8/2023 0:00,C1010,P019,E065,B06,PAY01893,D01893,5,1154.71,0.01,5715.81,3561.25,2154.56,934,Pending
O01894,2/1/2023 0:00,C0819,P135,E101,B09,PAY01894,D01894,4,938.84,0.19,3041.84,2554.33,487.51,4941,Cancelled
O01895,3/11/2025 0:00,C0596,P052,E054,B15,PAY01895,D01895,1,1457.92,0.16,1224.65,1036.11,188.54,3272,Cancelled
O01896,5/31/2023 0:00,C0326,P289,E120,B04,PAY01896,D01896,3,473.74,0.02,1392.8,1074.09,318.71,2602,Pending
O01897,6/14/2023 0:00,C0493,P297,E041,B08,PAY01897,D01897,1,54.34,0.01,53.8,33.96,19.84,4228,Cancelled
O01898,4/18/2020 0:00,C0818,P076,E102,B08,PAY01898,D01898,3,1150.54,0.14,2968.39,2198.47,769.92,1045,Delivered
O01899,3/1/2025 0:00,C0934,P225,E143,B07,PAY01899,D01899,3,1033.04,0.15,2634.25,1726.95,907.3,2384,Delivered
O01900,5/16/2021 0:00,C0142,P258,E150,B06,PAY01900,D01900,2,243.08,0.19,393.79,268.32,125.47,4944,Delivered
O01901,11/13/2024 0:00,C0587,P276,E111,B06,PAY01901,D01901,1,531.33,0.16,446.32,323.01,123.31,4506,Delivered
O01902,6/22/2022 0:00,C1158,P098,E062,B06,PAY01902,D01902,5,1170.76,0.07,5444.03,4198.41,1245.62,4190,Delivered
O01903,7/2/2023 0:00,C1161,P231,E067,B14,PAY01903,D01903,5,656.36,0.04,3150.53,2665.63,484.9,3989,Pending
O01904,11/10/2021 0:00,C0709,P126,E092,B15,PAY01904,D01904,1,678.76,0.05,644.82,566.06,78.76,4141,Cancelled
O01905,10/27/2021 0:00,C0336,P252,E066,B09,PAY01905,D01905,2,1026.3,0.16,1724.18,1249.64,474.54,4203,Cancelled
O01906,7/13/2024 0:00,C0872,P036,E019,B11,PAY01906,D01906,5,1002.91,0.06,4713.68,4070.29,643.39,4997,Delivered
O01907,5/8/2022 0:00,C1132,P025,E049,B07,PAY01907,D01907,5,739.69,0.04,3550.51,2192.4,1358.11,4763,Delivered
O01908,1/21/2020 0:00,C0278,P066,E065,B15,PAY01908,D01908,4,1498.42,0.02,5873.81,4696.07,1177.74,1457,Cancelled
O01909,11/15/2021 0:00,C0193,P052,E129,B10,PAY01909,D01909,5,485.89,0.08,2235.09,1475.49,759.6,3450,Cancelled
O01910,5/16/2021 0:00,C0108,P278,E117,B14,PAY01910,D01910,2,1182.47,0.09,2152.1,1671.91,480.19,3097,Cancelled
O01911,9/15/2022 0:00,C0672,P067,E118,B15,PAY01911,D01911,4,967.16,0.07,3597.84,2391.32,1206.52,1021,Cancelled
O01912,9/3/2023 0:00,C0183,P093,E103,B14,PAY01912,D01912,2,767.83,0.01,1520.3,1032.57,487.73,1512,Cancelled
O01913,3/28/2024 0:00,C0261,P061,E072,B02,PAY01913,D01913,2,1116.13,0.18,1830.45,1150.52,679.93,4371,Cancelled
O01914,12/12/2022 0:00,C0071,P123,E001,B08,PAY01914,D01914,4,989.42,0.08,3641.07,3045.04,596.03,1633,Cancelled
O01915,6/14/2022 0:00,C0890,P037,E127,B02,PAY01915,D01915,1,921.76,0.06,866.45,550.86,315.59,4421,Cancelled
O01916,10/5/2021 0:00,C1029,P184,E105,B04,PAY01916,D01916,4,450.63,0.18,1478.07,1123.4,354.67,2443,Cancelled
O01917,5/8/2021 0:00,C1116,P097,E131,B14,PAY01917,D01917,3,851.86,0.07,2376.69,1719.69,657,4845,Pending
O01918,12/25/2021 0:00,C0715,P051,E073,B06,PAY01918,D01918,2,778,0.16,1307.04,931.55,375.49,4850,Cancelled
O01919,9/16/2020 0:00,C0736,P196,E114,B05,PAY01919,D01919,5,492.16,0.13,2140.9,1622.69,518.21,3710,Delivered
O01920,11/22/2021 0:00,C0620,P289,E146,B01,PAY01920,D01920,3,1255.2,0.03,3652.63,2212.41,1440.22,4777,Delivered
O01921,6/28/2021 0:00,C0573,P169,E064,B13,PAY01921,D01921,5,844.57,0.13,3673.88,2592.93,1080.95,4569,Delivered
O01922,5/20/2021 0:00,C1007,P075,E144,B11,PAY01922,D01922,1,419.57,0.07,390.2,261.75,128.45,3813,Cancelled
O01923,1/11/2023 0:00,C0090,P145,E007,B07,PAY01923,D01923,5,565.17,0.06,2656.3,1873.8,782.5,4445,Delivered
O01924,3/20/2022 0:00,C0264,P106,E008,B14,PAY01924,D01924,1,728.98,0.02,714.4,568.94,145.46,2491,Delivered
O01925,8/5/2025 0:00,C0400,P012,E056,B12,PAY01925,D01925,3,1139.53,0.12,3008.36,2458.37,549.99,1793,Pending
O01926,2/14/2023 0:00,C0366,P277,E029,B01,PAY01926,D01926,3,738,0.08,2036.88,1286.23,750.65,4634,Cancelled
O01927,7/8/2025 0:00,C0398,P203,E092,B04,PAY01927,D01927,4,525.73,0.19,1703.37,1133.59,569.78,1490,Cancelled
O01928,12/30/2024 0:00,C1061,P240,E123,B12,PAY01928,D01928,1,31.05,0.1,27.95,25.09,2.86,768,Pending
O01929,12/7/2025 0:00,C0056,P199,E024,B06,PAY01929,D01929,1,1286.07,0.08,1183.18,1051.1,132.08,1162,Cancelled
O01930,2/16/2020 0:00,C0846,P081,E078,B14,PAY01930,D01930,1,738.18,0.04,708.65,464.31,244.34,3566,Pending
O01931,4/5/2021 0:00,C0274,P054,E119,B10,PAY01931,D01931,1,663.39,0.17,550.61,421.08,129.53,1777,Delivered
O01932,1/31/2025 0:00,C0183,P068,E104,B15,PAY01932,D01932,2,1442.81,0.05,2741.34,1765.82,975.52,4100,Pending
O01933,5/19/2021 0:00,C0455,P193,E003,B02,PAY01933,D01933,3,1382.79,0.16,3484.63,2687.83,796.8,3026,Delivered
O01934,8/13/2022 0:00,C0781,P245,E061,B15,PAY01934,D01934,4,929.63,0.03,3606.96,3031.85,575.11,3241,Delivered
O01935,4/1/2022 0:00,C1029,P231,E045,B14,PAY01935,D01935,2,588.97,0.12,1036.59,770.22,266.37,1460,Delivered
O01936,10/21/2021 0:00,C0136,P136,E031,B12,PAY01936,D01936,5,329.6,0.03,1598.56,1237.85,360.71,1560,Delivered
O01937,1/18/2025 0:00,C0065,P132,E032,B08,PAY01937,D01937,1,581.73,0.06,546.83,379.41,167.42,3573,Pending
O01938,10/11/2024 0:00,C0615,P251,E092,B11,PAY01938,D01938,4,1181.31,0.2,3780.19,3208.77,571.42,4527,Delivered
O01939,3/17/2020 0:00,C0809,P090,E110,B09,PAY01939,D01939,1,649.73,0.18,532.78,399.1,133.68,4453,Delivered
O01940,7/7/2021 0:00,C0072,P077,E039,B04,PAY01940,D01940,4,1171.7,0.15,3983.78,3212.03,771.75,4787,Delivered
O01941,10/29/2025 0:00,C0354,P236,E101,B07,PAY01941,D01941,2,1329.35,0.11,2366.24,1919.29,446.95,2336,Delivered
O01942,2/1/2020 0:00,C0449,P272,E042,B02,PAY01942,D01942,5,787.84,0.1,3545.28,2585.25,960.03,2955,Pending
O01943,9/25/2020 0:00,C0518,P168,E149,B13,PAY01943,D01943,2,729.58,0.03,1415.39,1119.7,295.69,744,Pending
O01944,7/8/2025 0:00,C1176,P019,E099,B05,PAY01944,D01944,5,102.08,0.03,495.09,374.57,120.52,4506,Cancelled
O01945,11/5/2024 0:00,C1193,P250,E011,B12,PAY01945,D01945,3,132.21,0.07,368.87,288.03,80.84,4008,Cancelled
O01946,1/31/2025 0:00,C0044,P152,E110,B02,PAY01946,D01946,4,1449.05,0.04,5564.35,3934.96,1629.39,4126,Cancelled
O01947,6/24/2024 0:00,C0248,P286,E060,B01,PAY01947,D01947,1,661.68,0.14,569.04,368.42,200.62,2880,Pending
O01948,4/22/2021 0:00,C0553,P257,E131,B12,PAY01948,D01948,5,1137.92,0.01,5632.7,4468.01,1164.69,1989,Pending
O01949,2/25/2023 0:00,C1075,P107,E064,B09,PAY01949,D01949,5,330.04,0.07,1534.69,1211.05,323.64,3604,Delivered
O01950,6/27/2023 0:00,C0164,P227,E078,B02,PAY01950,D01950,3,315.54,0.03,918.22,554.19,364.03,4168,Delivered
O01951,11/15/2025 0:00,C0993,P003,E120,B14,PAY01951,D01951,1,518.84,0.07,482.52,428.46,54.06,700,Cancelled
O01952,7/21/2023 0:00,C0297,P216,E112,B15,PAY01952,D01952,2,809.4,0.1,1456.92,966.2,490.72,2264,Pending
O01953,8/9/2025 0:00,C0189,P030,E051,B07,PAY01953,D01953,1,895.07,0.01,886.12,605.1,281.02,3053,Cancelled
O01954,9/29/2022 0:00,C0545,P256,E087,B13,PAY01954,D01954,2,760.77,0.01,1506.32,1329.24,177.08,3793,Cancelled
O01955,5/18/2024 0:00,C0611,P270,E070,B14,PAY01955,D01955,4,505.27,0.07,1879.6,1393.07,486.53,2548,Cancelled
O01956,11/5/2024 0:00,C1094,P024,E064,B06,PAY01956,D01956,3,661.09,0.04,1903.94,1414.39,489.55,3689,Pending
O01957,6/22/2020 0:00,C0710,P222,E062,B12,PAY01957,D01957,2,766.47,0.15,1303,789.99,513.01,3853,Cancelled
O01958,10/11/2021 0:00,C0022,P090,E054,B08,PAY01958,D01958,4,1292.48,0.19,4187.64,3498.33,689.31,3992,Pending
O01959,12/14/2022 0:00,C0473,P027,E089,B01,PAY01959,D01959,5,1265.48,0.16,5315.02,3930.98,1384.04,881,Cancelled
O01960,5/3/2021 0:00,C1125,P120,E005,B05,PAY01960,D01960,1,516.84,0.13,449.65,396.83,52.82,3513,Delivered
O01961,4/5/2022 0:00,C0839,P120,E014,B13,PAY01961,D01961,4,747.22,0.11,2660.1,1861.34,798.76,2390,Cancelled
O01962,3/26/2023 0:00,C0981,P285,E134,B08,PAY01962,D01962,5,186.15,0.16,781.83,697.45,84.38,2861,Delivered
O01963,3/24/2025 0:00,C0825,P249,E119,B14,PAY01963,D01963,4,516.2,0.18,1693.14,1381.42,311.72,4036,Cancelled
O01964,8/31/2020 0:00,C0494,P054,E114,B11,PAY01964,D01964,3,1345.58,0.11,3592.7,2251.51,1341.19,4688,Cancelled
O01965,10/19/2021 0:00,C0927,P084,E054,B13,PAY01965,D01965,5,451.28,0.11,2008.2,1539.58,468.62,4399,Cancelled
O01966,11/30/2021 0:00,C0197,P061,E100,B07,PAY01966,D01966,2,1367.11,0.17,2269.4,1581.16,688.24,2856,Delivered
O01967,5/21/2020 0:00,C0735,P259,E115,B02,PAY01967,D01967,5,248.67,0.04,1193.62,793.96,399.66,1505,Pending
O01968,9/5/2024 0:00,C0057,P277,E087,B07,PAY01968,D01968,2,183.21,0.04,351.76,214.33,137.43,521,Cancelled
O01969,8/28/2024 0:00,C0055,P198,E145,B10,PAY01969,D01969,1,834.01,0.2,667.21,428.25,238.96,2840,Delivered
O01970,8/15/2022 0:00,C1000,P300,E053,B03,PAY01970,D01970,4,724.74,0.09,2638.05,2086.79,551.26,3626,Pending
O01971,4/14/2023 0:00,C1029,P009,E144,B09,PAY01971,D01971,3,620.33,0.05,1767.94,1299.83,468.11,4785,Pending
O01972,6/14/2023 0:00,C1158,P169,E093,B11,PAY01972,D01972,3,869.72,0.15,2217.79,1494.08,723.71,4529,Delivered
O01973,12/30/2024 0:00,C0185,P137,E107,B01,PAY01973,D01973,3,484.99,0.01,1440.42,945.25,495.17,4337,Cancelled
O01974,5/30/2023 0:00,C0807,P133,E076,B04,PAY01974,D01974,5,1040.23,0.07,4837.07,3253.15,1583.92,2443,Delivered
O01975,7/12/2021 0:00,C0051,P195,E082,B05,PAY01975,D01975,2,822.16,0.07,1529.22,999.38,529.84,1208,Delivered
O01976,7/31/2024 0:00,C0090,P219,E095,B13,PAY01976,D01976,5,763.06,0.2,3052.24,2517.16,535.08,2318,Delivered
O01977,12/16/2020 0:00,C0584,P283,E053,B06,PAY01977,D01977,3,967.57,0.14,2496.33,2090.37,405.96,3692,Delivered
O01978,10/23/2023 0:00,C0985,P264,E052,B05,PAY01978,D01978,5,32.18,0.19,130.33,95.47,34.86,2434,Delivered
O01979,9/5/2025 0:00,C1138,P137,E102,B07,PAY01979,D01979,5,293.57,0.2,1174.28,1002.68,171.6,4528,Pending
O01980,9/7/2021 0:00,C0551,P291,E048,B14,PAY01980,D01980,2,1183.64,0.01,2343.61,2064.64,278.97,3969,Cancelled
O01981,11/11/2020 0:00,C0570,P182,E134,B14,PAY01981,D01981,5,374.79,0.03,1817.73,1157.49,660.24,2538,Cancelled
O01982,12/8/2022 0:00,C0866,P220,E006,B09,PAY01982,D01982,4,1247.4,0.04,4790.02,3846.31,943.71,4129,Cancelled
O01983,7/13/2021 0:00,C0863,P222,E145,B07,PAY01983,D01983,4,771.81,0.05,2932.88,2133.49,799.39,4318,Delivered
O01984,12/19/2024 0:00,C0372,P027,E034,B11,PAY01984,D01984,1,804.93,0.19,651.99,516.3,135.69,1767,Delivered
O01985,5/30/2020 0:00,C0611,P117,E102,B10,PAY01985,D01985,3,39.33,0.1,106.19,66.7,39.49,1208,Delivered
O01986,7/16/2022 0:00,C0931,P078,E032,B10,PAY01986,D01986,2,800.71,0.08,1473.31,1211.39,261.92,2873,Cancelled
O01987,6/3/2024 0:00,C0849,P093,E084,B03,PAY01987,D01987,5,411.39,0.05,1954.1,1287.98,666.12,1086,Pending
O01988,8/14/2021 0:00,C0415,P091,E078,B02,PAY01988,D01988,5,1153.77,0.01,5711.16,3440.85,2270.31,4521,Pending
O01989,4/15/2020 0:00,C1104,P246,E011,B01,PAY01989,D01989,1,632.74,0.08,582.12,463.62,118.5,1336,Cancelled
O01990,10/13/2023 0:00,C0981,P132,E125,B07,PAY01990,D01990,2,1133.78,0.18,1859.4,1465.93,393.47,935,Delivered
O01991,10/7/2020 0:00,C1116,P160,E099,B05,PAY01991,D01991,4,1311.19,0.04,5034.97,4046.51,988.46,2441,Cancelled
O01992,8/6/2020 0:00,C0489,P117,E105,B15,PAY01992,D01992,4,971.48,0.04,3730.48,2959.58,770.9,1212,Cancelled
O01993,3/2/2020 0:00,C0235,P026,E012,B04,PAY01993,D01993,4,679.43,0.07,2527.48,2071.25,456.23,585,Pending
O01994,10/18/2021 0:00,C0156,P127,E115,B11,PAY01994,D01994,5,283.83,0.13,1234.66,964.29,270.37,1767,Delivered
O01995,8/27/2024 0:00,C0543,P189,E044,B08,PAY01995,D01995,1,687.67,0.1,618.9,473.55,145.35,1472,Delivered
O01996,5/14/2021 0:00,C1069,P203,E128,B10,PAY01996,D01996,5,884.23,0,4421.15,3521.11,900.04,2170,Cancelled
O01997,8/18/2020 0:00,C0938,P070,E048,B15,PAY01997,D01997,5,956.6,0.01,4735.17,3898.54,836.63,4210,Cancelled
O01998,2/10/2024 0:00,C0875,P194,E080,B02,PAY01998,D01998,5,692.55,0.12,3047.22,2084.03,963.19,4083,Cancelled
O01999,3/29/2023 0:00,C0769,P067,E081,B09,PAY01999,D01999,2,1224.96,0.19,1984.44,1300.05,684.39,3486,Cancelled
O02000,4/21/2024 0:00,C0949,P167,E137,B14,PAY02000,D02000,1,941.94,0.17,781.81,541.62,240.19,3292,Delivered
O02001,7/18/2025 0:00,C0984,P252,E068,B01,PAY02001,D02001,2,988.25,0.14,1699.79,1369.41,330.38,1208,Cancelled
O02002,5/16/2020 0:00,C0292,P053,E109,B10,PAY02002,D02002,2,1139.71,0.06,2142.65,1440.56,702.09,3339,Cancelled
O02003,10/9/2023 0:00,C1031,P278,E057,B01,PAY02003,D02003,2,452.1,0.18,741.44,510.84,230.6,1758,Pending
O02004,5/30/2025 0:00,C0998,P128,E068,B06,PAY02004,D02004,4,21.84,0.03,84.74,52.82,31.92,2534,Delivered
O02005,3/19/2025 0:00,C0336,P027,E018,B08,PAY02005,D02005,2,744.53,0.13,1295.48,1109.62,185.86,3664,Delivered
O02006,9/4/2023 0:00,C0679,P024,E021,B04,PAY02006,D02006,2,1211.23,0.17,2010.64,1589.12,421.52,851,Delivered
O02007,9/20/2020 0:00,C0549,P225,E030,B04,PAY02007,D02007,5,373.01,0.2,1492.04,1040.77,451.27,3743,Cancelled
O02008,8/5/2021 0:00,C0851,P140,E118,B09,PAY02008,D02008,3,93.02,0.09,253.94,168.6,85.34,2586,Delivered
O02009,2/9/2021 0:00,C0462,P265,E121,B10,PAY02009,D02009,1,706.87,0.1,636.18,504.5,131.68,3909,Delivered
O02010,11/21/2020 0:00,C0379,P298,E141,B12,PAY02010,D02010,1,965.3,0.16,810.85,697.73,113.12,4896,Cancelled
O02011,11/19/2025 0:00,C0526,P258,E008,B12,PAY02011,D02011,3,1067.7,0.06,3010.91,2243.93,766.98,3963,Cancelled
O02012,9/18/2024 0:00,C0090,P116,E109,B04,PAY02012,D02012,3,155.26,0.18,381.94,305.97,75.97,4024,Pending
O02013,9/11/2020 0:00,C0041,P074,E070,B03,PAY02013,D02013,4,1183.49,0.03,4591.94,3869.31,722.63,1532,Pending
O02014,12/22/2023 0:00,C0823,P007,E095,B02,PAY02014,D02014,5,1215.83,0.1,5471.23,4174.75,1296.48,3117,Pending
O02015,11/27/2024 0:00,C0769,P012,E147,B08,PAY02015,D02015,4,1109.63,0.13,3861.51,2585.1,1276.41,631,Delivered
O02016,12/22/2022 0:00,C0353,P250,E112,B13,PAY02016,D02016,5,1275.26,0.17,5292.33,3897.67,1394.66,3680,Delivered
O02017,8/12/2021 0:00,C0963,P244,E025,B05,PAY02017,D02017,1,1099.01,0.1,989.11,653.38,335.73,2645,Pending
O02018,3/25/2020 0:00,C0853,P005,E072,B02,PAY02018,D02018,3,135.18,0.07,377.15,279.71,97.44,2275,Delivered
O02019,7/21/2025 0:00,C1098,P175,E104,B06,PAY02019,D02019,3,580.79,0.1,1568.13,1118.05,450.08,1229,Delivered
O02020,7/19/2020 0:00,C0481,P154,E071,B04,PAY02020,D02020,1,505.94,0.19,409.81,346.4,63.41,4835,Delivered
O02021,3/31/2021 0:00,C0477,P244,E144,B05,PAY02021,D02021,5,1338.12,0.07,6222.26,4107.62,2114.64,2404,Cancelled
O02022,4/4/2020 0:00,C0337,P217,E036,B01,PAY02022,D02022,3,74.72,0.17,186.05,155.17,30.88,3842,Pending
O02023,5/28/2024 0:00,C0580,P125,E131,B03,PAY02023,D02023,4,1394.97,0.05,5300.89,3838.69,1462.2,2681,Cancelled
O02024,4/8/2025 0:00,C0973,P245,E095,B05,PAY02024,D02024,5,269.34,0.17,1117.76,959.1,158.66,3722,Pending
O02025,9/29/2025 0:00,C0646,P026,E086,B08,PAY02025,D02025,2,1335.42,0.16,2243.51,1792.79,450.72,1008,Delivered
O02026,4/13/2024 0:00,C0159,P059,E013,B05,PAY02026,D02026,3,373.68,0.05,1064.99,930.38,134.61,4982,Delivered
O02027,3/12/2020 0:00,C0033,P174,E145,B01,PAY02027,D02027,5,814.9,0.13,3544.82,3050.51,494.31,3780,Pending
O02028,9/1/2023 0:00,C0470,P140,E079,B01,PAY02028,D02028,1,1207.44,0.08,1110.84,889.06,221.78,4753,Delivered
O02029,9/21/2024 0:00,C1046,P211,E129,B05,PAY02029,D02029,4,451.52,0.17,1499.05,1001.31,497.74,2507,Delivered
O02030,11/10/2022 0:00,C1181,P012,E093,B07,PAY02030,D02030,3,854.55,0.17,2127.83,1728.94,398.89,862,Cancelled
O02031,3/7/2025 0:00,C0198,P162,E066,B03,PAY02031,D02031,5,57.37,0.18,235.22,164.17,71.05,2702,Cancelled
O02032,9/24/2025 0:00,C0523,P222,E120,B03,PAY02032,D02032,2,750.18,0.15,1275.31,909.64,365.67,2071,Pending
O02033,1/30/2021 0:00,C0229,P045,E066,B12,PAY02033,D02033,4,690.07,0.16,2318.64,1933.55,385.09,2971,Delivered
O02034,3/4/2023 0:00,C1062,P114,E022,B02,PAY02034,D02034,5,37.1,0.02,181.79,135.3,46.49,1376,Delivered
O02035,3/18/2021 0:00,C0897,P058,E077,B08,PAY02035,D02035,3,433,0.06,1221.06,828.77,392.29,3605,Pending
O02036,12/16/2023 0:00,C1176,P264,E132,B07,PAY02036,D02036,1,269.41,0.17,223.61,165.51,58.1,4783,Delivered
O02037,11/20/2021 0:00,C0774,P061,E051,B01,PAY02037,D02037,4,1228.57,0.18,4029.71,3021.29,1008.42,4733,Delivered
O02038,4/12/2022 0:00,C0843,P300,E040,B14,PAY02038,D02038,5,620.8,0.19,2514.24,1799.12,715.12,2643,Cancelled
O02039,10/12/2022 0:00,C0063,P115,E074,B10,PAY02039,D02039,4,1195.77,0.05,4543.93,3650.73,893.2,3518,Pending
O02040,12/5/2024 0:00,C0807,P267,E142,B03,PAY02040,D02040,1,418.5,0.09,380.84,322.37,58.47,951,Delivered
O02041,8/7/2020 0:00,C1080,P282,E129,B08,PAY02041,D02041,5,509.26,0.09,2317.13,1452.03,865.1,4975,Delivered
O02042,11/22/2022 0:00,C0188,P106,E053,B02,PAY02042,D02042,5,847.79,0.16,3560.72,2930.67,630.05,2345,Cancelled
O02043,12/16/2020 0:00,C0170,P197,E102,B08,PAY02043,D02043,5,538.77,0.03,2613.03,1803.5,809.53,866,Delivered
O02044,7/14/2021 0:00,C1067,P147,E041,B06,PAY02044,D02044,4,786.15,0.14,2704.36,1765.73,938.63,3609,Pending
O02045,3/4/2024 0:00,C0473,P277,E103,B08,PAY02045,D02045,3,583.63,0.16,1470.75,911.33,559.42,1363,Delivered
O02046,2/4/2020 0:00,C0802,P108,E121,B04,PAY02046,D02046,5,775.59,0.16,3257.48,2603.4,654.08,4593,Cancelled
O02047,8/29/2025 0:00,C0119,P075,E028,B14,PAY02047,D02047,2,1012.64,0.18,1660.73,1165.1,495.63,1168,Pending
O02048,12/13/2020 0:00,C0357,P232,E103,B08,PAY02048,D02048,1,951.76,0.02,932.72,598.2,334.52,4656,Delivered
O02049,12/13/2025 0:00,C0927,P240,E008,B08,PAY02049,D02049,2,1264.53,0.1,2276.15,1705.19,570.96,576,Cancelled
O02050,10/14/2025 0:00,C0203,P286,E024,B05,PAY02050,D02050,3,1016.39,0.01,3018.68,2269.84,748.84,2114,Delivered
O02051,6/23/2022 0:00,C0639,P019,E045,B12,PAY02051,D02051,2,493.42,0.14,848.68,600.25,248.43,3551,Cancelled
O02052,10/19/2022 0:00,C1089,P017,E029,B13,PAY02052,D02052,4,419.89,0.11,1494.81,960.05,534.76,3979,Pending
O02053,5/26/2020 0:00,C0199,P143,E012,B11,PAY02053,D02053,2,399.12,0.09,726.4,561.66,164.74,570,Pending
O02054,3/3/2021 0:00,C0333,P256,E024,B08,PAY02054,D02054,2,1458.52,0.16,2450.31,2174.49,275.82,1155,Cancelled
O02055,11/21/2025 0:00,C0463,P168,E082,B10,PAY02055,D02055,2,155.19,0.17,257.62,176.48,81.14,3997,Pending
O02056,10/22/2023 0:00,C0202,P224,E080,B06,PAY02056,D02056,5,524.05,0.12,2305.82,1537.46,768.36,2107,Pending
O02057,8/11/2020 0:00,C1135,P298,E137,B08,PAY02057,D02057,2,41,0.03,79.54,60.91,18.63,632,Pending
O02058,12/16/2023 0:00,C0687,P242,E104,B07,PAY02058,D02058,4,394.82,0.09,1437.14,1181.89,255.25,2940,Cancelled
O02059,3/1/2024 0:00,C0800,P198,E123,B01,PAY02059,D02059,1,1067.94,0.01,1057.26,785.65,271.61,803,Delivered
O02060,8/9/2023 0:00,C0348,P156,E025,B10,PAY02060,D02060,5,623.44,0.04,2992.51,2467.73,524.78,2157,Pending
O02061,9/29/2020 0:00,C0692,P120,E062,B07,PAY02061,D02061,2,314.44,0.18,515.68,346.54,169.14,3467,Cancelled
O02062,12/7/2023 0:00,C0406,P122,E047,B06,PAY02062,D02062,1,1197.84,0.05,1137.95,821.45,316.5,1040,Delivered
O02063,6/24/2021 0:00,C1138,P201,E132,B11,PAY02063,D02063,5,172.94,0.11,769.58,593.58,176,2068,Pending
O02064,12/14/2021 0:00,C0371,P167,E101,B10,PAY02064,D02064,5,310.27,0.16,1303.13,788.33,514.8,1744,Cancelled
O02065,3/2/2024 0:00,C0855,P234,E130,B12,PAY02065,D02065,1,48.99,0.16,41.15,24.78,16.37,2511,Cancelled
O02066,3/9/2025 0:00,C0536,P119,E007,B02,PAY02066,D02066,5,1356.83,0.04,6512.78,5032.42,1480.36,3846,Pending
O02067,3/5/2023 0:00,C0960,P046,E104,B03,PAY02067,D02067,5,744.48,0.2,2977.92,2377.43,600.49,3227,Cancelled
O02068,8/11/2024 0:00,C0088,P072,E144,B01,PAY02068,D02068,3,646.39,0.18,1590.12,1100.25,489.87,4224,Delivered
O02069,11/25/2024 0:00,C0801,P222,E063,B07,PAY02069,D02069,3,382.48,0.01,1135.97,808.27,327.7,4183,Pending
O02070,4/21/2020 0:00,C1122,P001,E030,B08,PAY02070,D02070,1,1261.78,0.03,1223.93,1073.53,150.4,2106,Pending
O02071,10/7/2022 0:00,C0928,P137,E146,B14,PAY02071,D02071,4,650.22,0.03,2522.85,2263.9,258.95,3116,Delivered
O02072,6/15/2023 0:00,C0114,P131,E039,B14,PAY02072,D02072,5,1430.19,0.09,6507.36,5353.09,1154.27,4374,Pending
O02073,11/13/2023 0:00,C0982,P267,E148,B05,PAY02073,D02073,1,661.36,0,661.36,507.76,153.6,535,Pending
O02074,7/1/2024 0:00,C0200,P264,E116,B09,PAY02074,D02074,4,1028.81,0,4115.24,3377.43,737.81,3396,Pending
O02075,11/28/2024 0:00,C0928,P153,E025,B13,PAY02075,D02075,3,1066.27,0.07,2974.89,1958.43,1016.46,4053,Pending
O02076,12/24/2022 0:00,C0559,P300,E098,B03,PAY02076,D02076,5,981.81,0.18,4025.42,2558.77,1466.65,2018,Pending
O02077,4/7/2022 0:00,C0257,P125,E083,B13,PAY02077,D02077,3,108.15,0.03,314.72,244.23,70.49,1419,Cancelled
O02078,7/12/2021 0:00,C0612,P182,E099,B14,PAY02078,D02078,2,1455.76,0.06,2736.83,1657.73,1079.1,2800,Pending
O02079,4/24/2023 0:00,C0923,P112,E121,B12,PAY02079,D02079,3,583.2,0.16,1469.66,1183.17,286.49,1351,Pending
O02080,7/10/2024 0:00,C1039,P039,E089,B13,PAY02080,D02080,1,135.14,0.1,121.63,93.88,27.75,1505,Delivered
O02081,6/6/2022 0:00,C0734,P081,E004,B05,PAY02081,D02081,2,302.21,0.16,507.71,375.45,132.26,4872,Cancelled
O02082,11/29/2023 0:00,C0412,P205,E003,B03,PAY02082,D02082,1,802.47,0.05,762.35,543.15,219.2,600,Pending
O02083,1/3/2023 0:00,C0766,P102,E016,B11,PAY02083,D02083,5,73.36,0.13,319.12,263.52,55.6,4196,Delivered
O02084,2/22/2021 0:00,C0077,P111,E016,B15,PAY02084,D02084,3,1490.18,0.01,4425.83,3785.4,640.43,4091,Delivered
O02085,5/27/2020 0:00,C0261,P141,E040,B05,PAY02085,D02085,1,1486.52,0.12,1308.14,1039.05,269.09,2398,Cancelled
O02086,12/19/2023 0:00,C1170,P294,E062,B03,PAY02086,D02086,4,1175.29,0.12,4137.02,2712.42,1424.6,3776,Cancelled
O02087,7/2/2025 0:00,C1200,P212,E011,B07,PAY02087,D02087,5,1049.43,0.13,4565.02,3783.77,781.25,2803,Delivered
O02088,6/6/2024 0:00,C1168,P253,E136,B10,PAY02088,D02088,1,731.05,0.11,650.63,515.92,134.71,1069,Cancelled
O02089,11/18/2023 0:00,C0485,P137,E121,B10,PAY02089,D02089,3,880.87,0.1,2378.35,1713.84,664.51,3928,Cancelled
O02090,6/15/2021 0:00,C0021,P182,E121,B11,PAY02090,D02090,5,425.74,0.11,1894.54,1563.25,331.29,2611,Cancelled
O02091,7/30/2021 0:00,C0158,P056,E079,B11,PAY02091,D02091,2,498.33,0.07,926.89,565.22,361.67,3692,Cancelled
O02092,10/8/2025 0:00,C0355,P142,E007,B03,PAY02092,D02092,4,1125.79,0.02,4413.1,3767.59,645.51,2218,Cancelled
O02093,2/27/2024 0:00,C0365,P202,E107,B06,PAY02093,D02093,3,717.99,0.12,1895.49,1147.76,747.73,2677,Cancelled
O02094,5/21/2022 0:00,C0588,P151,E068,B08,PAY02094,D02094,5,680.23,0.02,3333.13,2860.93,472.2,891,Pending
O02095,7/9/2023 0:00,C0218,P018,E132,B04,PAY02095,D02095,1,819.71,0.06,770.53,463.39,307.14,4554,Delivered
O02096,5/26/2025 0:00,C0343,P121,E043,B15,PAY02096,D02096,4,795.8,0.12,2801.22,1872.42,928.8,4145,Cancelled
O02097,1/27/2022 0:00,C0823,P124,E110,B08,PAY02097,D02097,2,688.79,0.18,1129.62,753.94,375.68,3824,Delivered
O02098,11/4/2020 0:00,C0700,P070,E026,B04,PAY02098,D02098,4,28.84,0.01,114.21,68.93,45.28,2054,Cancelled
O02099,10/1/2021 0:00,C1142,P054,E068,B15,PAY02099,D02099,3,149.23,0.19,362.63,233.96,128.67,877,Cancelled
O02100,6/23/2023 0:00,C1170,P098,E121,B04,PAY02100,D02100,5,161.69,0.14,695.27,498.63,196.64,3550,Delivered
O02101,10/7/2025 0:00,C0793,P294,E026,B01,PAY02101,D02101,1,801.79,0.06,753.68,504.14,249.54,712,Cancelled
O02102,9/25/2022 0:00,C0042,P096,E077,B02,PAY02102,D02102,5,352.1,0.16,1478.82,890.65,588.17,2926,Pending
O02103,10/2/2025 0:00,C1175,P010,E116,B04,PAY02103,D02103,2,822.47,0.11,1464,974.01,489.99,1701,Pending
O02104,6/20/2020 0:00,C0933,P113,E049,B14,PAY02104,D02104,2,940.28,0.13,1636.09,1183.07,453.02,4567,Pending
O02105,7/19/2020 0:00,C1066,P012,E066,B02,PAY02105,D02105,4,1216.82,0,4867.28,4030.62,836.66,2963,Delivered
O02106,8/23/2025 0:00,C0476,P218,E137,B08,PAY02106,D02106,3,1183.09,0.14,3052.37,2274.56,777.81,4997,Pending
O02107,3/10/2021 0:00,C0697,P053,E035,B07,PAY02107,D02107,3,1008.32,0.04,2903.96,2048.96,855,1087,Delivered
O02108,4/4/2020 0:00,C1111,P099,E062,B12,PAY02108,D02108,5,862.46,0.04,4139.81,2576.98,1562.83,614,Cancelled
O02109,1/22/2020 0:00,C0132,P244,E043,B12,PAY02109,D02109,2,1406.48,0.09,2559.79,1891.06,668.73,2396,Delivered
O02110,10/18/2021 0:00,C0259,P143,E132,B05,PAY02110,D02110,2,791.26,0.14,1360.97,952.52,408.45,664,Delivered
O02111,12/20/2021 0:00,C0668,P121,E034,B14,PAY02111,D02111,3,1248.27,0.07,3482.67,2499.52,983.15,1467,Cancelled
O02112,6/11/2023 0:00,C1108,P210,E125,B08,PAY02112,D02112,5,869.84,0.12,3827.3,2818.43,1008.87,4245,Cancelled
O02113,1/1/2023 0:00,C0180,P190,E040,B06,PAY02113,D02113,2,320.39,0.1,576.7,498.73,77.97,2546,Cancelled
O02114,6/12/2025 0:00,C0415,P276,E100,B13,PAY02114,D02114,3,823.46,0.08,2272.75,1689.17,583.58,1784,Delivered
O02115,8/14/2020 0:00,C0105,P057,E001,B04,PAY02115,D02115,5,159.11,0.15,676.22,544.27,131.95,2745,Pending
O02116,10/28/2023 0:00,C1183,P188,E048,B08,PAY02116,D02116,4,83.32,0.14,286.62,230.43,56.19,2164,Cancelled
O02117,8/14/2021 0:00,C0368,P157,E039,B03,PAY02117,D02117,3,305.88,0.03,890.11,592.64,297.47,4367,Cancelled
O02118,8/13/2021 0:00,C0418,P196,E051,B10,PAY02118,D02118,2,652.49,0.06,1226.68,870.21,356.47,2174,Delivered
O02119,6/18/2022 0:00,C0347,P167,E137,B10,PAY02119,D02119,3,1004.79,0.16,2532.07,1654.55,877.52,4992,Cancelled
O02120,10/24/2022 0:00,C0394,P084,E062,B09,PAY02120,D02120,4,443.51,0.04,1703.08,1227.18,475.9,1255,Cancelled
O02121,5/7/2020 0:00,C1090,P077,E107,B14,PAY02121,D02121,2,1144.33,0.05,2174.23,1574.27,599.96,3661,Cancelled
O02122,1/27/2020 0:00,C0577,P078,E005,B09,PAY02122,D02122,2,553.45,0.19,896.59,727.49,169.1,4417,Delivered
O02123,12/25/2020 0:00,C0828,P246,E116,B14,PAY02123,D02123,1,1376.49,0.11,1225.08,777.43,447.65,981,Delivered
O02124,12/17/2021 0:00,C0711,P291,E103,B14,PAY02124,D02124,5,571.38,0.02,2799.76,2082.43,717.33,1825,Pending
O02125,9/22/2020 0:00,C0801,P067,E032,B09,PAY02125,D02125,1,1277.97,0.14,1099.05,877.76,221.29,2276,Delivered
O02126,4/9/2022 0:00,C1076,P134,E111,B07,PAY02126,D02126,4,322.64,0.17,1071.16,841.32,229.84,1055,Cancelled
O02127,3/24/2025 0:00,C1198,P011,E023,B07,PAY02127,D02127,5,1097,0.06,5155.9,3874.5,1281.4,1968,Pending
O02128,11/22/2025 0:00,C0425,P246,E112,B13,PAY02128,D02128,2,738.59,0.17,1226.06,919.5,306.56,4660,Pending
O02129,5/29/2021 0:00,C0460,P259,E065,B01,PAY02129,D02129,5,218.35,0.14,938.9,642.94,295.96,3647,Cancelled
O02130,8/23/2020 0:00,C0159,P001,E055,B01,PAY02130,D02130,3,1424.56,0.16,3589.89,2784.99,804.9,4632,Cancelled
O02131,11/7/2025 0:00,C0581,P079,E047,B08,PAY02131,D02131,4,988.47,0.03,3835.26,3015.65,819.61,3976,Pending
O02132,7/29/2023 0:00,C1085,P072,E129,B08,PAY02132,D02132,5,456.41,0.06,2145.13,1697.52,447.61,2845,Cancelled
O02133,2/14/2023 0:00,C1136,P269,E141,B13,PAY02133,D02133,5,912.49,0.04,4379.95,3207.34,1172.61,4629,Cancelled
O02134,11/16/2022 0:00,C0101,P174,E117,B05,PAY02134,D02134,5,950.51,0.02,4657.5,3954.32,703.18,3200,Delivered
O02135,11/22/2025 0:00,C0586,P073,E098,B02,PAY02135,D02135,3,992.16,0.12,2619.3,1864.56,754.74,4128,Pending
O02136,4/21/2020 0:00,C0661,P009,E061,B05,PAY02136,D02136,5,861.38,0.09,3919.28,3200.91,718.37,1004,Pending
O02137,1/4/2021 0:00,C0805,P116,E091,B03,PAY02137,D02137,1,958.43,0.11,853,753.13,99.87,2492,Cancelled
O02138,4/22/2024 0:00,C0015,P063,E018,B14,PAY02138,D02138,3,337.46,0.11,901.02,585.12,315.9,3659,Pending
O02139,5/13/2020 0:00,C0607,P024,E038,B09,PAY02139,D02139,2,746.11,0.19,1208.7,1044.44,164.26,3561,Pending
O02140,9/30/2020 0:00,C0918,P267,E127,B06,PAY02140,D02140,5,156.33,0.09,711.3,477.24,234.06,2175,Delivered
O02141,7/18/2022 0:00,C0377,P199,E105,B12,PAY02141,D02141,3,313.8,0.02,922.57,752.51,170.06,516,Pending
O02142,3/13/2021 0:00,C1057,P254,E147,B05,PAY02142,D02142,2,374.83,0.07,697.18,483.2,213.98,1176,Pending
O02143,10/8/2022 0:00,C0971,P300,E134,B01,PAY02143,D02143,3,453.34,0.17,1128.82,934.88,193.94,3733,Cancelled
O02144,6/9/2023 0:00,C0514,P175,E100,B05,PAY02144,D02144,1,1214.45,0.01,1202.31,1023.51,178.8,1126,Cancelled
O02145,10/18/2021 0:00,C0715,P202,E134,B07,PAY02145,D02145,1,1046.73,0.09,952.52,667.08,285.44,1840,Pending
O02146,10/24/2020 0:00,C0262,P096,E079,B06,PAY02146,D02146,2,37.09,0.04,71.21,47.09,24.12,1087,Cancelled
O02147,4/22/2022 0:00,C1188,P062,E083,B12,PAY02147,D02147,5,1230.56,0.12,5414.46,4312.48,1101.98,1700,Delivered
O02148,12/7/2020 0:00,C1166,P180,E013,B14,PAY02148,D02148,4,857.02,0.17,2845.31,1840.09,1005.22,3768,Pending
O02149,3/24/2024 0:00,C0479,P284,E058,B06,PAY02149,D02149,5,1420.47,0.04,6818.26,6112.36,705.9,1476,Delivered
O02150,10/5/2025 0:00,C0088,P077,E023,B06,PAY02150,D02150,2,612.85,0.01,1213.44,785.74,427.7,3313,Pending
O02151,8/11/2025 0:00,C0467,P100,E041,B15,PAY02151,D02151,4,303.84,0.12,1069.52,822,247.52,3309,Pending
O02152,7/12/2024 0:00,C0747,P003,E116,B12,PAY02152,D02152,4,637.4,0.06,2396.62,1582.36,814.26,2775,Pending
O02153,10/16/2021 0:00,C1052,P063,E144,B15,PAY02153,D02153,4,404.6,0.17,1343.27,1067.56,275.71,2554,Pending
O02154,5/7/2020 0:00,C0022,P056,E013,B02,PAY02154,D02154,3,435.44,0.19,1058.12,685.38,372.74,1278,Delivered
O02155,10/25/2021 0:00,C1019,P202,E018,B04,PAY02155,D02155,1,550.93,0.05,523.38,400.62,122.76,3962,Delivered
O02156,10/4/2020 0:00,C0792,P118,E046,B10,PAY02156,D02156,1,134.09,0.04,128.73,105.79,22.94,842,Cancelled
O02157,4/17/2020 0:00,C0163,P238,E010,B05,PAY02157,D02157,2,1493.45,0.13,2598.6,1997.13,601.47,3681,Pending
O02158,11/17/2021 0:00,C0150,P188,E097,B03,PAY02158,D02158,2,959.22,0.17,1592.31,1112.13,480.18,1282,Cancelled
O02159,4/23/2021 0:00,C1006,P194,E071,B10,PAY02159,D02159,2,1198.86,0.05,2277.83,1564.29,713.54,955,Pending
O02160,1/22/2020 0:00,C0015,P119,E051,B05,PAY02160,D02160,3,1306.63,0.12,3449.5,2493.53,955.97,3340,Pending
O02161,10/12/2021 0:00,C0512,P122,E148,B06,PAY02161,D02161,3,444.84,0.18,1094.31,788.3,306.01,3261,Delivered
O02162,10/1/2023 0:00,C0991,P197,E147,B15,PAY02162,D02162,2,616.39,0.1,1109.5,677.14,432.36,654,Cancelled
O02163,4/13/2020 0:00,C0293,P292,E087,B01,PAY02163,D02163,1,1210.01,0.02,1185.81,832.23,353.58,1849,Pending
O02164,5/27/2022 0:00,C0587,P275,E142,B06,PAY02164,D02164,3,1418.51,0.13,3702.31,3146.55,555.76,592,Cancelled
O02165,8/19/2022 0:00,C0120,P197,E025,B07,PAY02165,D02165,2,765.81,0.18,1255.93,1027.75,228.18,3735,Delivered
O02166,9/23/2020 0:00,C1179,P162,E092,B02,PAY02166,D02166,2,620.04,0.03,1202.88,769.41,433.47,4073,Delivered
O02167,5/28/2024 0:00,C0669,P212,E017,B15,PAY02167,D02167,1,1088.34,0.15,925.09,669.13,255.96,2149,Delivered
O02168,1/9/2023 0:00,C0718,P254,E007,B03,PAY02168,D02168,3,393.98,0.12,1040.11,869.55,170.56,2380,Cancelled
O02169,11/8/2022 0:00,C0585,P182,E041,B12,PAY02169,D02169,5,1010.29,0.04,4849.39,4155.54,693.85,766,Cancelled
O02170,12/6/2021 0:00,C1145,P282,E131,B03,PAY02170,D02170,4,880.26,0.15,2992.88,2250.15,742.73,3812,Cancelled
O02171,4/16/2025 0:00,C0892,P216,E080,B10,PAY02171,D02171,2,1087.41,0.18,1783.35,1450.26,333.09,3827,Delivered
O02172,4/24/2023 0:00,C0451,P150,E010,B09,PAY02172,D02172,5,1270.25,0.1,5716.12,4803.23,912.89,1347,Cancelled
O02173,3/23/2021 0:00,C1003,P219,E113,B12,PAY02173,D02173,4,42.22,0.14,145.24,91.74,53.5,1535,Delivered
O02174,8/31/2021 0:00,C0664,P076,E071,B13,PAY02174,D02174,2,1273.83,0.09,2318.37,1560.9,757.47,667,Cancelled
O02175,8/6/2023 0:00,C0129,P158,E137,B05,PAY02175,D02175,5,471.14,0.05,2237.91,1875.83,362.08,2410,Pending
O02176,6/17/2021 0:00,C1148,P254,E100,B08,PAY02176,D02176,1,934.07,0.15,793.96,529.48,264.48,1261,Cancelled
O02177,12/7/2021 0:00,C1019,P206,E103,B01,PAY02177,D02177,2,1296.66,0.05,2463.65,1974.04,489.61,767,Cancelled
O02178,11/24/2021 0:00,C0422,P275,E075,B10,PAY02178,D02178,4,1200.6,0.01,4754.38,4097.59,656.79,1662,Delivered
O02179,10/28/2022 0:00,C0126,P109,E016,B02,PAY02179,D02179,2,1078.03,0.16,1811.09,1123.18,687.91,2621,Cancelled
O02180,11/16/2020 0:00,C1086,P089,E145,B11,PAY02180,D02180,5,1283.66,0.04,6161.57,5101.31,1060.26,3715,Cancelled
O02181,8/29/2025 0:00,C0942,P278,E048,B13,PAY02181,D02181,2,311.31,0.06,585.26,485.94,99.32,2771,Pending
O02182,4/27/2023 0:00,C0049,P205,E047,B02,PAY02182,D02182,3,823.67,0.01,2446.3,2178.07,268.23,4535,Pending
O02183,10/24/2023 0:00,C0439,P124,E053,B11,PAY02183,D02183,1,679.13,0.12,597.63,366.05,231.58,3089,Pending
O02184,2/24/2021 0:00,C0982,P290,E081,B12,PAY02184,D02184,4,167.37,0.19,542.28,371.53,170.75,1010,Cancelled
O02185,7/14/2025 0:00,C0886,P194,E103,B14,PAY02185,D02185,2,1023.8,0.04,1965.7,1466.81,498.89,4373,Cancelled
O02186,4/28/2025 0:00,C0659,P192,E099,B02,PAY02186,D02186,2,735.6,0.11,1309.37,880.81,428.56,2810,Delivered
O02187,3/10/2023 0:00,C0987,P220,E048,B11,PAY02187,D02187,2,95.72,0.11,170.38,135.61,34.77,4552,Cancelled
O02188,4/24/2021 0:00,C0264,P133,E078,B11,PAY02188,D02188,3,66.28,0.12,174.98,114.36,60.62,3553,Delivered
O02189,1/5/2022 0:00,C0832,P240,E026,B11,PAY02189,D02189,4,986.74,0.08,3631.2,2571.52,1059.68,1493,Cancelled
O02190,3/18/2025 0:00,C0610,P183,E079,B05,PAY02190,D02190,1,1069.91,0.04,1027.11,634.13,392.98,4840,Cancelled
O02191,3/10/2023 0:00,C0610,P221,E054,B06,PAY02191,D02191,3,390.33,0.13,1018.76,675.41,343.35,2825,Delivered
O02192,2/1/2020 0:00,C0615,P040,E124,B13,PAY02192,D02192,1,1035.4,0.11,921.51,665.15,256.36,2768,Delivered
O02193,12/6/2020 0:00,C0646,P119,E094,B03,PAY02193,D02193,5,386.49,0.01,1913.13,1719.98,193.15,885,Pending
O02194,3/11/2023 0:00,C0343,P260,E120,B06,PAY02194,D02194,4,933.52,0,3734.08,3187.87,546.21,4787,Pending
O02195,3/26/2023 0:00,C1045,P140,E021,B10,PAY02195,D02195,2,873.16,0,1746.32,1479.65,266.67,1708,Delivered
O02196,9/26/2023 0:00,C0419,P270,E123,B10,PAY02196,D02196,2,551.63,0.02,1081.19,658.46,422.73,2055,Cancelled
O02197,6/3/2025 0:00,C0810,P081,E047,B01,PAY02197,D02197,5,941.47,0.01,4660.28,4139.84,520.44,2277,Pending
O02198,12/31/2020 0:00,C0144,P297,E054,B09,PAY02198,D02198,3,1350.25,0.06,3807.7,2429.48,1378.22,1904,Pending
O02199,3/15/2024 0:00,C0934,P279,E111,B11,PAY02199,D02199,3,519.12,0.11,1386.05,911.63,474.42,4151,Cancelled
O02200,9/17/2020 0:00,C1075,P210,E079,B11,PAY02200,D02200,4,948.5,0.06,3566.36,2653.11,913.25,3152,Delivered
O02201,6/6/2022 0:00,C0973,P011,E045,B15,PAY02201,D02201,2,430.99,0.14,741.3,607.28,134.02,2736,Pending
O02202,11/19/2022 0:00,C0603,P101,E079,B02,PAY02202,D02202,1,319.95,0.08,294.35,237.05,57.3,594,Delivered
O02203,4/22/2021 0:00,C1105,P014,E089,B04,PAY02203,D02203,3,428.93,0.16,1080.9,926.39,154.51,984,Pending
O02204,1/19/2022 0:00,C0698,P261,E043,B01,PAY02204,D02204,3,1488.44,0.18,3661.56,2933.31,728.25,4503,Cancelled
O02205,1/26/2021 0:00,C0943,P282,E074,B10,PAY02205,D02205,3,1143.09,0.01,3394.98,2170.76,1224.22,3382,Delivered
O02206,11/23/2022 0:00,C1186,P012,E125,B03,PAY02206,D02206,4,437,0.1,1573.2,1003.58,569.62,3079,Cancelled
O02207,8/13/2024 0:00,C0839,P195,E048,B12,PAY02207,D02207,4,1019.3,0.09,3710.25,2315.49,1394.76,2405,Delivered
O02208,4/25/2020 0:00,C0620,P252,E098,B06,PAY02208,D02208,2,1132.52,0.17,1879.98,1348.45,531.53,1327,Pending
O02209,12/6/2022 0:00,C0679,P113,E012,B14,PAY02209,D02209,2,136.44,0.12,240.13,146.68,93.45,3923,Pending
O02210,2/14/2021 0:00,C0827,P107,E030,B12,PAY02210,D02210,1,872.9,0.13,759.42,517.74,241.68,2142,Pending
O02211,4/14/2024 0:00,C1148,P051,E129,B08,PAY02211,D02211,1,80.61,0.17,66.91,52.7,14.21,1593,Delivered
O02212,3/18/2023 0:00,C1080,P191,E113,B13,PAY02212,D02212,5,72.91,0.11,324.45,219,105.45,3717,Pending
O02213,8/3/2022 0:00,C1136,P004,E053,B02,PAY02213,D02213,5,622.44,0.07,2894.35,1993.02,901.33,1316,Cancelled
O02214,12/10/2025 0:00,C1096,P160,E117,B03,PAY02214,D02214,1,1244.84,0.01,1232.39,1007.61,224.78,1598,Delivered
O02215,9/12/2021 0:00,C1135,P109,E077,B13,PAY02215,D02215,1,534.6,0.18,438.37,322.01,116.36,3480,Cancelled
O02216,5/31/2020 0:00,C0359,P105,E071,B15,PAY02216,D02216,4,328.42,0.03,1274.27,805.65,468.62,1428,Delivered
O02217,3/20/2022 0:00,C0992,P085,E068,B10,PAY02217,D02217,3,85.27,0.02,250.69,214.53,36.16,3939,Cancelled
O02218,1/16/2024 0:00,C1164,P219,E146,B09,PAY02218,D02218,2,1037.18,0.01,2053.62,1646.36,407.26,1306,Cancelled
O02219,11/8/2025 0:00,C0986,P216,E075,B03,PAY02219,D02219,3,1134.04,0.2,2721.7,1798.31,923.39,1156,Delivered
O02220,5/8/2022 0:00,C0010,P072,E094,B08,PAY02220,D02220,3,1356.81,0.18,3337.75,2740.35,597.4,4405,Pending
O02221,12/25/2020 0:00,C0189,P069,E120,B14,PAY02221,D02221,5,737.9,0.07,3431.23,2737.88,693.35,2844,Pending
O02222,4/16/2021 0:00,C0988,P042,E078,B02,PAY02222,D02222,3,78.82,0.12,208.08,155.29,52.79,4370,Cancelled
O02223,12/1/2022 0:00,C0734,P195,E082,B11,PAY02223,D02223,4,1288.66,0.01,5103.09,3146.5,1956.59,2533,Delivered
O02224,4/5/2022 0:00,C1198,P030,E068,B01,PAY02224,D02224,4,1205.22,0.1,4338.79,2850.32,1488.47,3816,Cancelled
O02225,2/21/2021 0:00,C0677,P019,E029,B08,PAY02225,D02225,3,1278.9,0.02,3759.97,2611.5,1148.47,4154,Delivered
O02226,12/5/2024 0:00,C0820,P060,E142,B06,PAY02226,D02226,4,1071.21,0.19,3470.72,2539.7,931.02,4808,Pending
O02227,12/31/2022 0:00,C0007,P203,E096,B04,PAY02227,D02227,4,1379.57,0.03,5352.73,4229.02,1123.71,4688,Pending
O02228,4/27/2022 0:00,C0743,P183,E087,B03,PAY02228,D02228,4,167.9,0.13,584.29,498.2,86.09,2339,Pending
O02229,3/20/2020 0:00,C0654,P260,E103,B08,PAY02229,D02229,4,686.08,0.08,2524.77,2015.28,509.49,3361,Cancelled
O02230,4/9/2020 0:00,C0250,P273,E123,B06,PAY02230,D02230,4,516.19,0.16,1734.4,1304.74,429.66,1099,Pending
O02231,9/29/2025 0:00,C0709,P048,E097,B04,PAY02231,D02231,5,1325.64,0.12,5832.82,5080.73,752.09,1045,Cancelled
O02232,2/2/2020 0:00,C1057,P081,E103,B05,PAY02232,D02232,3,1002.06,0.09,2735.62,2118.97,616.65,2554,Delivered
O02233,1/2/2020 0:00,C1157,P172,E002,B13,PAY02233,D02233,1,1113.69,0.1,1002.32,870.69,131.63,4356,Delivered
O02234,10/9/2024 0:00,C0772,P161,E066,B12,PAY02234,D02234,3,109.55,0.1,295.78,247.19,48.59,2384,Delivered
O02235,5/9/2025 0:00,C0258,P046,E031,B01,PAY02235,D02235,1,793.33,0.14,682.26,613.71,68.55,3711,Cancelled
O02236,10/8/2024 0:00,C0838,P224,E114,B03,PAY02236,D02236,1,1028.96,0.08,946.64,574.24,372.4,2598,Cancelled
O02237,5/6/2024 0:00,C0365,P298,E132,B01,PAY02237,D02237,4,125.68,0.09,457.48,409.09,48.39,3149,Cancelled
O02238,8/12/2023 0:00,C0471,P128,E092,B02,PAY02238,D02238,3,817.32,0.09,2231.28,1896.81,334.47,1663,Pending
O02239,5/14/2020 0:00,C0818,P164,E059,B11,PAY02239,D02239,4,71.72,0.12,252.45,193.2,59.25,807,Delivered
O02240,8/15/2025 0:00,C0131,P128,E138,B12,PAY02240,D02240,3,1194.11,0.11,3188.27,2439.81,748.46,4996,Delivered
O02241,12/27/2024 0:00,C0510,P039,E001,B06,PAY02241,D02241,2,434.89,0.16,730.62,634.77,95.85,4653,Delivered
O02242,4/7/2024 0:00,C0645,P029,E142,B10,PAY02242,D02242,2,1085.7,0.17,1802.26,1621.58,180.68,1562,Pending
O02243,5/23/2021 0:00,C0837,P092,E115,B01,PAY02243,D02243,3,343.02,0.03,998.19,685.27,312.92,4098,Pending
O02244,12/15/2025 0:00,C0854,P179,E089,B04,PAY02244,D02244,3,641.31,0.09,1750.78,1187.99,562.79,4259,Cancelled
O02245,4/22/2025 0:00,C0413,P217,E044,B10,PAY02245,D02245,2,1442.79,0.01,2856.72,2057.9,798.82,2003,Cancelled
O02246,2/17/2023 0:00,C0390,P125,E144,B14,PAY02246,D02246,2,129.26,0.12,227.5,160.21,67.29,3048,Cancelled
O02247,6/14/2022 0:00,C0996,P164,E136,B10,PAY02247,D02247,5,777.58,0.07,3615.75,2411.33,1204.42,1487,Delivered
O02248,4/26/2025 0:00,C0994,P029,E095,B05,PAY02248,D02248,2,824.76,0.13,1435.08,1189.57,245.51,3283,Delivered
O02249,5/30/2023 0:00,C1084,P015,E034,B04,PAY02249,D02249,1,129.44,0.05,122.97,85.76,37.21,4220,Delivered
O02250,12/4/2025 0:00,C0403,P267,E084,B03,PAY02250,D02250,4,152.9,0.12,538.21,418.91,119.3,3883,Delivered
O02251,9/5/2025 0:00,C1011,P142,E144,B15,PAY02251,D02251,2,1184.39,0.11,2108.21,1872.02,236.19,619,Cancelled
O02252,4/2/2025 0:00,C0935,P028,E105,B13,PAY02252,D02252,3,1426.45,0.13,3723.03,3120.59,602.44,2361,Cancelled
O02253,2/8/2023 0:00,C1069,P111,E059,B01,PAY02253,D02253,3,640.32,0.06,1805.7,1306.85,498.85,1213,Cancelled
O02254,9/6/2024 0:00,C0280,P125,E105,B04,PAY02254,D02254,5,498.15,0.11,2216.77,1502.38,714.39,650,Cancelled
O02255,9/29/2025 0:00,C0250,P025,E017,B15,PAY02255,D02255,4,1368.32,0.06,5144.88,4546.44,598.44,3224,Cancelled
O02256,2/9/2021 0:00,C0250,P203,E102,B04,PAY02256,D02256,1,1220.22,0.09,1110.4,840.86,269.54,3728,Pending
O02257,5/14/2023 0:00,C0011,P121,E092,B10,PAY02257,D02257,2,538.6,0.06,1012.57,752.28,260.29,3320,Cancelled
O02258,9/8/2022 0:00,C0690,P174,E017,B13,PAY02258,D02258,2,755.45,0.05,1435.36,1270.19,165.17,2668,Pending
O02259,6/12/2022 0:00,C1159,P201,E063,B07,PAY02259,D02259,2,1153.19,0.18,1891.23,1171.84,719.39,1814,Pending
O02260,10/12/2022 0:00,C0697,P094,E120,B08,PAY02260,D02260,1,1379.2,0.15,1172.32,840.66,331.66,1526,Delivered
O02261,2/24/2025 0:00,C0402,P098,E032,B12,PAY02261,D02261,4,443.49,0.12,1561.08,1022.17,538.91,2615,Cancelled
O02262,12/20/2022 0:00,C0301,P249,E099,B14,PAY02262,D02262,1,625.79,0.09,569.47,386.69,182.78,2563,Pending
O02263,4/8/2020 0:00,C0974,P179,E009,B10,PAY02263,D02263,3,371.38,0.09,1013.87,798.26,215.61,4917,Pending
O02264,10/11/2022 0:00,C0005,P021,E111,B02,PAY02264,D02264,1,1018.72,0.15,865.91,730.07,135.84,2625,Delivered
O02265,6/1/2021 0:00,C0209,P162,E103,B09,PAY02265,D02265,3,1173.29,0.07,3273.48,2262.23,1011.25,3375,Delivered
O02266,11/11/2021 0:00,C0385,P274,E059,B04,PAY02266,D02266,4,349.24,0.17,1159.48,892.47,267.01,1101,Delivered
O02267,12/24/2022 0:00,C0293,P058,E122,B08,PAY02267,D02267,5,265.89,0.04,1276.27,1087.46,188.81,4872,Cancelled
O02268,3/9/2024 0:00,C1169,P155,E048,B13,PAY02268,D02268,5,377.76,0.1,1699.92,1038.41,661.51,2199,Pending
O02269,12/12/2021 0:00,C0992,P122,E052,B13,PAY02269,D02269,5,865.42,0.17,3591.49,2434.91,1156.58,766,Pending
O02270,5/11/2024 0:00,C0410,P111,E042,B14,PAY02270,D02270,1,1410.78,0.08,1297.92,1150.32,147.6,4894,Delivered
O02271,11/10/2021 0:00,C0517,P136,E075,B12,PAY02271,D02271,4,1046.38,0.14,3599.55,2252.25,1347.3,2693,Delivered
O02272,9/28/2022 0:00,C1174,P234,E120,B13,PAY02272,D02272,2,338.18,0.04,649.31,479.77,169.54,1865,Cancelled
O02273,11/13/2021 0:00,C1084,P251,E069,B08,PAY02273,D02273,4,1048.99,0.19,3398.73,2404.25,994.48,2058,Delivered
O02274,7/17/2022 0:00,C0792,P262,E133,B12,PAY02274,D02274,2,202.62,0.13,352.56,261.11,91.45,1942,Delivered
O02275,6/10/2020 0:00,C0634,P178,E024,B11,PAY02275,D02275,2,358.32,0.03,695.14,623.22,71.92,1453,Pending
O02276,10/13/2022 0:00,C0632,P271,E128,B11,PAY02276,D02276,4,809.22,0.06,3042.67,2551.89,490.78,4035,Cancelled
O02277,10/22/2025 0:00,C0157,P262,E071,B02,PAY02277,D02277,5,1302.14,0.01,6445.59,5776.56,669.03,2863,Pending
O02278,3/19/2023 0:00,C0974,P112,E047,B12,PAY02278,D02278,1,277.97,0.17,230.72,205.09,25.63,2937,Delivered
O02279,11/21/2025 0:00,C0243,P056,E100,B10,PAY02279,D02279,4,1085.24,0.06,4080.5,2832.12,1248.38,3205,Delivered
O02280,10/21/2022 0:00,C0936,P157,E081,B06,PAY02280,D02280,1,974.2,0.06,915.75,599.88,315.87,3175,Pending
O02281,9/28/2021 0:00,C0419,P174,E090,B03,PAY02281,D02281,1,674.94,0.06,634.44,435.06,199.38,2418,Cancelled
O02282,11/6/2023 0:00,C0337,P173,E130,B03,PAY02282,D02282,3,618.18,0.16,1557.81,1176.82,380.99,2776,Cancelled
O02283,11/11/2025 0:00,C0368,P141,E003,B14,PAY02283,D02283,5,31.76,0.13,138.16,109.52,28.64,4856,Pending
O02284,1/10/2025 0:00,C0787,P136,E039,B07,PAY02284,D02284,5,901.8,0.04,4328.64,3010.08,1318.56,853,Delivered
O02285,10/28/2020 0:00,C0607,P197,E039,B02,PAY02285,D02285,3,835.89,0.12,2206.75,1885.51,321.24,1676,Cancelled
O02286,6/3/2024 0:00,C0796,P229,E038,B13,PAY02286,D02286,1,647.14,0.17,537.13,343.82,193.31,744,Delivered
O02287,9/20/2022 0:00,C0679,P001,E057,B12,PAY02287,D02287,2,144.42,0.12,254.18,189.58,64.6,4718,Delivered
O02288,9/21/2022 0:00,C0376,P124,E143,B02,PAY02288,D02288,5,693.58,0,3467.9,2845.74,622.16,3421,Delivered
O02289,4/3/2020 0:00,C1142,P228,E105,B03,PAY02289,D02289,1,502.08,0.13,436.81,310.31,126.5,3400,Delivered
O02290,5/7/2022 0:00,C0870,P182,E047,B14,PAY02290,D02290,3,1495.37,0.05,4261.8,2936.14,1325.66,3433,Delivered
O02291,11/3/2025 0:00,C0797,P257,E004,B11,PAY02291,D02291,5,771.32,0.03,3740.9,3153.55,587.35,969,Pending
O02292,11/7/2023 0:00,C0975,P293,E146,B11,PAY02292,D02292,1,1027.43,0.16,863.04,611.86,251.18,4981,Cancelled
O02293,2/25/2025 0:00,C0564,P260,E047,B10,PAY02293,D02293,5,511.6,0.05,2430.1,2094.04,336.06,2203,Cancelled
O02294,5/3/2025 0:00,C0695,P028,E076,B14,PAY02294,D02294,5,764.87,0.2,3059.48,2635.51,423.97,4395,Cancelled
O02295,12/12/2021 0:00,C0131,P137,E137,B11,PAY02295,D02295,2,185.36,0.03,359.6,268.25,91.35,4235,Delivered
O02296,5/2/2022 0:00,C0270,P091,E015,B04,PAY02296,D02296,4,1493.8,0.12,5258.18,4541.56,716.62,1474,Cancelled
O02297,9/23/2023 0:00,C0926,P133,E026,B04,PAY02297,D02297,1,778.14,0.15,661.42,519.65,141.77,3934,Pending
O02298,4/9/2023 0:00,C0063,P192,E110,B11,PAY02298,D02298,5,945.24,0.19,3828.22,2718.82,1109.4,639,Pending
O02299,12/30/2020 0:00,C0651,P160,E013,B03,PAY02299,D02299,5,1283.86,0.13,5584.79,4861.47,723.32,2797,Pending
O02300,7/20/2024 0:00,C0520,P158,E063,B14,PAY02300,D02300,5,480.07,0.14,2064.3,1742.09,322.21,3818,Pending
O02301,3/21/2022 0:00,C0183,P225,E001,B03,PAY02301,D02301,5,681.81,0.09,3102.24,2768.34,333.9,3411,Cancelled
O02302,11/19/2020 0:00,C0947,P050,E135,B14,PAY02302,D02302,1,564.97,0.04,542.37,485.42,56.95,629,Pending
O02303,9/9/2020 0:00,C0441,P073,E099,B02,PAY02303,D02303,5,841.07,0.04,4037.14,2473.68,1563.46,749,Cancelled
O02304,3/4/2025 0:00,C1009,P207,E029,B02,PAY02304,D02304,3,134.29,0.03,390.78,348.17,42.61,2585,Cancelled
O02305,4/27/2022 0:00,C1143,P234,E024,B10,PAY02305,D02305,1,137.79,0.13,119.88,83.63,36.25,2640,Pending
O02306,4/24/2025 0:00,C0300,P290,E069,B13,PAY02306,D02306,1,1279.72,0.17,1062.17,775.02,287.15,3100,Delivered
O02307,6/11/2022 0:00,C0913,P298,E075,B01,PAY02307,D02307,3,1138.5,0.11,3039.8,2416.98,622.82,2394,Cancelled
O02308,4/23/2022 0:00,C0937,P010,E049,B07,PAY02308,D02308,4,407.3,0.17,1352.24,1130.01,222.23,4176,Delivered
O02309,7/30/2022 0:00,C0708,P267,E132,B08,PAY02309,D02309,1,1226.34,0.04,1177.29,754.52,422.77,3276,Cancelled
O02310,3/24/2023 0:00,C1150,P202,E048,B12,PAY02310,D02310,2,1083.47,0.02,2123.6,1603.64,519.96,3343,Pending
O02311,9/26/2022 0:00,C0894,P041,E028,B15,PAY02311,D02311,1,560.14,0.09,509.73,341.78,167.95,3382,Pending
O02312,8/9/2020 0:00,C0273,P026,E041,B03,PAY02312,D02312,1,1331.94,0.09,1212.07,917.01,295.06,4616,Cancelled
O02313,11/17/2020 0:00,C0164,P260,E046,B01,PAY02313,D02313,4,901.78,0.18,2957.84,2183.17,774.67,1956,Pending
O02314,6/5/2023 0:00,C0020,P271,E132,B13,PAY02314,D02314,3,1232.01,0.13,3215.55,2351.36,864.19,3004,Pending
O02315,2/13/2023 0:00,C0133,P230,E001,B02,PAY02315,D02315,1,220.59,0,220.59,191.1,29.49,752,Delivered
O02316,3/5/2021 0:00,C0020,P268,E006,B11,PAY02316,D02316,5,41.66,0.05,197.88,177.93,19.95,1200,Pending
O02317,2/7/2025 0:00,C0363,P088,E133,B03,PAY02317,D02317,5,1014.47,0.05,4818.73,3680.56,1138.17,1779,Delivered
O02318,4/16/2024 0:00,C1026,P047,E042,B07,PAY02318,D02318,4,624.07,0.16,2096.88,1779.54,317.34,3975,Pending
O02319,11/4/2020 0:00,C0564,P038,E106,B09,PAY02319,D02319,2,1362.45,0.1,2452.41,2174.05,278.36,4099,Pending
O02320,6/20/2025 0:00,C0350,P131,E007,B10,PAY02320,D02320,2,453.44,0.04,870.6,554.4,316.2,1000,Pending
O02321,7/9/2024 0:00,C0174,P103,E136,B04,PAY02321,D02321,5,521.6,0.05,2477.6,1872.1,605.5,672,Cancelled
O02322,12/26/2022 0:00,C0597,P179,E034,B08,PAY02322,D02322,2,217.26,0.07,404.1,305.33,98.77,4344,Cancelled
O02323,12/11/2021 0:00,C1147,P108,E146,B09,PAY02323,D02323,3,1215.86,0.1,3282.82,2804.46,478.36,3262,Cancelled
O02324,1/8/2020 0:00,C0851,P011,E083,B13,PAY02324,D02324,1,754.02,0.16,633.38,402.14,231.24,789,Cancelled
O02325,1/23/2025 0:00,C0744,P148,E038,B13,PAY02325,D02325,5,601.49,0.11,2676.63,2296.64,379.99,3093,Cancelled
O02326,11/9/2025 0:00,C0925,P216,E053,B01,PAY02326,D02326,1,413.18,0.17,342.94,245.22,97.72,2951,Pending
O02327,11/12/2020 0:00,C0836,P284,E017,B08,PAY02327,D02327,4,556.33,0.09,2025.04,1701.98,323.06,2096,Delivered
O02328,4/29/2024 0:00,C1110,P212,E018,B06,PAY02328,D02328,4,545.53,0.17,1811.16,1519.49,291.67,4888,Pending
O02329,10/11/2023 0:00,C0284,P192,E099,B02,PAY02329,D02329,1,512.38,0.19,415.03,254.08,160.95,1485,Pending
O02330,9/10/2021 0:00,C1112,P179,E020,B01,PAY02330,D02330,4,527.34,0.02,2067.17,1570.68,496.49,4798,Pending
O02331,3/10/2020 0:00,C0229,P232,E057,B02,PAY02331,D02331,4,562.97,0.12,1981.65,1226.19,755.46,4033,Cancelled
O02332,3/12/2023 0:00,C0945,P152,E128,B14,PAY02332,D02332,4,104.78,0.18,343.68,282.58,61.1,1466,Pending
O02333,3/9/2024 0:00,C0934,P008,E106,B05,PAY02333,D02333,2,102.75,0.17,170.56,133.12,37.44,1518,Pending
O02334,1/28/2024 0:00,C1011,P195,E006,B12,PAY02334,D02334,2,332,0.13,577.68,378.25,199.43,4283,Cancelled
O02335,9/12/2024 0:00,C0792,P200,E118,B11,PAY02335,D02335,4,436.66,0.02,1711.71,1366.26,345.45,810,Delivered
O02336,9/10/2021 0:00,C1123,P114,E078,B10,PAY02336,D02336,4,1168.63,0.01,4627.77,3237,1390.77,1938,Delivered
O02337,4/21/2023 0:00,C0210,P024,E031,B13,PAY02337,D02337,3,1411.85,0.03,4108.48,2572.81,1535.67,4468,Delivered
O02338,10/16/2021 0:00,C0965,P099,E068,B14,PAY02338,D02338,4,382.7,0.17,1270.56,881,389.56,1406,Pending
O02339,8/5/2021 0:00,C0067,P172,E121,B04,PAY02339,D02339,5,1020.85,0.15,4338.61,3626.52,712.09,2086,Cancelled
O02340,4/14/2020 0:00,C0349,P264,E051,B14,PAY02340,D02340,2,271.87,0.18,445.87,348.67,97.2,3040,Cancelled
O02341,1/16/2025 0:00,C0204,P113,E132,B03,PAY02341,D02341,3,362.14,0.1,977.78,628.34,349.44,2546,Cancelled
O02342,10/26/2022 0:00,C0326,P141,E058,B11,PAY02342,D02342,4,897.36,0.04,3445.86,2684.38,761.48,878,Delivered
O02343,8/18/2023 0:00,C0198,P091,E137,B14,PAY02343,D02343,4,1346.28,0.18,4415.8,2808.92,1606.88,3619,Delivered
O02344,3/2/2022 0:00,C1163,P240,E117,B08,PAY02344,D02344,4,1425.71,0,5702.84,3699.93,2002.91,4086,Delivered
O02345,7/17/2025 0:00,C0642,P031,E109,B03,PAY02345,D02345,3,1354.79,0.15,3454.71,2773.93,680.78,816,Delivered
O02346,5/7/2025 0:00,C0337,P047,E033,B08,PAY02346,D02346,2,563.59,0.16,946.83,708.14,238.69,1416,Delivered
O02347,7/25/2021 0:00,C1016,P014,E149,B08,PAY02347,D02347,3,1479.11,0.14,3816.1,2392.81,1423.29,978,Cancelled
O02348,9/19/2025 0:00,C0134,P259,E041,B05,PAY02348,D02348,2,932.74,0.19,1511.04,1262.22,248.82,546,Pending
O02349,4/22/2020 0:00,C0720,P011,E137,B02,PAY02349,D02349,4,890.09,0.12,3133.12,2818.6,314.52,548,Delivered
O02350,11/8/2022 0:00,C0039,P219,E093,B08,PAY02350,D02350,5,804.68,0.12,3540.59,2322.56,1218.03,669,Cancelled
O02351,1/22/2020 0:00,C1037,P009,E102,B15,PAY02351,D02351,5,1139.72,0.1,5128.74,4554.71,574.03,1858,Pending
O02352,12/14/2021 0:00,C0706,P226,E066,B01,PAY02352,D02352,4,233.66,0.16,785.1,617.87,167.23,1600,Delivered
O02353,7/19/2024 0:00,C1104,P289,E046,B12,PAY02353,D02353,1,561.19,0.19,454.56,341.02,113.54,1916,Delivered
O02354,10/30/2020 0:00,C0702,P232,E100,B10,PAY02354,D02354,2,1293.09,0.1,2327.56,1657.88,669.68,4862,Delivered
O02355,5/6/2020 0:00,C0095,P143,E092,B12,PAY02355,D02355,3,1374.68,0.18,3381.71,2199.43,1182.28,510,Pending
O02356,4/10/2020 0:00,C1081,P041,E021,B10,PAY02356,D02356,1,75.69,0.16,63.58,56.26,7.32,4520,Delivered
O02357,3/20/2021 0:00,C0972,P088,E065,B05,PAY02357,D02357,3,215.67,0.19,524.08,445.01,79.07,3088,Pending
O02358,10/7/2024 0:00,C0611,P094,E129,B14,PAY02358,D02358,1,1331.25,0.14,1144.88,961.5,183.38,912,Delivered
O02359,10/3/2024 0:00,C0892,P238,E056,B07,PAY02359,D02359,4,1256.89,0.18,4122.6,3505.96,616.64,3593,Delivered
O02360,1/18/2021 0:00,C0860,P239,E036,B01,PAY02360,D02360,4,709.6,0.12,2497.79,2006.66,491.13,2158,Cancelled
O02361,9/3/2022 0:00,C1155,P106,E111,B13,PAY02361,D02361,5,652.11,0.01,3227.94,2319.4,908.54,4804,Pending
O02362,8/10/2021 0:00,C1090,P260,E082,B12,PAY02362,D02362,4,978.25,0.04,3756.48,2490.52,1265.96,3185,Pending
O02363,4/10/2024 0:00,C0062,P128,E112,B15,PAY02363,D02363,4,1338.65,0.14,4604.96,3727.66,877.3,2262,Cancelled
O02364,10/22/2025 0:00,C0652,P012,E063,B11,PAY02364,D02364,3,629.55,0.09,1718.67,1058.6,660.07,905,Delivered
O02365,10/16/2020 0:00,C0757,P064,E096,B08,PAY02365,D02365,5,786.17,0.04,3773.62,2363.34,1410.28,1247,Cancelled
O02366,3/5/2020 0:00,C0883,P109,E046,B11,PAY02366,D02366,5,1471.36,0.07,6841.82,4653.96,2187.86,2877,Pending
O02367,2/18/2025 0:00,C0195,P220,E077,B02,PAY02367,D02367,3,784,0.01,2328.48,1580.86,747.62,2630,Cancelled
O02368,5/11/2021 0:00,C0530,P024,E045,B05,PAY02368,D02368,2,621,0.03,1204.74,1062.97,141.77,1975,Pending
O02369,8/31/2024 0:00,C0128,P170,E129,B15,PAY02369,D02369,4,174.34,0.19,564.86,470.92,93.94,4379,Cancelled
O02370,3/15/2025 0:00,C0557,P217,E065,B15,PAY02370,D02370,3,1337.67,0.07,3732.1,3052.93,679.17,2725,Pending
O02371,9/21/2021 0:00,C0636,P069,E135,B14,PAY02371,D02371,2,433.43,0.07,806.18,500.17,306.01,1850,Pending
O02372,9/5/2021 0:00,C1191,P190,E055,B12,PAY02372,D02372,2,1044.67,0.08,1922.19,1385.7,536.49,2156,Delivered
O02373,7/14/2022 0:00,C0454,P259,E049,B11,PAY02373,D02373,4,1093.47,0.08,4023.97,2948.35,1075.62,4931,Pending
O02374,11/8/2020 0:00,C0042,P288,E086,B04,PAY02374,D02374,4,740,0.08,2723.2,1962.48,760.72,1436,Cancelled
O02375,8/2/2023 0:00,C0828,P277,E019,B12,PAY02375,D02375,5,1317.81,0.09,5996.04,4590.94,1405.1,4633,Cancelled
O02376,7/23/2020 0:00,C0227,P115,E089,B06,PAY02376,D02376,3,1149.42,0.07,3206.88,1969.73,1237.15,2858,Cancelled
O02377,1/14/2025 0:00,C0175,P010,E118,B07,PAY02377,D02377,1,508.55,0.08,467.87,335.96,131.91,2115,Delivered
O02378,4/15/2022 0:00,C1120,P115,E121,B10,PAY02378,D02378,4,252.76,0.06,950.38,625.94,324.44,2834,Delivered
O02379,3/24/2021 0:00,C0951,P009,E135,B15,PAY02379,D02379,4,465.18,0.12,1637.43,1011.59,625.84,504,Cancelled
O02380,5/11/2025 0:00,C0590,P025,E046,B14,PAY02380,D02380,4,278.11,0.16,934.45,780.28,154.17,2041,Cancelled
O02381,4/18/2021 0:00,C0646,P121,E075,B11,PAY02381,D02381,4,48.88,0.1,175.97,146.34,29.63,4991,Delivered
O02382,4/1/2022 0:00,C1069,P157,E055,B13,PAY02382,D02382,2,879.74,0.1,1583.53,1159.57,423.96,1261,Delivered
O02383,5/9/2023 0:00,C0969,P003,E007,B10,PAY02383,D02383,4,1298.14,0.17,4309.82,3232.31,1077.51,2950,Delivered
O02384,12/22/2021 0:00,C1042,P226,E047,B03,PAY02384,D02384,1,1172.19,0.08,1078.41,876.31,202.1,2910,Delivered
O02385,4/4/2020 0:00,C0465,P135,E032,B13,PAY02385,D02385,4,543.65,0,2174.6,1637.37,537.23,830,Pending
O02386,11/24/2022 0:00,C0532,P129,E051,B07,PAY02386,D02386,2,1160.46,0.13,2019.2,1306.18,713.02,3277,Delivered
O02387,6/4/2025 0:00,C1071,P005,E145,B08,PAY02387,D02387,5,647.45,0.09,2945.9,2237.08,708.82,1992,Pending
O02388,10/12/2023 0:00,C0699,P017,E013,B07,PAY02388,D02388,3,82.53,0.09,225.31,178.6,46.71,4071,Pending
O02389,5/8/2022 0:00,C0987,P152,E140,B05,PAY02389,D02389,2,469.87,0.12,826.97,577.69,249.28,3743,Cancelled
O02390,5/22/2020 0:00,C0515,P179,E068,B02,PAY02390,D02390,2,371.37,0.14,638.76,511.43,127.33,2743,Delivered
O02391,3/9/2025 0:00,C0339,P260,E004,B13,PAY02391,D02391,3,939.17,0.15,2394.88,1884.66,510.22,2271,Cancelled
O02392,4/13/2020 0:00,C0226,P234,E086,B05,PAY02392,D02392,4,1491.53,0.18,4892.22,3010.3,1881.92,3011,Delivered
O02393,6/14/2022 0:00,C0629,P029,E132,B07,PAY02393,D02393,4,323.43,0.04,1241.97,1035.11,206.86,1893,Pending
O02394,7/20/2025 0:00,C0923,P229,E131,B05,PAY02394,D02394,4,843.18,0.15,2866.81,2457.54,409.27,2914,Delivered
O02395,6/29/2024 0:00,C0720,P156,E086,B05,PAY02395,D02395,1,650.87,0.05,618.33,543.55,74.78,2664,Cancelled
O02396,6/12/2025 0:00,C0212,P284,E148,B01,PAY02396,D02396,3,29.1,0,87.3,70.49,16.81,2397,Cancelled
O02397,10/15/2022 0:00,C1085,P283,E093,B09,PAY02397,D02397,3,1332.97,0.17,3319.1,2692.82,626.28,609,Pending
O02398,10/25/2022 0:00,C1063,P142,E088,B05,PAY02398,D02398,2,1320.12,0.16,2217.8,1844.68,373.12,4666,Delivered
O02399,9/5/2020 0:00,C0097,P105,E110,B02,PAY02399,D02399,3,31.72,0.18,78.03,54.73,23.3,2529,Pending
O02400,11/5/2021 0:00,C0956,P065,E084,B01,PAY02400,D02400,3,675.75,0.13,1763.71,1305.19,458.52,524,Pending
O02401,4/5/2024 0:00,C0633,P272,E032,B04,PAY02401,D02401,4,294.44,0.14,1012.87,840.77,172.1,2755,Pending
O02402,11/4/2025 0:00,C1077,P145,E031,B04,PAY02402,D02402,4,1187.06,0.04,4558.31,2862.27,1696.04,1210,Cancelled
O02403,12/8/2022 0:00,C0772,P065,E068,B07,PAY02403,D02403,2,490.88,0.18,805.04,717.48,87.56,3707,Cancelled
O02404,3/13/2020 0:00,C0642,P248,E088,B06,PAY02404,D02404,1,224.24,0.12,197.33,137.31,60.02,3089,Cancelled
O02405,3/9/2025 0:00,C0209,P041,E081,B03,PAY02405,D02405,5,1191.14,0.06,5598.36,3823.49,1774.87,2937,Delivered
O02406,2/25/2021 0:00,C1025,P074,E083,B15,PAY02406,D02406,3,122.41,0.15,312.15,203.57,108.58,1977,Delivered
O02407,3/21/2023 0:00,C0285,P233,E143,B13,PAY02407,D02407,3,346.46,0.1,935.44,609.51,325.93,868,Pending
O02408,4/13/2021 0:00,C0483,P271,E107,B15,PAY02408,D02408,5,825.71,0.2,3302.84,2028.65,1274.19,3532,Delivered
O02409,5/1/2020 0:00,C0639,P217,E105,B09,PAY02409,D02409,3,739.3,0.06,2084.83,1847.09,237.74,667,Delivered
O02410,12/14/2025 0:00,C0182,P048,E068,B12,PAY02410,D02410,3,483.69,0.1,1305.96,1088.28,217.68,1480,Delivered
O02411,11/1/2024 0:00,C0120,P112,E089,B11,PAY02411,D02411,5,1002.58,0.16,4210.84,2758.73,1452.11,849,Cancelled
O02412,8/6/2021 0:00,C0317,P175,E118,B13,PAY02412,D02412,5,697.73,0.04,3349.1,2969.85,379.25,2238,Cancelled
O02413,4/4/2020 0:00,C0338,P270,E097,B15,PAY02413,D02413,4,809.73,0.19,2623.53,2301.25,322.28,1509,Delivered
O02414,11/18/2023 0:00,C1063,P252,E009,B02,PAY02414,D02414,4,713.27,0.04,2738.96,2250.34,488.62,3686,Cancelled
O02415,4/14/2023 0:00,C0786,P248,E033,B06,PAY02415,D02415,1,1304.64,0.04,1252.45,874.58,377.87,4105,Cancelled
O02416,1/26/2020 0:00,C0933,P061,E043,B14,PAY02416,D02416,2,1214.39,0.14,2088.75,1460.65,628.1,4147,Pending
O02417,11/12/2022 0:00,C0052,P064,E091,B08,PAY02417,D02417,5,564.35,0.17,2342.05,1500.45,841.6,3458,Delivered
O02418,2/27/2022 0:00,C0474,P171,E021,B10,PAY02418,D02418,5,714.17,0.13,3106.64,2107.59,999.05,1105,Cancelled
O02419,4/18/2023 0:00,C0582,P128,E007,B12,PAY02419,D02419,2,308.17,0.04,591.69,364.19,227.5,3418,Pending
O02420,9/6/2023 0:00,C0573,P106,E106,B01,PAY02420,D02420,3,369.31,0.2,886.34,562.17,324.17,2203,Cancelled
O02421,3/1/2022 0:00,C0049,P270,E041,B01,PAY02421,D02421,5,1197.43,0.12,5268.69,3514.31,1754.38,1807,Cancelled
O02422,7/22/2021 0:00,C0895,P095,E109,B09,PAY02422,D02422,5,768.05,0.1,3456.22,2919.64,536.58,4343,Delivered
O02423,5/8/2022 0:00,C0439,P202,E070,B15,PAY02423,D02423,5,1306.97,0.07,6077.41,4690.18,1387.23,763,Pending
O02424,9/12/2024 0:00,C0904,P174,E120,B07,PAY02424,D02424,4,784.75,0.15,2668.15,1759.59,908.56,4365,Delivered
O02425,12/31/2022 0:00,C0172,P293,E054,B06,PAY02425,D02425,5,375.39,0.17,1557.87,981.84,576.03,2160,Cancelled
O02426,6/2/2023 0:00,C0285,P038,E098,B03,PAY02426,D02426,4,1394.12,0.09,5074.6,3553.57,1521.03,1360,Delivered
O02427,9/22/2024 0:00,C0382,P133,E065,B10,PAY02427,D02427,4,793.59,0.08,2920.41,1834.59,1085.82,1328,Cancelled
O02428,6/28/2023 0:00,C0825,P212,E064,B01,PAY02428,D02428,5,50.58,0.01,250.37,217.54,32.83,1569,Delivered
O02429,1/26/2025 0:00,C0849,P216,E025,B12,PAY02429,D02429,1,160.2,0.07,148.99,101.24,47.75,2902,Cancelled
O02430,8/12/2022 0:00,C0330,P112,E043,B11,PAY02430,D02430,2,163.35,0.17,271.16,181.15,90.01,1397,Delivered
O02431,2/12/2022 0:00,C0430,P256,E142,B02,PAY02431,D02431,1,227.8,0,227.8,154.71,73.09,2383,Delivered
O02432,2/17/2024 0:00,C0039,P104,E056,B13,PAY02432,D02432,4,339.89,0.09,1237.2,1015.53,221.67,1991,Cancelled
O02433,1/16/2024 0:00,C0508,P299,E080,B11,PAY02433,D02433,1,146.3,0.14,125.82,79.89,45.93,649,Cancelled
O02434,1/5/2024 0:00,C0030,P197,E004,B01,PAY02434,D02434,5,611.75,0.16,2569.35,2128.81,440.54,4046,Delivered
O02435,5/17/2022 0:00,C0884,P213,E048,B15,PAY02435,D02435,3,819.02,0.2,1965.65,1742.51,223.14,2373,Pending
O02436,1/1/2021 0:00,C0213,P135,E144,B09,PAY02436,D02436,1,1473.78,0.02,1444.3,927.91,516.39,1228,Pending
O02437,5/29/2025 0:00,C0682,P109,E137,B11,PAY02437,D02437,5,409.62,0.16,1720.4,1533.14,187.26,4266,Cancelled
O02438,7/9/2024 0:00,C0955,P004,E038,B05,PAY02438,D02438,1,68.86,0.06,64.73,54.85,9.88,3887,Pending
O02439,12/9/2023 0:00,C0307,P124,E050,B03,PAY02439,D02439,1,203.6,0.02,199.53,140.22,59.31,1196,Cancelled
O02440,4/16/2023 0:00,C0228,P110,E092,B14,PAY02440,D02440,3,881.13,0.16,2220.45,1614.89,605.56,3016,Delivered
O02441,9/12/2024 0:00,C0667,P126,E029,B12,PAY02441,D02441,4,549.61,0.01,2176.46,1857.24,319.22,3540,Pending
O02442,1/20/2024 0:00,C0931,P227,E070,B09,PAY02442,D02442,5,1008.94,0.09,4590.68,3510.52,1080.16,1799,Delivered
O02443,4/7/2022 0:00,C1089,P110,E120,B12,PAY02443,D02443,3,778.74,0.06,2196.05,1482.31,713.74,3746,Delivered
O02444,8/10/2023 0:00,C0728,P107,E095,B06,PAY02444,D02444,1,1153.37,0.03,1118.77,873.58,245.19,4676,Cancelled
O02445,7/13/2020 0:00,C0863,P129,E106,B10,PAY02445,D02445,4,64.96,0.08,239.05,214.57,24.48,4445,Pending
O02446,11/20/2024 0:00,C0586,P165,E138,B10,PAY02446,D02446,5,236.43,0.06,1111.22,717.54,393.68,2768,Pending
O02447,7/25/2020 0:00,C0261,P105,E099,B07,PAY02447,D02447,3,700.03,0.04,2016.09,1366.97,649.12,1737,Pending
O02448,12/21/2023 0:00,C0913,P044,E023,B03,PAY02448,D02448,1,237.95,0.02,233.19,181.78,51.41,771,Pending
O02449,7/21/2024 0:00,C0767,P283,E067,B07,PAY02449,D02449,4,474.79,0.02,1861.18,1163.13,698.05,4080,Cancelled
O02450,6/27/2024 0:00,C0659,P166,E050,B12,PAY02450,D02450,3,649.14,0.14,1674.78,1030.72,644.06,2921,Delivered
O02451,3/2/2025 0:00,C0418,P105,E048,B04,PAY02451,D02451,2,903.42,0.04,1734.57,1455.6,278.97,4841,Delivered
O02452,8/27/2024 0:00,C0622,P158,E065,B04,PAY02452,D02452,4,544.07,0,2176.28,1490.71,685.57,4265,Pending
O02453,8/10/2023 0:00,C0089,P035,E064,B04,PAY02453,D02453,3,755.68,0.18,1858.97,1209.39,649.58,2848,Pending
O02454,4/25/2021 0:00,C0779,P174,E041,B11,PAY02454,D02454,1,1363.99,0.13,1186.67,754.43,432.24,2945,Cancelled
O02455,10/2/2024 0:00,C0486,P162,E087,B08,PAY02455,D02455,3,234.47,0.08,647.14,549.87,97.27,980,Delivered
O02456,8/19/2022 0:00,C0626,P239,E060,B09,PAY02456,D02456,1,228.26,0.09,207.72,144.74,62.98,2522,Cancelled
O02457,12/5/2022 0:00,C0319,P049,E047,B06,PAY02457,D02457,2,1257.7,0.03,2439.94,1493.36,946.58,3042,Pending
O02458,12/9/2022 0:00,C0530,P007,E087,B03,PAY02458,D02458,3,1457.7,0.2,3498.48,2367.82,1130.66,1733,Cancelled
O02459,12/4/2023 0:00,C0798,P082,E054,B09,PAY02459,D02459,2,296.08,0.1,532.94,459.44,73.5,4726,Delivered
O02460,2/6/2021 0:00,C0841,P125,E008,B03,PAY02460,D02460,2,1361.48,0.04,2614.04,1860.74,753.3,2597,Pending
O02461,4/27/2024 0:00,C0444,P154,E090,B11,PAY02461,D02461,1,311,0.15,264.35,210.93,53.42,4945,Pending
O02462,10/12/2020 0:00,C0369,P015,E010,B15,PAY02462,D02462,2,863.01,0.05,1639.72,1275.2,364.52,4590,Pending
O02463,9/27/2023 0:00,C1012,P142,E096,B14,PAY02463,D02463,1,697.02,0.08,641.26,476.25,165.01,855,Delivered
O02464,2/24/2023 0:00,C0943,P189,E095,B01,PAY02464,D02464,1,330.45,0.1,297.4,186.45,110.95,2077,Pending
O02465,12/14/2024 0:00,C0607,P036,E111,B15,PAY02465,D02465,2,867.35,0.08,1595.92,1054.67,541.25,4873,Pending
O02466,7/28/2025 0:00,C0365,P291,E095,B06,PAY02466,D02466,1,194.27,0.14,167.07,144.72,22.35,2789,Delivered
O02467,3/27/2020 0:00,C0703,P024,E025,B12,PAY02467,D02467,1,868.47,0.01,859.79,659.9,199.89,865,Cancelled
O02468,11/24/2025 0:00,C0520,P033,E008,B06,PAY02468,D02468,3,1155.72,0.06,3259.13,2466.82,792.31,4634,Delivered
O02469,7/6/2022 0:00,C0372,P291,E099,B05,PAY02469,D02469,1,1266.95,0.17,1051.57,651.68,399.89,2365,Delivered
O02470,5/19/2022 0:00,C0356,P085,E109,B08,PAY02470,D02470,1,1400,0.14,1204,825.31,378.69,4088,Delivered
O02471,7/26/2021 0:00,C0493,P044,E068,B07,PAY02471,D02471,4,997.59,0.15,3391.81,2816.8,575.01,566,Pending
O02472,5/7/2021 0:00,C1009,P225,E028,B01,PAY02472,D02472,1,581.11,0.19,470.7,412.08,58.62,3225,Cancelled
O02473,1/28/2021 0:00,C1077,P010,E082,B03,PAY02473,D02473,4,1332.46,0.04,5116.65,3745.95,1370.7,4151,Delivered
O02474,7/7/2024 0:00,C0945,P072,E098,B07,PAY02474,D02474,1,1466.59,0.07,1363.93,911.46,452.47,2320,Delivered
O02475,7/22/2021 0:00,C0610,P140,E043,B11,PAY02475,D02475,2,617.5,0.06,1160.9,781.29,379.61,3342,Cancelled
O02476,2/23/2022 0:00,C0676,P023,E069,B04,PAY02476,D02476,4,97.73,0.11,347.92,233.83,114.09,4346,Delivered
O02477,11/28/2020 0:00,C0738,P297,E058,B13,PAY02477,D02477,1,754.58,0.08,694.21,611.96,82.25,2619,Pending
O02478,8/13/2023 0:00,C0185,P213,E047,B11,PAY02478,D02478,4,1145.66,0.08,4216.03,2730.93,1485.1,3593,Cancelled
O02479,1/19/2025 0:00,C0762,P010,E034,B12,PAY02479,D02479,3,682.17,0.01,2026.04,1750.8,275.24,1372,Delivered
O02480,3/20/2020 0:00,C0212,P173,E091,B02,PAY02480,D02480,5,699.55,0.14,3008.07,2636.13,371.94,4836,Pending
O02481,12/9/2023 0:00,C0683,P271,E150,B13,PAY02481,D02481,1,157.18,0.18,128.89,114.27,14.62,1335,Delivered
O02482,3/5/2025 0:00,C0700,P241,E141,B09,PAY02482,D02482,4,42.91,0.03,166.49,134.57,31.92,2235,Pending
O02483,7/3/2020 0:00,C1081,P032,E086,B06,PAY02483,D02483,1,969.08,0.08,891.55,660.84,230.71,2997,Delivered
O02484,10/14/2023 0:00,C1036,P209,E085,B05,PAY02484,D02484,5,154.59,0.19,626.09,523.4,102.69,4458,Pending
O02485,5/21/2020 0:00,C0320,P023,E116,B14,PAY02485,D02485,4,622.6,0.01,2465.5,1972.93,492.57,1591,Cancelled
O02486,2/24/2021 0:00,C0536,P298,E095,B01,PAY02486,D02486,3,169.6,0.15,432.48,387.37,45.11,3011,Delivered
O02487,11/21/2023 0:00,C0754,P050,E026,B12,PAY02487,D02487,3,295.36,0.11,788.61,574.39,214.22,4040,Cancelled
O02488,5/12/2022 0:00,C0829,P280,E142,B02,PAY02488,D02488,5,632.85,0.11,2816.18,2129.18,687,3614,Pending
O02489,4/27/2022 0:00,C0939,P144,E050,B12,PAY02489,D02489,1,952.51,0.16,800.11,587.23,212.88,523,Delivered
O02490,4/13/2021 0:00,C0399,P279,E138,B10,PAY02490,D02490,2,532.44,0.07,990.34,628.62,361.72,3720,Delivered
O02491,6/14/2024 0:00,C0002,P060,E047,B10,PAY02491,D02491,1,1084,0.05,1029.8,743.19,286.61,1395,Cancelled
O02492,3/19/2021 0:00,C1007,P157,E065,B05,PAY02492,D02492,5,479.02,0.05,2275.34,1775.93,499.41,2255,Delivered
O02493,2/9/2024 0:00,C0220,P068,E080,B06,PAY02493,D02493,1,630.34,0.2,504.27,418.19,86.08,616,Delivered
O02494,11/8/2023 0:00,C0525,P087,E068,B13,PAY02494,D02494,3,558.87,0.17,1391.59,1116.15,275.44,4025,Delivered
O02495,7/30/2020 0:00,C0359,P214,E041,B02,PAY02495,D02495,5,1255.95,0.12,5526.18,4727.6,798.58,3843,Pending
O02496,9/10/2022 0:00,C1053,P132,E124,B04,PAY02496,D02496,4,748.94,0.14,2576.35,2248.13,328.22,532,Delivered
O02497,1/12/2020 0:00,C0863,P206,E013,B07,PAY02497,D02497,2,1271.5,0.09,2314.13,1810.97,503.16,1120,Pending
O02498,2/7/2020 0:00,C0083,P146,E016,B10,PAY02498,D02498,5,800.75,0.08,3683.45,3305.28,378.17,1993,Delivered
O02499,10/21/2024 0:00,C0156,P161,E124,B02,PAY02499,D02499,1,1324.42,0.09,1205.22,753.35,451.87,1411,Pending
O02500,8/3/2025 0:00,C0716,P104,E002,B14,PAY02500,D02500,5,821.9,0.08,3780.74,2965.85,814.89,2102,Pending
O02501,1/8/2024 0:00,C0394,P131,E057,B01,PAY02501,D02501,1,1299.06,0.08,1195.14,1058.57,136.57,3243,Delivered
O02502,12/4/2021 0:00,C0221,P031,E078,B06,PAY02502,D02502,3,1337.75,0.09,3652.06,2200.54,1451.52,3216,Delivered
O02503,11/11/2025 0:00,C0566,P225,E063,B10,PAY02503,D02503,3,497.41,0.09,1357.93,953.4,404.53,2299,Delivered
O02504,11/13/2025 0:00,C1152,P255,E004,B13,PAY02504,D02504,3,1321.25,0.07,3686.29,2444.42,1241.87,2769,Pending
O02505,2/19/2024 0:00,C0475,P042,E068,B09,PAY02505,D02505,1,837.28,0.14,720.06,532.74,187.32,4423,Pending
O02506,8/21/2020 0:00,C0167,P062,E032,B07,PAY02506,D02506,2,103.79,0.18,170.22,136.88,33.34,1742,Cancelled
O02507,7/28/2024 0:00,C0755,P215,E137,B05,PAY02507,D02507,3,135.2,0.18,332.59,268.66,63.93,3408,Cancelled
O02508,6/12/2020 0:00,C0477,P066,E103,B14,PAY02508,D02508,1,426.42,0.04,409.36,256.27,153.09,4637,Cancelled
O02509,6/17/2022 0:00,C0605,P021,E083,B02,PAY02509,D02509,2,754.27,0.15,1282.26,1145.82,136.44,4499,Pending
O02510,4/9/2025 0:00,C0797,P300,E119,B03,PAY02510,D02510,4,106.8,0.06,401.57,318.84,82.73,1710,Delivered
O02511,1/25/2021 0:00,C0502,P113,E052,B06,PAY02511,D02511,2,1335.46,0.16,2243.57,1622.7,620.87,4141,Cancelled
O02512,4/12/2022 0:00,C0334,P282,E039,B07,PAY02512,D02512,1,682.46,0.08,627.86,458.17,169.69,1550,Pending
O02513,2/28/2021 0:00,C0046,P264,E035,B10,PAY02513,D02513,2,779.99,0.17,1294.78,1014.26,280.52,4523,Delivered
O02514,11/10/2024 0:00,C0959,P238,E005,B12,PAY02514,D02514,5,647.1,0.17,2685.46,2138.58,546.88,1046,Pending
O02515,7/14/2023 0:00,C1058,P183,E083,B14,PAY02515,D02515,1,558.49,0.1,502.64,322.14,180.5,2637,Pending
O02516,2/9/2021 0:00,C0179,P039,E005,B10,PAY02516,D02516,1,572.67,0.19,463.86,377.46,86.4,2135,Delivered
O02517,1/19/2025 0:00,C0434,P032,E098,B08,PAY02517,D02517,3,108.61,0.13,283.47,199.24,84.23,2998,Pending
O02518,6/16/2022 0:00,C0774,P184,E104,B02,PAY02518,D02518,4,24.48,0.19,79.32,59.32,20,1143,Cancelled
O02519,1/17/2022 0:00,C1100,P017,E091,B12,PAY02519,D02519,3,1037.95,0.07,2895.88,2141.54,754.34,1457,Delivered
O02520,2/20/2022 0:00,C0070,P242,E011,B01,PAY02520,D02520,2,129.57,0.18,212.49,135.44,77.05,4107,Cancelled
O02521,9/11/2021 0:00,C0834,P063,E049,B08,PAY02521,D02521,1,708.09,0.01,701.01,594.62,106.39,4622,Pending
O02522,7/3/2024 0:00,C1058,P086,E080,B03,PAY02522,D02522,2,1255.76,0.1,2260.37,1405.78,854.59,3979,Delivered
O02523,10/9/2020 0:00,C0201,P178,E075,B01,PAY02523,D02523,5,193.69,0.14,832.87,563.81,269.06,3230,Pending
O02524,4/5/2024 0:00,C0677,P174,E022,B15,PAY02524,D02524,1,1128.09,0.07,1049.12,933.78,115.34,551,Cancelled
O02525,9/16/2023 0:00,C1159,P065,E111,B12,PAY02525,D02525,4,45.08,0.12,158.68,137.26,21.42,4510,Pending
O02526,6/25/2021 0:00,C1001,P211,E075,B12,PAY02526,D02526,2,1479.82,0.17,2456.5,1642.52,813.98,1037,Pending
O02527,5/20/2020 0:00,C0691,P127,E092,B13,PAY02527,D02527,5,336.75,0.08,1549.05,1337.94,211.11,1888,Pending
O02528,12/28/2020 0:00,C1118,P045,E053,B08,PAY02528,D02528,2,617.55,0.19,1000.43,606.61,393.82,2016,Pending
O02529,4/16/2025 0:00,C0837,P040,E047,B06,PAY02529,D02529,2,976.84,0.14,1680.16,1060.95,619.21,1491,Pending
O02530,5/1/2020 0:00,C0035,P165,E005,B13,PAY02530,D02530,3,1265.81,0.07,3531.61,2825.48,706.13,1804,Cancelled
O02531,1/30/2024 0:00,C0386,P023,E075,B14,PAY02531,D02531,5,1294.12,0.1,5823.54,4682.47,1141.07,4428,Delivered
O02532,7/2/2025 0:00,C0403,P269,E004,B09,PAY02532,D02532,1,547.58,0.13,476.39,423.14,53.25,1771,Delivered
O02533,10/9/2025 0:00,C0639,P113,E072,B09,PAY02533,D02533,2,775.29,0.04,1488.56,1170.66,317.9,1513,Delivered
O02534,4/8/2022 0:00,C0092,P265,E118,B15,PAY02534,D02534,2,1464.53,0.19,2372.54,1518.58,853.96,4623,Pending
O02535,2/6/2024 0:00,C0956,P239,E141,B06,PAY02535,D02535,1,1225.61,0.07,1139.82,912.42,227.4,4477,Cancelled
O02536,4/15/2022 0:00,C0756,P267,E142,B14,PAY02536,D02536,3,625.55,0.16,1576.39,1068.75,507.64,738,Cancelled
O02537,3/29/2021 0:00,C0309,P254,E101,B08,PAY02537,D02537,2,1460.06,0.07,2715.71,2120.03,595.68,1752,Pending
O02538,11/3/2020 0:00,C1024,P080,E135,B13,PAY02538,D02538,5,461.51,0.04,2215.25,1565.59,649.66,2955,Cancelled
O02539,3/31/2025 0:00,C0430,P029,E108,B03,PAY02539,D02539,5,1299.92,0.09,5914.64,3709.55,2205.09,4732,Cancelled
O02540,3/30/2020 0:00,C0808,P046,E090,B07,PAY02540,D02540,3,257.34,0.14,663.94,463.68,200.26,4778,Pending
O02541,12/1/2025 0:00,C0121,P236,E026,B07,PAY02541,D02541,5,580.56,0.12,2554.46,2168.07,386.39,1694,Pending
O02542,8/15/2023 0:00,C0138,P021,E119,B01,PAY02542,D02542,3,310.82,0.05,885.84,585.06,300.78,1322,Delivered
O02543,12/8/2025 0:00,C0147,P201,E045,B11,PAY02543,D02543,2,1475.57,0.15,2508.47,1604.98,903.49,4158,Cancelled
O02544,1/6/2022 0:00,C0660,P213,E046,B06,PAY02544,D02544,3,157.42,0.07,439.2,292.38,146.82,3382,Delivered
O02545,7/9/2023 0:00,C0672,P197,E042,B15,PAY02545,D02545,4,641.58,0.03,2489.33,2001.13,488.2,3834,Pending
O02546,12/29/2023 0:00,C0464,P142,E001,B15,PAY02546,D02546,4,577.07,0.05,2192.87,1403.26,789.61,2613,Pending
O02547,12/19/2024 0:00,C1158,P276,E106,B15,PAY02547,D02547,5,502.68,0.02,2463.13,2047.22,415.91,508,Cancelled
O02548,1/25/2025 0:00,C0116,P092,E097,B11,PAY02548,D02548,5,837.47,0.14,3601.12,2299.35,1301.77,2129,Delivered
O02549,7/18/2025 0:00,C1005,P240,E130,B05,PAY02549,D02549,2,1382.76,0.14,2378.35,1460.96,917.39,1566,Delivered
O02550,10/11/2022 0:00,C0775,P103,E057,B04,PAY02550,D02550,4,805.97,0.1,2901.49,2066.08,835.41,4353,Cancelled
O02551,8/26/2021 0:00,C0075,P208,E034,B14,PAY02551,D02551,5,873.93,0.05,4151.17,3196.76,954.41,3619,Cancelled
O02552,12/20/2020 0:00,C0523,P211,E070,B11,PAY02552,D02552,1,1081.46,0.01,1070.65,799.91,270.74,4295,Cancelled
O02553,10/28/2025 0:00,C0250,P172,E134,B03,PAY02553,D02553,4,563.51,0,2254.04,1587.72,666.32,1944,Pending
O02554,7/13/2022 0:00,C0996,P236,E003,B09,PAY02554,D02554,2,236.33,0.16,397.03,337.79,59.24,4734,Pending
O02555,2/27/2021 0:00,C1006,P085,E038,B03,PAY02555,D02555,2,1478.71,0.16,2484.23,2176.33,307.9,4850,Pending
O02556,8/13/2025 0:00,C0113,P192,E051,B11,PAY02556,D02556,3,271.63,0.11,725.25,499.71,225.54,4668,Cancelled
O02557,11/24/2022 0:00,C0957,P270,E124,B03,PAY02557,D02557,2,1449.12,0.09,2637.4,2251.48,385.92,3451,Cancelled
O02558,8/18/2024 0:00,C1081,P237,E005,B01,PAY02558,D02558,2,55.91,0.11,99.52,74.73,24.79,2472,Cancelled
O02559,12/20/2024 0:00,C0184,P258,E109,B02,PAY02559,D02559,2,612.94,0.18,1005.22,880.14,125.08,4024,Pending
O02560,1/17/2021 0:00,C1134,P274,E147,B06,PAY02560,D02560,1,415.94,0.11,370.19,262.63,107.56,1672,Cancelled
O02561,1/13/2024 0:00,C0518,P175,E048,B12,PAY02561,D02561,3,108.8,0.19,264.38,174.05,90.33,4739,Cancelled
O02562,5/9/2020 0:00,C1056,P225,E007,B03,PAY02562,D02562,4,576.45,0.03,2236.63,1945.29,291.34,2479,Pending
O02563,11/26/2025 0:00,C0040,P193,E123,B01,PAY02563,D02563,4,621.13,0.01,2459.67,1545.35,914.32,2917,Delivered
O02564,7/23/2021 0:00,C0096,P276,E075,B04,PAY02564,D02564,1,869.96,0.03,843.86,535.33,308.53,4739,Pending
O02565,11/26/2023 0:00,C0079,P050,E108,B07,PAY02565,D02565,5,554.19,0.01,2743.24,2416.4,326.84,3353,Cancelled
O02566,3/27/2025 0:00,C0374,P015,E060,B15,PAY02566,D02566,1,1000.47,0.18,820.39,571.59,248.8,2480,Delivered
O02567,3/5/2024 0:00,C0902,P137,E110,B09,PAY02567,D02567,1,861.94,0.04,827.46,586.3,241.16,635,Cancelled
O02568,1/14/2021 0:00,C1135,P215,E060,B08,PAY02568,D02568,3,1280.51,0.14,3303.72,2861.06,442.66,3416,Cancelled
O02569,3/19/2024 0:00,C0987,P188,E003,B02,PAY02569,D02569,2,617.38,0.03,1197.72,761.07,436.65,4857,Pending
O02570,12/27/2023 0:00,C0273,P205,E051,B05,PAY02570,D02570,1,533.11,0.17,442.48,325.61,116.87,3204,Pending
O02571,10/12/2020 0:00,C0109,P094,E017,B14,PAY02571,D02571,4,774.41,0.05,2942.76,1972.13,970.63,4478,Cancelled
O02572,2/21/2025 0:00,C0452,P053,E079,B01,PAY02572,D02572,5,1133.53,0.05,5384.27,4636.43,747.84,4867,Cancelled
O02573,12/5/2020 0:00,C1033,P079,E080,B09,PAY02573,D02573,1,1236.46,0.03,1199.37,895.06,304.31,3775,Cancelled
O02574,10/22/2023 0:00,C0571,P093,E107,B13,PAY02574,D02574,3,715.67,0.02,2104.07,1507.38,596.69,4811,Cancelled
O02575,6/17/2024 0:00,C0967,P128,E082,B05,PAY02575,D02575,2,408.18,0.13,710.23,638.95,71.28,4505,Cancelled
O02576,11/20/2024 0:00,C1189,P269,E011,B13,PAY02576,D02576,4,1433.79,0.06,5391.05,4121.3,1269.75,4130,Pending
O02577,3/24/2020 0:00,C0212,P123,E067,B14,PAY02577,D02577,1,1247.57,0.1,1122.81,824.98,297.83,2661,Pending
O02578,9/1/2023 0:00,C0752,P199,E105,B09,PAY02578,D02578,5,1247,0.02,6110.3,5350.32,759.98,2233,Pending
O02579,4/24/2024 0:00,C0133,P148,E078,B08,PAY02579,D02579,5,687.98,0.02,3371.1,2528.02,843.08,3712,Pending
O02580,5/28/2020 0:00,C0597,P122,E031,B14,PAY02580,D02580,3,942.32,0.14,2431.19,1648.75,782.44,3085,Cancelled
O02581,3/17/2022 0:00,C1023,P236,E045,B13,PAY02581,D02581,1,269.95,0.18,221.36,178.57,42.79,1550,Delivered
O02582,3/17/2021 0:00,C0863,P285,E035,B08,PAY02582,D02582,4,1203.6,0.05,4573.68,2762.01,1811.67,1984,Pending
O02583,7/17/2024 0:00,C0470,P101,E128,B15,PAY02583,D02583,2,677.22,0.03,1313.81,842.82,470.99,4518,Cancelled
O02584,5/1/2022 0:00,C0586,P055,E098,B02,PAY02584,D02584,3,499.63,0.18,1229.09,758.38,470.71,3121,Cancelled
O02585,3/10/2024 0:00,C0001,P294,E130,B10,PAY02585,D02585,1,38.21,0.04,36.68,26.74,9.94,2270,Cancelled
O02586,1/26/2022 0:00,C0435,P115,E137,B10,PAY02586,D02586,2,812.67,0.07,1511.57,1300.46,211.11,2557,Pending
O02587,1/26/2020 0:00,C0999,P086,E141,B03,PAY02587,D02587,5,1102.33,0.08,5070.72,3873.5,1197.22,2478,Pending
O02588,12/13/2022 0:00,C0849,P073,E030,B14,PAY02588,D02588,5,1183.06,0.16,4968.85,3005.85,1963,1222,Delivered
O02589,2/27/2020 0:00,C0149,P213,E109,B02,PAY02589,D02589,2,140.85,0.08,259.16,228.32,30.84,4508,Pending
O02590,7/20/2025 0:00,C0952,P212,E105,B14,PAY02590,D02590,5,481.12,0.06,2261.26,1503.25,758.01,4792,Pending
O02591,8/11/2025 0:00,C0748,P202,E038,B04,PAY02591,D02591,3,1408.86,0.16,3550.33,2596.64,953.69,2586,Pending
O02592,7/21/2022 0:00,C0624,P224,E081,B04,PAY02592,D02592,1,115.06,0.12,101.25,67.58,33.67,2541,Pending
O02593,6/5/2022 0:00,C0807,P048,E013,B02,PAY02593,D02593,3,181.21,0.03,527.32,392.93,134.39,3830,Pending
O02594,1/27/2022 0:00,C0713,P203,E044,B03,PAY02594,D02594,4,1240.65,0.19,4019.71,3086.37,933.34,656,Delivered
O02595,7/28/2021 0:00,C0202,P078,E006,B04,PAY02595,D02595,2,720.92,0.11,1283.24,864.85,418.39,3554,Cancelled
O02596,1/9/2025 0:00,C0089,P002,E007,B15,PAY02596,D02596,4,933.28,0.04,3583.8,2804.19,779.61,1721,Cancelled
O02597,6/15/2020 0:00,C0684,P075,E108,B14,PAY02597,D02597,1,385.33,0,385.33,258.28,127.05,3583,Cancelled
O02598,5/2/2024 0:00,C0860,P217,E043,B09,PAY02598,D02598,1,474.88,0.18,389.4,255.92,133.48,4149,Pending
O02599,12/29/2025 0:00,C0927,P103,E062,B02,PAY02599,D02599,5,1416.23,0.08,6514.66,4676.2,1838.46,2888,Cancelled
O02600,11/19/2022 0:00,C1057,P213,E139,B12,PAY02600,D02600,3,450.33,0.07,1256.42,822.23,434.19,1566,Delivered
O02601,6/27/2020 0:00,C1179,P022,E065,B15,PAY02601,D02601,2,566.46,0.11,1008.3,823.62,184.68,2550,Delivered
O02602,1/23/2024 0:00,C0118,P118,E085,B13,PAY02602,D02602,3,190.67,0.13,497.65,423.94,73.71,1780,Delivered
O02603,2/5/2024 0:00,C0974,P181,E063,B02,PAY02603,D02603,5,1331.73,0.11,5926.2,4482.42,1443.78,767,Pending
O02604,12/20/2020 0:00,C0517,P049,E129,B06,PAY02604,D02604,5,1389.44,0.19,5627.23,3806.92,1820.31,3111,Cancelled
O02605,10/30/2022 0:00,C0364,P209,E041,B13,PAY02605,D02605,1,96.68,0.08,88.95,58.87,30.08,1858,Pending
O02606,12/5/2022 0:00,C1089,P124,E089,B15,PAY02606,D02606,4,64.19,0.18,210.54,157.87,52.67,3833,Pending
O02607,9/12/2024 0:00,C1106,P228,E029,B08,PAY02607,D02607,3,535.87,0.07,1495.08,1031.08,464,3394,Cancelled
O02608,5/29/2021 0:00,C1087,P141,E021,B14,PAY02608,D02608,1,642.97,0.11,572.24,461.63,110.61,2151,Delivered
O02609,7/6/2024 0:00,C1182,P003,E062,B08,PAY02609,D02609,1,1336.76,0.1,1203.08,747.57,455.51,4553,Pending
O02610,1/1/2020 0:00,C0516,P185,E063,B13,PAY02610,D02610,2,340.85,0.06,640.8,537.52,103.28,3697,Pending
O02611,9/22/2022 0:00,C0496,P012,E148,B09,PAY02611,D02611,3,458.14,0.13,1195.75,1057.2,138.55,4248,Delivered
O02612,9/17/2022 0:00,C0057,P108,E136,B02,PAY02612,D02612,1,1202.99,0.19,974.42,796.22,178.2,2996,Delivered
O02613,8/28/2024 0:00,C0823,P264,E049,B01,PAY02613,D02613,4,109.95,0.06,413.41,306.2,107.21,1976,Delivered
O02614,6/24/2024 0:00,C0992,P210,E079,B13,PAY02614,D02614,2,1464.49,0.04,2811.82,1870.31,941.51,4940,Pending
O02615,2/9/2020 0:00,C0660,P282,E007,B02,PAY02615,D02615,5,518.59,0.16,2178.08,1553,625.08,2221,Delivered
O02616,10/13/2022 0:00,C0394,P027,E131,B13,PAY02616,D02616,3,584.07,0.09,1594.51,976.17,618.34,4661,Pending
O02617,5/22/2020 0:00,C0215,P294,E119,B03,PAY02617,D02617,1,1466,0.06,1378.04,1159.38,218.66,1983,Cancelled
O02618,9/26/2022 0:00,C1065,P138,E050,B08,PAY02618,D02618,4,781.01,0.14,2686.67,1741.48,945.19,1836,Pending
O02619,6/6/2022 0:00,C0221,P138,E136,B01,PAY02619,D02619,3,503.76,0.09,1375.26,1144.27,230.99,3400,Cancelled
O02620,8/1/2024 0:00,C0872,P116,E056,B12,PAY02620,D02620,3,596.23,0.19,1448.84,1271.81,177.03,3748,Delivered
O02621,5/21/2023 0:00,C0726,P062,E122,B12,PAY02621,D02621,1,1447.11,0.19,1172.16,756.83,415.33,1948,Cancelled
O02622,9/7/2024 0:00,C0103,P168,E014,B15,PAY02622,D02622,5,138.15,0.02,676.93,502.02,174.91,3569,Pending
O02623,12/8/2020 0:00,C1106,P190,E047,B13,PAY02623,D02623,2,726.56,0.05,1380.46,996.33,384.13,4942,Pending
O02624,7/3/2022 0:00,C0039,P073,E112,B15,PAY02624,D02624,3,1265.06,0.02,3719.28,3076.82,642.46,2091,Pending
O02625,12/28/2024 0:00,C0788,P126,E139,B13,PAY02625,D02625,4,350.92,0.17,1165.05,960.61,204.44,757,Pending
O02626,7/22/2023 0:00,C0779,P139,E089,B12,PAY02626,D02626,4,647.38,0.06,2434.15,1709.93,724.22,629,Cancelled
O02627,2/16/2024 0:00,C0625,P297,E136,B11,PAY02627,D02627,4,251.98,0.18,826.49,708.16,118.33,3408,Cancelled
O02628,1/2/2025 0:00,C1054,P036,E035,B15,PAY02628,D02628,2,1498.28,0.16,2517.11,1698.02,819.09,1099,Delivered
O02629,4/4/2022 0:00,C0554,P005,E025,B07,PAY02629,D02629,1,724.61,0.15,615.92,398.28,217.64,3244,Cancelled
O02630,6/1/2025 0:00,C1107,P170,E009,B03,PAY02630,D02630,2,1476.11,0.2,2361.78,1531.4,830.38,3567,Cancelled
O02631,10/21/2025 0:00,C0299,P141,E122,B01,PAY02631,D02631,4,1133.56,0.01,4488.9,3563.94,924.96,2939,Cancelled
O02632,3/30/2021 0:00,C0922,P224,E143,B12,PAY02632,D02632,4,184.34,0.19,597.26,493.05,104.21,3853,Pending
O02633,7/15/2023 0:00,C0423,P137,E048,B04,PAY02633,D02633,5,488.45,0.02,2393.4,1708.01,685.39,3367,Delivered
O02634,9/9/2024 0:00,C0045,P012,E110,B13,PAY02634,D02634,3,1434.24,0.03,4173.64,2581.86,1591.78,965,Pending
O02635,6/15/2022 0:00,C0438,P271,E119,B11,PAY02635,D02635,4,1035.38,0.07,3851.61,3406.51,445.1,2547,Delivered
O02636,5/7/2024 0:00,C0843,P004,E065,B09,PAY02636,D02636,3,598.07,0.03,1740.38,1078.79,661.59,952,Delivered
O02637,3/22/2020 0:00,C1087,P182,E046,B05,PAY02637,D02637,3,948.45,0.05,2703.08,2215.14,487.94,1037,Cancelled
O02638,4/30/2024 0:00,C0141,P167,E028,B06,PAY02638,D02638,5,1456.19,0.09,6625.66,4043.35,2582.31,942,Delivered
O02639,5/23/2022 0:00,C0356,P047,E077,B07,PAY02639,D02639,5,771.4,0.14,3317.02,2260,1057.02,2176,Cancelled
O02640,7/19/2020 0:00,C1016,P280,E098,B09,PAY02640,D02640,1,1409.04,0.06,1324.5,886.76,437.74,3046,Delivered
O02641,7/9/2022 0:00,C0981,P127,E087,B04,PAY02641,D02641,4,363.11,0.04,1394.34,1002.83,391.51,3270,Pending
O02642,2/13/2023 0:00,C0972,P085,E116,B08,PAY02642,D02642,2,342.11,0.19,554.22,371.76,182.46,1517,Cancelled
O02643,5/10/2025 0:00,C0190,P134,E011,B09,PAY02643,D02643,2,1380.37,0.15,2346.63,1565.88,780.75,3957,Pending
O02644,1/5/2021 0:00,C0498,P152,E059,B14,PAY02644,D02644,1,151.25,0.11,134.61,118.08,16.53,1547,Delivered
O02645,12/13/2023 0:00,C1036,P179,E042,B15,PAY02645,D02645,5,47.67,0.18,195.45,127.75,67.7,2784,Delivered
O02646,10/23/2022 0:00,C0616,P041,E003,B13,PAY02646,D02646,5,421.33,0.17,1748.52,1484.96,263.56,2207,Cancelled
O02647,4/22/2025 0:00,C0184,P016,E106,B08,PAY02647,D02647,5,452.53,0.1,2036.38,1640.94,395.44,4072,Delivered
O02648,12/1/2023 0:00,C0206,P233,E036,B10,PAY02648,D02648,5,276.15,0.08,1270.29,825.87,444.42,4003,Delivered
O02649,3/28/2021 0:00,C0009,P295,E111,B01,PAY02649,D02649,3,224.26,0.05,639.14,566.01,73.13,1800,Pending
O02650,9/1/2023 0:00,C0394,P137,E096,B13,PAY02650,D02650,2,498.2,0.07,926.65,744.45,182.2,2128,Cancelled
O02651,9/25/2025 0:00,C0735,P043,E130,B02,PAY02651,D02651,5,1128.53,0.18,4626.97,4104.72,522.25,1572,Cancelled
O02652,11/14/2024 0:00,C0852,P036,E140,B11,PAY02652,D02652,5,404.89,0,2024.45,1336.95,687.5,3367,Delivered
O02653,11/25/2023 0:00,C1048,P031,E009,B03,PAY02653,D02653,3,843.63,0.19,2050.02,1410.32,639.7,1065,Pending
O02654,2/15/2022 0:00,C1108,P056,E089,B15,PAY02654,D02654,3,1427.37,0.06,4025.18,3402.17,623.01,3514,Pending
O02655,3/21/2021 0:00,C0326,P083,E138,B07,PAY02655,D02655,5,811.61,0.16,3408.76,2871.17,537.59,1263,Pending
O02656,4/16/2024 0:00,C0659,P071,E044,B01,PAY02656,D02656,5,211.66,0.09,963.05,780.35,182.7,2979,Cancelled
O02657,7/3/2024 0:00,C0862,P175,E026,B08,PAY02657,D02657,2,1092.59,0.18,1791.85,1525.57,266.28,4001,Delivered
O02658,3/29/2021 0:00,C0670,P229,E130,B13,PAY02658,D02658,2,257.44,0.06,483.99,302.61,181.38,1267,Cancelled
O02659,5/24/2024 0:00,C0724,P251,E023,B04,PAY02659,D02659,2,536.09,0.11,954.24,657.22,297.02,1127,Delivered
O02660,7/2/2024 0:00,C0490,P284,E097,B02,PAY02660,D02660,3,917.26,0.1,2476.6,2209.47,267.13,1146,Cancelled
O02661,10/25/2024 0:00,C0305,P291,E107,B09,PAY02661,D02661,2,897.92,0.11,1598.3,1312.94,285.36,3727,Pending
O02662,5/12/2023 0:00,C0088,P216,E083,B02,PAY02662,D02662,3,589.95,0.17,1468.98,1078.78,390.2,677,Cancelled
O02663,2/15/2023 0:00,C0469,P213,E121,B08,PAY02663,D02663,5,551.43,0.01,2729.58,2176.1,553.48,761,Delivered
O02664,10/24/2021 0:00,C0943,P091,E004,B12,PAY02664,D02664,3,966.26,0.06,2724.85,2083.91,640.94,1497,Cancelled
O02665,12/22/2024 0:00,C1132,P062,E131,B12,PAY02665,D02665,4,151.9,0.01,601.52,459.15,142.37,1439,Delivered
O02666,2/6/2025 0:00,C0312,P292,E094,B01,PAY02666,D02666,1,892.1,0.17,740.44,448.61,291.83,2735,Cancelled
O02667,1/14/2020 0:00,C0906,P297,E070,B09,PAY02667,D02667,2,1460.21,0.17,2423.95,1794.32,629.63,4891,Pending
O02668,1/23/2020 0:00,C0690,P224,E080,B02,PAY02668,D02668,2,426.98,0.1,768.56,662.57,105.99,1024,Cancelled
O02669,12/3/2025 0:00,C0369,P021,E099,B05,PAY02669,D02669,1,131.8,0.2,105.44,86.81,18.63,3471,Pending
O02670,1/10/2023 0:00,C0176,P260,E063,B15,PAY02670,D02670,4,851.96,0.03,3305.6,2526.26,779.34,534,Delivered
O02671,7/16/2020 0:00,C0527,P271,E058,B13,PAY02671,D02671,4,1151.93,0,4607.72,3296.35,1311.37,634,Pending
O02672,5/18/2021 0:00,C1091,P009,E078,B11,PAY02672,D02672,1,1289.02,0.08,1185.9,764.01,421.89,4988,Delivered
O02673,4/13/2022 0:00,C0760,P060,E145,B13,PAY02673,D02673,3,1226.7,0.1,3312.09,2801.44,510.65,2109,Cancelled
O02674,3/16/2024 0:00,C0488,P251,E120,B11,PAY02674,D02674,5,1073.35,0.04,5152.08,3384.49,1767.59,508,Delivered
O02675,9/1/2020 0:00,C0073,P030,E119,B14,PAY02675,D02675,4,806.7,0.14,2775.05,2069.38,705.67,3643,Delivered
O02676,3/7/2020 0:00,C0647,P144,E018,B02,PAY02676,D02676,1,657.86,0.15,559.18,381.64,177.54,521,Cancelled
O02677,4/10/2024 0:00,C0365,P069,E150,B14,PAY02677,D02677,2,501.47,0.02,982.88,661.78,321.1,1016,Pending
O02678,10/27/2022 0:00,C1002,P019,E017,B10,PAY02678,D02678,1,516.97,0.02,506.63,333.6,173.03,3006,Pending
O02679,3/20/2022 0:00,C1058,P129,E134,B13,PAY02679,D02679,1,73.15,0.03,70.96,48.94,22.02,4816,Cancelled
O02680,12/8/2025 0:00,C0239,P108,E148,B13,PAY02680,D02680,3,414.43,0.14,1069.23,651.38,417.85,731,Pending
O02681,12/25/2025 0:00,C0888,P167,E047,B06,PAY02681,D02681,3,1031.54,0.04,2970.84,2521.33,449.51,4867,Pending
O02682,2/19/2023 0:00,C0369,P262,E061,B11,PAY02682,D02682,4,182.93,0.19,592.69,498.52,94.17,4659,Cancelled
O02683,5/21/2023 0:00,C0060,P247,E020,B02,PAY02683,D02683,2,1394.78,0.07,2594.29,1914.78,679.51,1945,Cancelled
O02684,5/20/2022 0:00,C0154,P012,E075,B15,PAY02684,D02684,3,103.95,0.04,299.38,205.99,93.39,3328,Cancelled
O02685,4/19/2025 0:00,C1197,P007,E063,B12,PAY02685,D02685,5,978.34,0.03,4744.95,3653.37,1091.58,4332,Cancelled
O02686,12/26/2024 0:00,C1084,P299,E141,B03,PAY02686,D02686,5,648.74,0.14,2789.58,1852.49,937.09,2909,Cancelled
O02687,4/14/2020 0:00,C0349,P230,E052,B15,PAY02687,D02687,5,284.23,0.03,1378.52,1210.84,167.68,1345,Delivered
O02688,1/27/2023 0:00,C0011,P112,E147,B11,PAY02688,D02688,4,736.1,0.04,2826.62,2161.6,665.02,3670,Cancelled
O02689,4/5/2022 0:00,C0412,P157,E116,B03,PAY02689,D02689,3,858.68,0.05,2447.24,2096.34,350.9,4652,Delivered
O02690,8/2/2021 0:00,C1200,P001,E068,B13,PAY02690,D02690,4,285.02,0.08,1048.87,844.17,204.7,3801,Cancelled
O02691,2/21/2020 0:00,C0333,P034,E148,B14,PAY02691,D02691,3,1069.28,0.16,2694.59,1958.78,735.81,3780,Delivered
O02692,8/8/2025 0:00,C0209,P073,E125,B07,PAY02692,D02692,1,1404.79,0.03,1362.65,885.25,477.4,4699,Pending
O02693,8/12/2022 0:00,C1101,P174,E096,B09,PAY02693,D02693,5,724.03,0.09,3294.34,2093.29,1201.05,2447,Delivered
O02694,9/11/2021 0:00,C0698,P102,E032,B13,PAY02694,D02694,3,324.4,0.12,856.42,695.62,160.8,1620,Delivered
O02695,10/25/2023 0:00,C0958,P040,E031,B03,PAY02695,D02695,5,746.69,0.06,3509.44,2309.78,1199.66,4746,Delivered
O02696,1/26/2020 0:00,C0355,P052,E123,B04,PAY02696,D02696,2,1149.61,0.05,2184.26,1780.57,403.69,3370,Pending
O02697,6/20/2025 0:00,C0611,P167,E056,B14,PAY02697,D02697,1,434.76,0.11,386.94,344.03,42.91,2333,Cancelled
O02698,1/12/2022 0:00,C0734,P056,E003,B02,PAY02698,D02698,4,531.85,0.01,2106.13,1433.86,672.27,4703,Delivered
O02699,2/9/2024 0:00,C0264,P265,E106,B13,PAY02699,D02699,5,1051.95,0.02,5154.56,4185.98,968.58,3594,Cancelled
O02700,10/27/2022 0:00,C0553,P053,E111,B03,PAY02700,D02700,3,591.33,0.02,1738.51,1174.91,563.6,4102,Pending
O02701,11/8/2023 0:00,C0236,P262,E055,B06,PAY02701,D02701,5,1353.47,0.11,6022.94,5409.04,613.9,1174,Pending
O02702,9/2/2025 0:00,C0999,P216,E027,B15,PAY02702,D02702,1,518.25,0.2,414.6,278.52,136.08,2641,Cancelled
O02703,2/10/2021 0:00,C0807,P054,E052,B10,PAY02703,D02703,2,48.61,0.18,79.72,70.72,9,994,Cancelled
O02704,3/3/2022 0:00,C0823,P003,E107,B10,PAY02704,D02704,2,869.87,0.17,1443.98,973.06,470.92,1344,Delivered
O02705,5/12/2022 0:00,C0054,P165,E138,B13,PAY02705,D02705,3,302.56,0,907.68,673.16,234.52,1560,Pending
O02706,8/8/2025 0:00,C0970,P130,E029,B02,PAY02706,D02706,1,1140.57,0.19,923.86,609.09,314.77,3666,Delivered
O02707,11/26/2025 0:00,C0543,P026,E013,B06,PAY02707,D02707,4,703.03,0,2812.12,2487.66,324.46,4238,Delivered
O02708,12/7/2022 0:00,C1035,P160,E020,B11,PAY02708,D02708,4,1365.9,0.09,4971.88,4067.12,904.76,4534,Cancelled
O02709,11/27/2022 0:00,C0526,P247,E047,B13,PAY02709,D02709,2,693.85,0.01,1373.82,883.43,490.39,3955,Pending
O02710,5/12/2020 0:00,C0306,P141,E067,B04,PAY02710,D02710,1,687.17,0.12,604.71,483.72,120.99,2783,Cancelled
O02711,9/4/2022 0:00,C0600,P210,E041,B15,PAY02711,D02711,4,1309.57,0.11,4662.07,3116.48,1545.59,792,Cancelled
O02712,12/28/2024 0:00,C0380,P001,E134,B15,PAY02712,D02712,5,44.15,0.14,189.84,140.43,49.41,1740,Cancelled
O02713,10/21/2025 0:00,C0926,P011,E010,B05,PAY02713,D02713,2,435.31,0.06,818.38,729.05,89.33,4012,Pending
O02714,9/8/2023 0:00,C0872,P028,E071,B06,PAY02714,D02714,5,1182.69,0.16,4967.3,3333.04,1634.26,3267,Cancelled
O02715,7/10/2021 0:00,C0881,P153,E060,B03,PAY02715,D02715,4,1162.86,0.14,4000.24,3156.77,843.47,1315,Cancelled
O02716,1/11/2025 0:00,C0380,P081,E131,B15,PAY02716,D02716,3,603.42,0.01,1792.16,1364.23,427.93,4310,Pending
O02717,9/14/2021 0:00,C0125,P276,E016,B08,PAY02717,D02717,1,1318.18,0.1,1186.36,933.18,253.18,4253,Cancelled
O02718,10/2/2025 0:00,C0749,P224,E003,B10,PAY02718,D02718,5,1096.91,0.05,5210.32,3365.58,1844.74,835,Cancelled
O02719,7/30/2024 0:00,C0558,P131,E005,B06,PAY02719,D02719,2,362.66,0.12,638.28,550.1,88.18,4478,Cancelled
O02720,7/1/2023 0:00,C0058,P194,E017,B15,PAY02720,D02720,1,1329.25,0.04,1276.08,1042.02,234.06,3079,Pending
O02721,8/10/2023 0:00,C1083,P071,E068,B08,PAY02721,D02721,5,289.85,0.13,1260.85,972.39,288.46,2733,Cancelled
O02722,11/12/2025 0:00,C0770,P179,E086,B11,PAY02722,D02722,5,1126.58,0.18,4618.98,3415.39,1203.59,4993,Delivered
O02723,7/2/2023 0:00,C0961,P180,E026,B11,PAY02723,D02723,1,162.64,0.14,139.87,116.59,23.28,3736,Pending
O02724,11/25/2025 0:00,C0643,P005,E087,B04,PAY02724,D02724,4,306.74,0.08,1128.8,909.81,218.99,1199,Delivered
O02725,2/1/2020 0:00,C1039,P113,E102,B02,PAY02725,D02725,2,1075.82,0.2,1721.31,1040.37,680.94,4698,Cancelled
O02726,12/26/2023 0:00,C0045,P215,E057,B13,PAY02726,D02726,4,1337.21,0.16,4493.03,2938.61,1554.42,3839,Delivered
O02727,12/2/2021 0:00,C1148,P009,E025,B02,PAY02727,D02727,5,1234.17,0.05,5862.31,3603.98,2258.33,4161,Cancelled
O02728,3/5/2020 0:00,C0092,P229,E148,B01,PAY02728,D02728,1,185.86,0.2,148.69,102.22,46.47,4577,Delivered
O02729,4/6/2023 0:00,C1041,P269,E063,B07,PAY02729,D02729,3,333.63,0.01,990.88,718.33,272.55,3155,Cancelled
O02730,9/13/2023 0:00,C0872,P286,E125,B07,PAY02730,D02730,4,356.65,0.01,1412.33,1070.91,341.42,4882,Cancelled
O02731,11/5/2025 0:00,C1108,P168,E014,B09,PAY02731,D02731,5,709.25,0.07,3298.01,2241.12,1056.89,4088,Delivered
O02732,6/3/2021 0:00,C0967,P098,E014,B02,PAY02732,D02732,1,816.48,0.11,726.67,572.85,153.82,3987,Delivered
O02733,2/3/2020 0:00,C0973,P024,E108,B06,PAY02733,D02733,5,1168.15,0.16,4906.23,3821.94,1084.29,2083,Delivered
O02734,9/24/2024 0:00,C1100,P222,E098,B09,PAY02734,D02734,2,101.55,0.04,194.98,123.62,71.36,3945,Delivered
O02735,9/3/2024 0:00,C0531,P139,E115,B14,PAY02735,D02735,4,200.26,0.04,769,515.52,253.48,2242,Delivered
O02736,8/25/2024 0:00,C0065,P153,E094,B05,PAY02736,D02736,5,310,0.18,1271,781.84,489.16,1130,Pending
O02737,1/25/2022 0:00,C1066,P050,E052,B12,PAY02737,D02737,5,451.04,0.01,2232.65,1734.99,497.66,1780,Pending
O02738,4/3/2023 0:00,C0498,P242,E104,B13,PAY02738,D02738,1,303.56,0.05,288.38,186.7,101.68,2467,Delivered
O02739,11/4/2020 0:00,C1163,P281,E098,B03,PAY02739,D02739,1,418.94,0.14,360.29,268.01,92.28,615,Cancelled
O02740,9/17/2025 0:00,C0119,P237,E068,B13,PAY02740,D02740,5,324.91,0.13,1413.36,1005.05,408.31,3977,Pending
O02741,3/1/2023 0:00,C0605,P192,E022,B09,PAY02741,D02741,2,1071,0.01,2120.58,1678.29,442.29,4609,Pending
O02742,9/4/2021 0:00,C0975,P257,E123,B06,PAY02742,D02742,3,198.44,0.2,476.26,349.64,126.62,1623,Cancelled
O02743,7/6/2020 0:00,C0263,P254,E146,B09,PAY02743,D02743,5,1202.17,0.12,5289.55,3904.46,1385.09,3401,Pending
O02744,2/2/2022 0:00,C0951,P187,E102,B04,PAY02744,D02744,1,1240.87,0.02,1216.05,831.66,384.39,847,Cancelled
O02745,4/1/2025 0:00,C0495,P245,E118,B07,PAY02745,D02745,3,1024.46,0.11,2735.31,2176.91,558.4,679,Cancelled
O02746,12/3/2025 0:00,C0639,P091,E043,B14,PAY02746,D02746,4,1169.08,0.08,4302.21,3452.52,849.69,4472,Delivered
O02747,6/8/2023 0:00,C0577,P216,E142,B13,PAY02747,D02747,2,86.03,0.01,170.34,123.9,46.44,2311,Cancelled
O02748,5/19/2022 0:00,C0275,P093,E068,B01,PAY02748,D02748,2,845.21,0.2,1352.34,1134.28,218.06,4354,Cancelled
O02749,8/8/2022 0:00,C0788,P032,E048,B05,PAY02749,D02749,2,778.84,0,1557.68,1289.17,268.51,4259,Delivered
O02750,2/16/2021 0:00,C0148,P170,E084,B03,PAY02750,D02750,3,833.55,0.12,2200.57,1773.25,427.32,3250,Delivered
O02751,3/25/2020 0:00,C0380,P035,E079,B09,PAY02751,D02751,1,1383.28,0.09,1258.78,1112.53,146.25,1659,Pending
O02752,5/8/2020 0:00,C0110,P071,E067,B07,PAY02752,D02752,4,432.02,0.06,1624.4,1210.76,413.64,2331,Cancelled
O02753,6/7/2022 0:00,C1174,P220,E142,B10,PAY02753,D02753,5,1252.17,0.05,5947.81,4425.68,1522.13,1143,Pending
O02754,9/10/2023 0:00,C0089,P265,E138,B09,PAY02754,D02754,4,1283.61,0.09,4672.34,4024.85,647.49,4891,Pending
O02755,3/16/2022 0:00,C0218,P055,E149,B03,PAY02755,D02755,3,1301.59,0.13,3397.15,2352.35,1044.8,3584,Cancelled
O02756,4/13/2020 0:00,C0207,P160,E028,B11,PAY02756,D02756,1,1211.87,0.07,1127.04,918.46,208.58,4601,Delivered
O02757,9/19/2024 0:00,C1188,P021,E105,B09,PAY02757,D02757,1,70,0.19,56.7,42.45,14.25,1733,Delivered
O02758,10/22/2025 0:00,C0308,P215,E116,B15,PAY02758,D02758,1,498.16,0.03,483.22,398.47,84.75,2648,Cancelled
O02759,8/25/2023 0:00,C0432,P099,E120,B08,PAY02759,D02759,1,662.15,0.01,655.53,502.71,152.82,4631,Pending
O02760,3/21/2021 0:00,C0733,P066,E130,B01,PAY02760,D02760,4,480.28,0.05,1825.06,1261.88,563.18,2474,Delivered
O02761,7/1/2024 0:00,C1138,P195,E052,B08,PAY02761,D02761,1,697.73,0.15,593.07,419.3,173.77,3891,Pending
O02762,6/16/2022 0:00,C0192,P234,E081,B02,PAY02762,D02762,3,1349.17,0.05,3845.13,3012.11,833.02,557,Cancelled
O02763,7/12/2023 0:00,C1012,P200,E095,B08,PAY02763,D02763,1,1016.41,0.07,945.26,621.89,323.37,3637,Cancelled
O02764,8/14/2022 0:00,C1176,P248,E133,B15,PAY02764,D02764,1,912.82,0.19,739.38,464.38,275,769,Pending
O02765,8/24/2023 0:00,C0142,P247,E124,B01,PAY02765,D02765,1,69.51,0.01,68.81,54.32,14.49,4920,Pending
O02766,2/10/2023 0:00,C1191,P115,E110,B15,PAY02766,D02766,2,109.61,0.06,206.07,125.99,80.08,3142,Delivered
O02767,12/21/2021 0:00,C0875,P041,E026,B15,PAY02767,D02767,4,715.62,0.18,2347.23,1612.81,734.42,3631,Delivered
O02768,8/20/2020 0:00,C0624,P022,E066,B15,PAY02768,D02768,4,1437.59,0.12,5060.32,3761.32,1299,775,Pending
O02769,7/3/2025 0:00,C0090,P224,E056,B01,PAY02769,D02769,3,880.8,0.04,2536.7,1989.49,547.21,2515,Delivered
O02770,5/21/2022 0:00,C0139,P055,E030,B03,PAY02770,D02770,3,281.56,0.08,777.11,650.31,126.8,4189,Delivered
O02771,12/22/2021 0:00,C0022,P284,E066,B03,PAY02771,D02771,5,1130.19,0.08,5198.87,4665.41,533.46,1865,Cancelled
O02772,5/30/2021 0:00,C0038,P062,E058,B09,PAY02772,D02772,1,205.05,0.06,192.75,153.74,39.01,3650,Cancelled
O02773,12/18/2020 0:00,C0709,P007,E046,B05,PAY02773,D02773,2,432.89,0.01,857.12,662.42,194.7,1182,Cancelled
O02774,4/3/2021 0:00,C0232,P205,E069,B13,PAY02774,D02774,1,1186.2,0.03,1150.61,764.18,386.43,1197,Pending
O02775,3/5/2023 0:00,C0288,P075,E123,B11,PAY02775,D02775,1,1321.99,0.05,1255.89,797.73,458.16,3359,Pending
O02776,10/23/2024 0:00,C0499,P222,E040,B10,PAY02776,D02776,3,918.18,0.06,2589.27,1762.79,826.48,2822,Delivered
O02777,2/22/2023 0:00,C1052,P143,E096,B05,PAY02777,D02777,1,320.48,0.05,304.46,184.32,120.14,1093,Delivered
O02778,2/15/2024 0:00,C0211,P007,E072,B01,PAY02778,D02778,5,1448.66,0.15,6156.81,4892.43,1264.38,3043,Pending
O02779,3/20/2021 0:00,C0016,P081,E031,B11,PAY02779,D02779,3,740.31,0.2,1776.74,1068.08,708.66,3732,Delivered
O02780,2/21/2023 0:00,C1179,P124,E049,B09,PAY02780,D02780,5,334.47,0.15,1421.5,1180.7,240.8,3426,Pending
O02781,7/4/2024 0:00,C0766,P178,E085,B04,PAY02781,D02781,4,57.69,0.2,184.61,161.86,22.75,4846,Pending
O02782,3/21/2021 0:00,C0335,P075,E020,B15,PAY02782,D02782,4,475.08,0.02,1862.31,1247.11,615.2,733,Pending
O02783,8/6/2023 0:00,C0987,P273,E079,B11,PAY02783,D02783,3,274.45,0.09,749.25,562.49,186.76,3894,Cancelled
O02784,2/23/2024 0:00,C0506,P247,E117,B13,PAY02784,D02784,5,483.99,0.17,2008.56,1270.58,737.98,2444,Pending
O02785,11/29/2023 0:00,C1167,P033,E010,B08,PAY02785,D02785,4,1030.67,0.18,3380.6,2133.32,1247.28,547,Pending
O02786,1/21/2021 0:00,C0635,P208,E135,B15,PAY02786,D02786,4,856.56,0.01,3391.98,2731.08,660.9,4908,Pending
O02787,5/19/2021 0:00,C0019,P217,E124,B12,PAY02787,D02787,3,974.09,0.04,2805.38,1921.02,884.36,1067,Pending
O02788,4/3/2020 0:00,C0588,P051,E098,B09,PAY02788,D02788,2,426.16,0.17,707.43,629.98,77.45,3077,Pending
O02789,3/14/2025 0:00,C0390,P238,E129,B15,PAY02789,D02789,1,921.99,0.04,885.11,778.15,106.96,3351,Pending
O02790,11/14/2020 0:00,C0234,P186,E108,B10,PAY02790,D02790,5,221.18,0.18,906.84,738.2,168.64,1227,Cancelled
O02791,5/21/2022 0:00,C0152,P224,E079,B06,PAY02791,D02791,5,767.83,0.04,3685.58,2338.32,1347.26,2244,Cancelled
O02792,1/18/2020 0:00,C0214,P103,E102,B04,PAY02792,D02792,5,1148.14,0.16,4822.19,3941.91,880.28,3932,Cancelled
O02793,11/29/2024 0:00,C0486,P048,E032,B08,PAY02793,D02793,5,1085.49,0.09,4938.98,3666.8,1272.18,4521,Delivered
O02794,8/14/2020 0:00,C0092,P088,E071,B15,PAY02794,D02794,4,173.67,0.08,639.11,466.84,172.27,1628,Pending
O02795,8/31/2023 0:00,C1116,P228,E036,B01,PAY02795,D02795,5,69.35,0.06,325.94,234.84,91.1,3158,Pending
O02796,4/3/2024 0:00,C0690,P029,E049,B01,PAY02796,D02796,1,158.56,0.05,150.63,108.81,41.82,4315,Pending
O02797,5/15/2022 0:00,C0514,P265,E096,B12,PAY02797,D02797,4,485.51,0.18,1592.47,1406.29,186.18,675,Pending
O02798,5/23/2023 0:00,C0746,P215,E013,B04,PAY02798,D02798,4,656.16,0.15,2230.94,1781.47,449.47,3132,Pending
O02799,9/14/2024 0:00,C0827,P246,E085,B13,PAY02799,D02799,4,465.52,0.2,1489.66,1229.24,260.42,2751,Cancelled
O02800,6/2/2022 0:00,C0292,P025,E093,B15,PAY02800,D02800,5,1499.43,0.03,7272.24,5718.94,1553.3,4875,Pending
O02801,1/14/2025 0:00,C0613,P200,E024,B06,PAY02801,D02801,3,343.43,0.16,865.44,645.28,220.16,3247,Cancelled
O02802,6/3/2025 0:00,C0248,P041,E027,B10,PAY02802,D02802,2,128.24,0.11,228.27,139.43,88.84,3026,Delivered
O02803,2/10/2023 0:00,C0607,P004,E008,B01,PAY02803,D02803,4,815.64,0.07,3034.18,2178.92,855.26,3834,Delivered
O02804,10/6/2025 0:00,C0730,P268,E041,B05,PAY02804,D02804,5,306.69,0.04,1472.11,1220.72,251.39,3221,Delivered
O02805,10/24/2024 0:00,C0105,P013,E132,B02,PAY02805,D02805,2,898.39,0.06,1688.97,1507.11,181.86,2702,Delivered
O02806,8/10/2022 0:00,C0378,P171,E024,B02,PAY02806,D02806,3,323.11,0.12,853.01,698.39,154.62,3135,Delivered
O02807,9/20/2025 0:00,C0176,P127,E107,B07,PAY02807,D02807,2,566.24,0.06,1064.53,799.64,264.89,1332,Cancelled
O02808,9/9/2025 0:00,C0320,P114,E107,B12,PAY02808,D02808,5,1319.05,0.03,6397.39,5469.41,927.98,792,Pending
O02809,8/25/2021 0:00,C1121,P084,E008,B10,PAY02809,D02809,2,697.1,0.05,1324.49,855.38,469.11,3001,Pending
O02810,11/7/2025 0:00,C0470,P234,E126,B09,PAY02810,D02810,1,541.02,0.07,503.15,357.75,145.4,3479,Cancelled
O02811,7/17/2023 0:00,C1033,P144,E063,B11,PAY02811,D02811,5,884.07,0.17,3668.89,2477.54,1191.35,854,Delivered
O02812,5/8/2022 0:00,C1033,P214,E073,B04,PAY02812,D02812,1,884.35,0.01,875.51,701.1,174.41,3011,Cancelled
O02813,6/10/2025 0:00,C0879,P196,E062,B05,PAY02813,D02813,1,1329.93,0.1,1196.94,1074.68,122.26,2012,Delivered
O02814,9/6/2020 0:00,C0848,P007,E131,B05,PAY02814,D02814,3,385.62,0.18,948.63,626.83,321.8,2317,Pending
O02815,5/7/2023 0:00,C0198,P142,E110,B02,PAY02815,D02815,4,37.05,0.08,136.34,96.43,39.91,2624,Delivered
O02816,10/25/2025 0:00,C0305,P109,E139,B04,PAY02816,D02816,3,1224.01,0.11,3268.11,2523.26,744.85,4458,Pending
O02817,8/22/2022 0:00,C0263,P159,E010,B10,PAY02817,D02817,5,1230.28,0.02,6028.37,4276.23,1752.14,3662,Delivered
O02818,4/26/2025 0:00,C0184,P048,E010,B04,PAY02818,D02818,4,57.35,0.08,211.05,129.2,81.85,1611,Cancelled
O02819,7/1/2021 0:00,C0992,P005,E137,B01,PAY02819,D02819,2,1111.42,0.07,2067.24,1573.37,493.87,4181,Delivered
O02820,3/21/2022 0:00,C0023,P170,E020,B10,PAY02820,D02820,2,688.41,0.19,1115.22,879.47,235.75,1818,Pending
O02821,2/14/2023 0:00,C0028,P129,E119,B01,PAY02821,D02821,5,701.46,0.14,3016.28,2029.86,986.42,2436,Pending
O02822,7/26/2023 0:00,C0481,P044,E120,B11,PAY02822,D02822,3,1197.27,0.11,3196.71,2489.29,707.42,2188,Cancelled
O02823,11/20/2024 0:00,C0235,P025,E068,B08,PAY02823,D02823,5,1207.86,0.11,5374.98,4363.1,1011.88,4945,Delivered
O02824,1/25/2023 0:00,C0378,P187,E073,B10,PAY02824,D02824,4,564.48,0.1,2032.13,1321.07,711.06,1096,Cancelled
O02825,10/5/2023 0:00,C0769,P021,E039,B12,PAY02825,D02825,4,649.28,0.16,2181.58,1604.44,577.14,2488,Cancelled
O02826,8/31/2023 0:00,C0348,P147,E047,B02,PAY02826,D02826,2,659.46,0.06,1239.78,985.64,254.14,4186,Cancelled
O02827,2/12/2022 0:00,C0115,P054,E114,B15,PAY02827,D02827,1,1171.13,0.07,1089.15,847.97,241.18,3373,Delivered
O02828,7/6/2021 0:00,C1144,P137,E065,B07,PAY02828,D02828,4,1289.28,0.09,4692.98,2974.01,1718.97,2612,Pending
O02829,11/13/2020 0:00,C1020,P183,E037,B01,PAY02829,D02829,1,1241.37,0.03,1204.13,734.2,469.93,883,Cancelled
O02830,4/26/2025 0:00,C1057,P283,E069,B07,PAY02830,D02830,3,1484.64,0.17,3696.75,3187.06,509.69,3501,Delivered
O02831,1/27/2020 0:00,C0652,P152,E134,B01,PAY02831,D02831,4,1167.13,0.14,4014.93,2781.31,1233.62,3996,Cancelled
O02832,11/6/2020 0:00,C1003,P191,E122,B13,PAY02832,D02832,1,1131.57,0.09,1029.73,741.21,288.52,3133,Delivered
O02833,3/27/2022 0:00,C0025,P216,E124,B04,PAY02833,D02833,1,650.17,0.08,598.16,435.46,162.7,4842,Pending
O02834,3/26/2024 0:00,C0658,P282,E141,B07,PAY02834,D02834,3,764.74,0.03,2225.39,1364.38,861.01,2991,Delivered
O02835,4/7/2025 0:00,C0258,P120,E030,B08,PAY02835,D02835,3,552.9,0.18,1360.13,937.66,422.47,1210,Delivered
O02836,4/26/2022 0:00,C0444,P099,E003,B06,PAY02836,D02836,4,525.72,0.17,1745.39,1567.85,177.54,1104,Delivered
O02837,12/5/2021 0:00,C0325,P275,E109,B05,PAY02837,D02837,2,1435.74,0.09,2613.05,2349.53,263.52,3082,Delivered
O02838,10/12/2025 0:00,C0462,P097,E136,B10,PAY02838,D02838,4,1241.8,0.07,4619.5,2821.29,1798.21,3825,Cancelled
O02839,4/14/2021 0:00,C0787,P156,E094,B14,PAY02839,D02839,1,1433,0.03,1390.01,1087.4,302.61,3049,Delivered
O02840,3/31/2020 0:00,C0532,P143,E057,B07,PAY02840,D02840,2,100.49,0.02,196.96,131.28,65.68,2271,Cancelled
O02841,10/22/2020 0:00,C0164,P116,E022,B03,PAY02841,D02841,1,878.34,0.19,711.46,613.64,97.82,3684,Pending
O02842,6/2/2025 0:00,C1014,P134,E117,B07,PAY02842,D02842,2,1299.18,0.16,2182.62,1551.02,631.6,620,Cancelled
O02843,5/11/2025 0:00,C0405,P052,E005,B04,PAY02843,D02843,2,1141.64,0.02,2237.61,1428.67,808.94,1545,Cancelled
O02844,4/26/2021 0:00,C0567,P182,E128,B04,PAY02844,D02844,4,863.26,0.15,2935.08,2468.19,466.89,2819,Pending
O02845,6/20/2020 0:00,C0889,P179,E134,B08,PAY02845,D02845,5,219.88,0.17,912.5,561.02,351.48,3327,Cancelled
O02846,4/17/2021 0:00,C0194,P151,E036,B11,PAY02846,D02846,3,403.1,0.04,1160.93,929.73,231.2,2882,Delivered
O02847,6/10/2023 0:00,C0528,P006,E110,B11,PAY02847,D02847,4,529.77,0.01,2097.89,1807.77,290.12,3341,Cancelled
O02848,3/25/2024 0:00,C0360,P119,E131,B14,PAY02848,D02848,4,749.41,0.01,2967.66,2030,937.66,2829,Pending
O02849,4/23/2024 0:00,C0635,P269,E046,B12,PAY02849,D02849,4,286.71,0.13,997.75,656.2,341.55,2141,Cancelled
O02850,5/17/2024 0:00,C0750,P038,E095,B15,PAY02850,D02850,3,540.87,0.15,1379.22,901.65,477.57,1597,Cancelled
O02851,6/25/2021 0:00,C0768,P227,E117,B15,PAY02851,D02851,5,1464.87,0.1,6591.91,4416.2,2175.71,3620,Delivered
O02852,8/24/2021 0:00,C0399,P199,E026,B14,PAY02852,D02852,3,806.17,0.19,1958.99,1504.12,454.87,1759,Cancelled
O02853,12/9/2023 0:00,C0910,P072,E137,B10,PAY02853,D02853,3,1096.83,0.02,3224.68,2624.97,599.71,1652,Cancelled
O02854,1/7/2022 0:00,C0751,P027,E002,B06,PAY02854,D02854,4,602,0.09,2191.28,1366.93,824.35,4708,Cancelled
O02855,10/19/2025 0:00,C0641,P231,E113,B11,PAY02855,D02855,1,248.54,0.05,236.11,158.08,78.03,3424,Cancelled
O02856,6/29/2020 0:00,C0347,P055,E019,B14,PAY02856,D02856,4,942.95,0.03,3658.65,3062.53,596.12,1320,Delivered
O02857,9/15/2024 0:00,C0448,P298,E099,B11,PAY02857,D02857,1,402.07,0.11,357.84,249.04,108.8,3299,Pending
O02858,3/1/2021 0:00,C0890,P223,E001,B01,PAY02858,D02858,1,1131.59,0.05,1075.01,795.62,279.39,3151,Cancelled
O02859,12/3/2020 0:00,C0489,P147,E146,B04,PAY02859,D02859,5,716.42,0.13,3116.43,2534.11,582.32,1591,Pending
O02860,1/11/2022 0:00,C0848,P080,E134,B15,PAY02860,D02860,5,1471.19,0.14,6326.12,4124.54,2201.58,2569,Delivered
O02861,4/9/2023 0:00,C1063,P130,E100,B01,PAY02861,D02861,1,372.91,0.05,354.26,214.93,139.33,4652,Cancelled
O02862,6/10/2022 0:00,C1125,P155,E068,B08,PAY02862,D02862,2,469.21,0.09,853.96,737.69,116.27,1228,Cancelled
O02863,4/29/2025 0:00,C0936,P185,E133,B05,PAY02863,D02863,4,1132.67,0.1,4077.61,3502.29,575.32,2923,Cancelled
O02864,5/25/2022 0:00,C0451,P199,E090,B12,PAY02864,D02864,3,730.22,0.06,2059.22,1527.95,531.27,2651,Pending
O02865,8/12/2022 0:00,C1148,P052,E128,B11,PAY02865,D02865,4,967.12,0.07,3597.69,3030.3,567.39,3438,Pending
O02866,7/8/2022 0:00,C0057,P133,E070,B02,PAY02866,D02866,1,139.87,0.1,125.88,80.9,44.98,2067,Pending
O02867,6/12/2020 0:00,C0172,P108,E110,B14,PAY02867,D02867,5,1108.18,0.06,5208.45,3758.7,1449.75,4005,Cancelled
O02868,2/15/2020 0:00,C0942,P254,E013,B03,PAY02868,D02868,1,380.25,0.01,376.45,315.51,60.94,3329,Delivered
O02869,4/24/2023 0:00,C1178,P126,E066,B08,PAY02869,D02869,5,295.48,0.15,1255.79,1128.56,127.23,1405,Delivered
O02870,11/17/2022 0:00,C0007,P274,E015,B03,PAY02870,D02870,5,1284.34,0.05,6100.61,5362.96,737.65,1321,Pending
O02871,2/7/2025 0:00,C0998,P175,E060,B02,PAY02871,D02871,2,1024.98,0.13,1783.47,1086.04,697.43,4533,Delivered
O02872,2/10/2025 0:00,C1018,P210,E044,B06,PAY02872,D02872,3,255.07,0.17,635.12,470.77,164.35,4078,Cancelled
O02873,7/25/2021 0:00,C0876,P121,E150,B01,PAY02873,D02873,1,81.04,0.11,72.13,51.08,21.05,1509,Pending
O02874,1/11/2025 0:00,C0190,P155,E035,B03,PAY02874,D02874,5,628.29,0.08,2890.13,2546.9,343.23,4968,Delivered
O02875,9/10/2020 0:00,C0023,P207,E051,B12,PAY02875,D02875,1,188.85,0.04,181.3,158.61,22.69,3269,Delivered
O02876,9/27/2021 0:00,C1197,P010,E073,B01,PAY02876,D02876,4,323.43,0.13,1125.54,1009.37,116.17,4296,Delivered
O02877,10/6/2022 0:00,C0710,P273,E029,B05,PAY02877,D02877,5,657.56,0.19,2663.12,1808.46,854.66,3347,Cancelled
O02878,8/1/2022 0:00,C0661,P215,E058,B11,PAY02878,D02878,4,1405.14,0.13,4889.89,3948.84,941.05,2416,Delivered
O02879,11/28/2024 0:00,C0207,P054,E024,B05,PAY02879,D02879,4,1182.29,0.07,4398.12,3641.76,756.36,1872,Pending
O02880,3/3/2022 0:00,C0787,P284,E110,B01,PAY02880,D02880,3,340.03,0.2,816.07,711.78,104.29,2570,Cancelled
O02881,7/3/2024 0:00,C1135,P117,E118,B03,PAY02881,D02881,4,1082.04,0.17,3592.37,2270.3,1322.07,1984,Delivered
O02882,5/30/2023 0:00,C0400,P052,E077,B10,PAY02882,D02882,4,868.87,0.13,3023.67,1822.64,1201.03,576,Pending
O02883,9/15/2020 0:00,C0069,P014,E097,B07,PAY02883,D02883,3,1158.4,0.06,3266.69,2900.99,365.7,4987,Delivered
O02884,12/27/2020 0:00,C0028,P057,E055,B01,PAY02884,D02884,1,1204.94,0.08,1108.54,846.01,262.53,1706,Pending
O02885,12/23/2022 0:00,C0432,P120,E143,B07,PAY02885,D02885,2,1051.54,0.19,1703.49,1104.99,598.5,3166,Cancelled
O02886,5/16/2020 0:00,C0370,P126,E073,B03,PAY02886,D02886,2,736.51,0.1,1325.72,806.73,518.99,4511,Cancelled
O02887,4/2/2025 0:00,C0567,P082,E092,B12,PAY02887,D02887,1,458.53,0.16,385.17,242.38,142.79,3353,Delivered
O02888,9/25/2021 0:00,C0848,P072,E026,B10,PAY02888,D02888,5,969.43,0.02,4750.21,3129.5,1620.71,1547,Delivered
O02889,3/31/2024 0:00,C0834,P105,E057,B10,PAY02889,D02889,2,524.65,0.17,870.92,648.56,222.36,534,Pending
O02890,8/17/2024 0:00,C0948,P143,E144,B01,PAY02890,D02890,4,711.74,0.17,2362.98,1677.3,685.68,3804,Cancelled
O02891,11/8/2025 0:00,C0288,P264,E108,B02,PAY02891,D02891,3,614.27,0.08,1695.39,1086.09,609.3,2448,Pending
O02892,9/2/2023 0:00,C1159,P133,E109,B04,PAY02892,D02892,1,1490.34,0.04,1430.73,883.12,547.61,4963,Cancelled
O02893,3/30/2021 0:00,C1114,P113,E099,B01,PAY02893,D02893,3,458.56,0.03,1334.41,849.23,485.18,1254,Pending
O02894,4/1/2020 0:00,C0298,P022,E008,B03,PAY02894,D02894,4,449.18,0.1,1617.05,1383.74,233.31,1341,Cancelled
O02895,3/11/2022 0:00,C0451,P135,E116,B15,PAY02895,D02895,1,880.89,0.01,872.08,546.92,325.16,3041,Pending
O02896,12/24/2023 0:00,C1083,P297,E105,B08,PAY02896,D02896,4,209.74,0.06,788.62,650.1,138.52,2516,Delivered
O02897,1/29/2020 0:00,C0144,P205,E101,B14,PAY02897,D02897,1,801.84,0.13,697.6,437.87,259.73,2043,Delivered
O02898,3/27/2022 0:00,C0400,P126,E014,B01,PAY02898,D02898,2,497.13,0.2,795.41,660.17,135.24,860,Cancelled
O02899,8/30/2025 0:00,C1052,P002,E022,B03,PAY02899,D02899,4,859.86,0.06,3233.07,2153.91,1079.16,4217,Pending
O02900,6/5/2025 0:00,C1069,P058,E031,B12,PAY02900,D02900,1,1339.51,0.18,1098.4,954.03,144.37,1880,Pending
O02901,6/12/2025 0:00,C0994,P118,E095,B15,PAY02901,D02901,4,1205.59,0.2,3857.89,2799.33,1058.56,978,Cancelled
O02902,11/29/2021 0:00,C0023,P036,E076,B09,PAY02902,D02902,5,1381.97,0.11,6149.77,5023,1126.77,1539,Pending
O02903,10/24/2025 0:00,C1162,P020,E109,B03,PAY02903,D02903,4,215.41,0.19,697.93,564.02,133.91,3003,Pending
O02904,12/21/2023 0:00,C0037,P100,E096,B09,PAY02904,D02904,4,608.61,0.05,2312.72,1887.19,425.53,2871,Delivered
O02905,5/6/2025 0:00,C0892,P111,E097,B14,PAY02905,D02905,4,385.44,0.01,1526.34,1253.68,272.66,4136,Delivered
O02906,4/22/2021 0:00,C0264,P026,E011,B15,PAY02906,D02906,4,1330.82,0.08,4897.42,3277.63,1619.79,3081,Cancelled
O02907,5/2/2025 0:00,C0207,P241,E002,B15,PAY02907,D02907,3,775.17,0.05,2209.23,1707.57,501.66,3220,Delivered
O02908,4/30/2021 0:00,C0134,P134,E088,B12,PAY02908,D02908,5,590.85,0.19,2392.94,1487.06,905.88,2331,Cancelled
O02909,3/16/2021 0:00,C0324,P176,E107,B13,PAY02909,D02909,3,628.29,0.18,1545.59,1234.08,311.51,2945,Cancelled
O02910,6/29/2024 0:00,C0329,P214,E006,B06,PAY02910,D02910,2,752.95,0.11,1340.25,1040.09,300.16,1875,Cancelled
O02911,3/24/2022 0:00,C0527,P187,E069,B04,PAY02911,D02911,1,560.43,0.18,459.55,322.9,136.65,2719,Cancelled
O02912,9/14/2022 0:00,C0818,P182,E137,B03,PAY02912,D02912,4,610.54,0.14,2100.26,1379.26,721,4455,Cancelled
O02913,4/11/2023 0:00,C0782,P096,E074,B11,PAY02913,D02913,4,1365.19,0.14,4696.25,3886.22,810.03,4624,Pending
O02914,10/9/2021 0:00,C0534,P108,E084,B12,PAY02914,D02914,2,390.82,0.18,640.94,562.87,78.07,3631,Cancelled
O02915,4/24/2024 0:00,C0239,P280,E026,B08,PAY02915,D02915,5,660.84,0.05,3138.99,2740.33,398.66,3670,Delivered
O02916,7/20/2020 0:00,C1061,P092,E145,B08,PAY02916,D02916,5,1198.73,0.15,5094.6,3159.56,1935.04,664,Delivered
O02917,7/18/2024 0:00,C0834,P175,E069,B11,PAY02917,D02917,3,390.11,0.02,1146.92,835.83,311.09,4155,Cancelled
O02918,8/16/2025 0:00,C0725,P229,E059,B10,PAY02918,D02918,1,145.12,0.04,139.32,116.18,23.14,791,Delivered
O02919,12/24/2020 0:00,C0550,P277,E021,B08,PAY02919,D02919,4,1132.33,0.11,4031.09,3582.8,448.29,1597,Pending
O02920,5/9/2021 0:00,C0313,P011,E121,B01,PAY02920,D02920,2,1480.42,0.19,2398.28,1731.24,667.04,3973,Cancelled
O02921,4/20/2020 0:00,C0602,P180,E026,B15,PAY02921,D02921,3,683.13,0.06,1926.43,1588.29,338.14,2691,Cancelled
O02922,8/13/2022 0:00,C0243,P184,E079,B07,PAY02922,D02922,1,574.92,0.04,551.92,474.37,77.55,3401,Pending
O02923,8/24/2025 0:00,C1180,P045,E042,B14,PAY02923,D02923,2,1104.07,0.04,2119.81,1601.21,518.6,3283,Cancelled
O02924,1/4/2021 0:00,C0632,P116,E090,B07,PAY02924,D02924,4,501.2,0.06,1884.51,1642.78,241.73,1726,Cancelled
O02925,3/21/2020 0:00,C0837,P079,E028,B15,PAY02925,D02925,3,139.11,0.16,350.56,315.08,35.48,752,Delivered
O02926,4/2/2025 0:00,C0863,P275,E057,B14,PAY02926,D02926,3,123.98,0.01,368.22,284.58,83.64,4709,Pending
O02927,5/14/2022 0:00,C0927,P174,E077,B02,PAY02927,D02927,2,338.3,0.12,595.41,519.63,75.78,949,Delivered
O02928,4/9/2025 0:00,C1027,P256,E131,B07,PAY02928,D02928,2,219.25,0,438.5,372.31,66.19,4057,Cancelled
O02929,9/19/2022 0:00,C0598,P062,E005,B07,PAY02929,D02929,1,818.63,0.14,704.02,476.8,227.22,614,Cancelled
O02930,12/24/2025 0:00,C0854,P219,E116,B03,PAY02930,D02930,4,63.6,0.14,218.78,156.8,61.98,2032,Cancelled
O02931,7/9/2020 0:00,C0250,P252,E147,B01,PAY02931,D02931,3,715.17,0.05,2038.23,1396.03,642.2,4099,Delivered
O02932,9/12/2025 0:00,C0629,P175,E093,B03,PAY02932,D02932,3,1164.6,0.01,3458.86,2436.64,1022.22,3410,Delivered
O02933,3/8/2024 0:00,C0780,P298,E006,B03,PAY02933,D02933,4,569.66,0.01,2255.85,1760.07,495.78,1584,Delivered
O02934,7/23/2022 0:00,C0616,P258,E137,B01,PAY02934,D02934,1,348.22,0.15,295.99,194.31,101.68,1073,Cancelled
O02935,6/14/2022 0:00,C0835,P004,E147,B01,PAY02935,D02935,4,1473.09,0.1,5303.12,3963.19,1339.93,3542,Delivered
O02936,10/30/2020 0:00,C0379,P286,E043,B07,PAY02936,D02936,2,1285.92,0.16,2160.35,1355.96,804.39,4039,Delivered
O02937,8/7/2025 0:00,C0822,P278,E034,B11,PAY02937,D02937,5,1231,0.15,5231.75,3561.65,1670.1,3052,Delivered
O02938,10/10/2025 0:00,C1170,P016,E117,B02,PAY02938,D02938,2,1204.03,0.1,2167.25,1950.49,216.76,3169,Cancelled
O02939,8/24/2025 0:00,C0705,P242,E003,B09,PAY02939,D02939,1,1300.85,0.16,1092.71,705.43,387.28,1216,Delivered
O02940,4/16/2025 0:00,C0025,P241,E063,B15,PAY02940,D02940,2,305.04,0.16,512.47,426.57,85.9,3286,Delivered
O02941,9/14/2020 0:00,C0305,P039,E013,B05,PAY02941,D02941,1,1171.29,0.15,995.6,887.52,108.08,3148,Cancelled
O02942,3/2/2023 0:00,C0742,P010,E081,B12,PAY02942,D02942,1,905.68,0.03,878.51,740.7,137.81,4985,Delivered
O02943,12/9/2020 0:00,C0637,P108,E140,B15,PAY02943,D02943,4,344.67,0.03,1337.32,970.54,366.78,4695,Cancelled
O02944,6/27/2025 0:00,C0641,P022,E006,B12,PAY02944,D02944,4,1396.88,0.07,5196.39,3615.05,1581.34,4992,Delivered
O02945,12/18/2020 0:00,C0860,P028,E086,B04,PAY02945,D02945,5,25.61,0.02,125.49,85.97,39.52,1607,Cancelled
O02946,6/19/2024 0:00,C0784,P207,E071,B04,PAY02946,D02946,5,466.77,0.19,1890.42,1425.62,464.8,1407,Delivered
O02947,11/19/2021 0:00,C0422,P275,E101,B14,PAY02947,D02947,3,461.52,0.18,1135.34,921.88,213.46,3326,Cancelled
O02948,10/31/2022 0:00,C0269,P274,E086,B11,PAY02948,D02948,2,374.76,0.02,734.53,637.2,97.33,4698,Pending
O02949,11/4/2023 0:00,C0682,P075,E113,B11,PAY02949,D02949,1,72.65,0.16,61.03,48.97,12.06,1660,Delivered
O02950,9/7/2025 0:00,C0027,P214,E097,B05,PAY02950,D02950,5,118.28,0.16,496.78,402.54,94.24,1326,Pending
O02951,6/17/2022 0:00,C0783,P130,E040,B15,PAY02951,D02951,2,87.95,0.03,170.62,106.88,63.74,3903,Delivered
O02952,7/25/2024 0:00,C0216,P094,E026,B15,PAY02952,D02952,1,1066.48,0.12,938.5,754.79,183.71,1140,Delivered
O02953,6/5/2023 0:00,C1096,P100,E113,B04,PAY02953,D02953,3,853.81,0.03,2484.59,2151.08,333.51,3223,Pending
O02954,9/30/2025 0:00,C0959,P110,E063,B08,PAY02954,D02954,2,969.17,0.19,1570.06,1040.73,529.33,839,Cancelled
O02955,7/17/2021 0:00,C0971,P067,E072,B14,PAY02955,D02955,1,996.38,0.07,926.63,717.41,209.22,3016,Cancelled
O02956,7/15/2023 0:00,C0807,P223,E129,B06,PAY02956,D02956,4,501.41,0.09,1825.13,1221.18,603.95,2371,Pending
O02957,1/22/2025 0:00,C0055,P139,E033,B13,PAY02957,D02957,4,874.09,0.09,3181.69,2787.67,394.02,4288,Pending
O02958,2/24/2020 0:00,C0459,P182,E021,B13,PAY02958,D02958,4,978.96,0.11,3485.1,3098.54,386.56,1231,Delivered
O02959,9/22/2022 0:00,C0672,P107,E057,B09,PAY02959,D02959,5,133.8,0.14,575.34,478.74,96.6,2237,Delivered
O02960,4/9/2025 0:00,C0126,P041,E150,B12,PAY02960,D02960,5,307.88,0.14,1323.88,1149.85,174.03,4679,Delivered
O02961,1/21/2025 0:00,C0203,P022,E134,B12,PAY02961,D02961,1,846.4,0.16,710.98,611.48,99.5,3549,Cancelled
O02962,7/30/2020 0:00,C0662,P042,E075,B06,PAY02962,D02962,2,1226.51,0.2,1962.42,1575.84,386.58,2915,Delivered
O02963,9/4/2020 0:00,C0915,P245,E149,B08,PAY02963,D02963,4,1040.87,0,4163.48,3201.96,961.52,3760,Cancelled
O02964,9/4/2021 0:00,C0516,P239,E149,B01,PAY02964,D02964,5,688.86,0.1,3099.87,2433.16,666.71,1785,Pending
O02965,3/1/2021 0:00,C0168,P141,E132,B08,PAY02965,D02965,5,1291.51,0.01,6392.97,5577.56,815.41,4682,Cancelled
O02966,12/7/2025 0:00,C1011,P178,E116,B14,PAY02966,D02966,3,1013.43,0.03,2949.08,1944.48,1004.6,1629,Delivered
O02967,10/8/2021 0:00,C0881,P293,E131,B03,PAY02967,D02967,1,1334.12,0.19,1080.64,826.27,254.37,3971,Cancelled
O02968,7/18/2024 0:00,C0548,P136,E144,B08,PAY02968,D02968,2,1006.94,0.01,1993.74,1201.05,792.69,2883,Delivered
O02969,11/20/2020 0:00,C0980,P192,E092,B02,PAY02969,D02969,2,972.56,0,1945.12,1726.35,218.77,1615,Pending
O02970,10/3/2020 0:00,C0329,P014,E049,B09,PAY02970,D02970,3,1264.23,0.04,3640.98,2354.52,1286.46,4278,Delivered
O02971,6/24/2021 0:00,C1181,P136,E052,B10,PAY02971,D02971,2,980.91,0.04,1883.35,1215.31,668.04,2857,Delivered
O02972,4/9/2022 0:00,C1095,P168,E110,B13,PAY02972,D02972,2,1399.36,0.14,2406.9,1565.57,841.33,4301,Cancelled
O02973,12/19/2020 0:00,C1097,P006,E144,B08,PAY02973,D02973,4,854.79,0.18,2803.71,1962.95,840.76,1940,Pending
O02974,4/28/2023 0:00,C0319,P231,E066,B05,PAY02974,D02974,1,1135.06,0.07,1055.61,747.97,307.64,814,Delivered
O02975,12/3/2023 0:00,C0103,P231,E079,B03,PAY02975,D02975,4,1076.3,0.02,4219.1,2863.09,1356.01,4307,Pending
O02976,1/21/2021 0:00,C0823,P243,E010,B09,PAY02976,D02976,1,599.23,0.12,527.32,435.22,92.1,1711,Delivered
O02977,1/20/2024 0:00,C0111,P173,E090,B05,PAY02977,D02977,2,835.98,0.16,1404.45,1185.47,218.98,1384,Pending
O02978,8/18/2025 0:00,C1107,P221,E039,B08,PAY02978,D02978,5,201.49,0.02,987.3,789.42,197.88,4355,Delivered
O02979,1/22/2020 0:00,C1164,P253,E149,B03,PAY02979,D02979,4,899.17,0.02,3524.75,2417.64,1107.11,3170,Delivered
O02980,6/15/2024 0:00,C0247,P023,E095,B01,PAY02980,D02980,2,1451.37,0.17,2409.27,1838.92,570.35,3284,Cancelled
O02981,11/29/2021 0:00,C0910,P065,E094,B11,PAY02981,D02981,3,402.22,0,1206.66,895.07,311.59,1018,Cancelled
O02982,4/22/2023 0:00,C0661,P200,E122,B14,PAY02982,D02982,3,239.79,0.09,654.63,524.87,129.76,1451,Pending
O02983,8/7/2021 0:00,C0428,P175,E042,B06,PAY02983,D02983,2,309.54,0.06,581.94,455.33,126.61,984,Cancelled
O02984,6/29/2020 0:00,C0274,P208,E045,B03,PAY02984,D02984,5,1300.63,0.03,6308.06,4824.29,1483.77,504,Delivered
O02985,4/24/2020 0:00,C0795,P081,E035,B02,PAY02985,D02985,2,1324.41,0.1,2383.94,1900.25,483.69,2891,Pending
O02986,10/13/2024 0:00,C0936,P298,E141,B03,PAY02986,D02986,1,880.57,0.2,704.46,456.96,247.5,1282,Delivered
O02987,11/1/2022 0:00,C0688,P106,E002,B08,PAY02987,D02987,5,654.54,0.15,2781.79,2043.07,738.72,3753,Delivered
O02988,2/24/2024 0:00,C0987,P023,E088,B01,PAY02988,D02988,4,76,0.09,276.64,173.19,103.45,3427,Pending
O02989,12/16/2024 0:00,C0028,P253,E103,B02,PAY02989,D02989,3,1299.78,0.18,3197.46,2767.82,429.64,3461,Delivered
O02990,11/7/2025 0:00,C0802,P056,E032,B03,PAY02990,D02990,2,957.16,0.08,1761.17,1421.53,339.64,1003,Delivered
O02991,8/10/2024 0:00,C0869,P048,E141,B07,PAY02991,D02991,2,736.03,0.15,1251.25,919.95,331.3,4534,Cancelled
O02992,7/24/2024 0:00,C0949,P071,E003,B06,PAY02992,D02992,4,1121.2,0.05,4260.56,2663.16,1597.4,2935,Delivered
O02993,1/11/2021 0:00,C0353,P028,E014,B03,PAY02993,D02993,2,983.11,0.17,1631.96,1225.25,406.71,4715,Pending
O02994,12/1/2024 0:00,C0850,P094,E074,B08,PAY02994,D02994,2,1109.25,0.12,1952.28,1626.32,325.96,1410,Cancelled
O02995,3/9/2020 0:00,C1136,P111,E108,B01,PAY02995,D02995,5,1148.84,0,5744.2,4196.34,1547.86,3842,Cancelled
O02996,8/10/2020 0:00,C0974,P266,E099,B03,PAY02996,D02996,4,626.63,0.07,2331.06,1649.19,681.87,4687,Pending
O02997,9/13/2020 0:00,C0381,P033,E021,B01,PAY02997,D02997,4,1357.68,0.1,4887.65,3267.62,1620.03,1201,Cancelled
O02998,10/2/2022 0:00,C1093,P076,E144,B04,PAY02998,D02998,2,274.08,0.03,531.72,469.16,62.56,1744,Pending
O02999,9/24/2025 0:00,C1146,P120,E061,B12,PAY02999,D02999,4,1348.64,0.2,4315.65,3809.24,506.41,935,Cancelled
O03000,5/16/2025 0:00,C0475,P137,E041,B12,PAY03000,D03000,4,435.71,0.12,1533.7,1012.33,521.37,4658,Cancelled
O03001,8/18/2024 0:00,C0636,P060,E100,B13,PAY03001,D03001,1,50.71,0.06,47.67,29.96,17.71,1294,Delivered
O03002,1/16/2025 0:00,C0518,P043,E079,B07,PAY03002,D03002,2,1011,0.11,1799.58,1588.2,211.38,771,Cancelled
O03003,10/28/2025 0:00,C0135,P099,E103,B12,PAY03003,D03003,1,940.41,0.18,771.14,642.9,128.24,1246,Delivered
O03004,11/26/2021 0:00,C1188,P265,E147,B10,PAY03004,D03004,5,183.33,0.13,797.49,661.07,136.42,2321,Cancelled
O03005,10/5/2025 0:00,C0850,P226,E032,B05,PAY03005,D03005,1,415.22,0.17,344.63,273.62,71.01,1896,Cancelled
O03006,9/2/2023 0:00,C1186,P163,E041,B15,PAY03006,D03006,1,1294.35,0.02,1268.46,982.49,285.97,1353,Delivered
O03007,10/1/2021 0:00,C0082,P031,E131,B09,PAY03007,D03007,5,64.54,0.06,303.34,270.16,33.18,590,Cancelled
O03008,10/6/2020 0:00,C0864,P203,E133,B14,PAY03008,D03008,5,1276.08,0.08,5869.97,4683.7,1186.27,2860,Delivered
O03009,6/7/2023 0:00,C0400,P106,E003,B08,PAY03009,D03009,5,889.37,0.19,3601.95,2551.76,1050.19,2753,Pending
O03010,2/19/2023 0:00,C0435,P063,E124,B12,PAY03010,D03010,1,566.96,0.19,459.24,283.71,175.53,4228,Pending
O03011,9/13/2024 0:00,C0866,P227,E122,B10,PAY03011,D03011,4,334.92,0.04,1286.09,874.4,411.69,4242,Pending
O03012,3/1/2021 0:00,C0105,P200,E102,B05,PAY03012,D03012,5,881.16,0.01,4361.74,3388.48,973.26,3670,Delivered
O03013,2/26/2020 0:00,C0888,P003,E121,B01,PAY03013,D03013,1,798.17,0.08,734.32,614.66,119.66,2232,Cancelled
O03014,12/5/2023 0:00,C0595,P095,E100,B04,PAY03014,D03014,1,827.52,0.1,744.77,513.75,231.02,2229,Cancelled
O03015,6/15/2025 0:00,C0959,P049,E104,B11,PAY03015,D03015,3,371.07,0.05,1057.55,905.84,151.71,4803,Delivered
O03016,12/22/2025 0:00,C0708,P281,E003,B14,PAY03016,D03016,2,941.54,0.14,1619.45,1098.27,521.18,2087,Delivered
O03017,8/15/2021 0:00,C0131,P163,E056,B02,PAY03017,D03017,1,548.5,0,548.5,344.95,203.55,4872,Delivered
O03018,11/29/2021 0:00,C0339,P083,E088,B04,PAY03018,D03018,4,1002.04,0.04,3847.83,2882.61,965.22,812,Delivered
O03019,12/10/2021 0:00,C0679,P223,E068,B10,PAY03019,D03019,4,1358.93,0.1,4892.15,3890.45,1001.7,3380,Pending
O03020,11/22/2020 0:00,C0107,P262,E101,B02,PAY03020,D03020,4,897.86,0.1,3232.3,2617.09,615.21,716,Pending
O03021,11/6/2021 0:00,C0836,P053,E081,B09,PAY03021,D03021,3,1258.41,0.15,3208.95,2686.35,522.6,3456,Pending
O03022,6/16/2020 0:00,C0189,P275,E034,B09,PAY03022,D03022,4,119.48,0.1,430.13,266.52,163.61,1244,Pending
O03023,10/22/2020 0:00,C1092,P139,E146,B09,PAY03023,D03023,1,898.45,0.02,880.48,552.9,327.58,1448,Cancelled
O03024,4/8/2025 0:00,C0965,P022,E118,B06,PAY03024,D03024,1,1106.27,0.17,918.2,798.36,119.84,3092,Cancelled
O03025,2/20/2022 0:00,C1121,P170,E139,B06,PAY03025,D03025,2,1286.06,0.12,2263.47,1740.5,522.97,3127,Cancelled
O03026,4/2/2022 0:00,C0540,P203,E143,B03,PAY03026,D03026,4,560.68,0.14,1928.74,1469.98,458.76,1766,Pending
O03027,2/23/2020 0:00,C0682,P170,E104,B09,PAY03027,D03027,4,1156.39,0.11,4116.75,3315.86,800.89,3110,Pending
O03028,9/7/2021 0:00,C0106,P201,E142,B12,PAY03028,D03028,4,206.92,0.14,711.8,586.09,125.71,4726,Pending
O03029,6/21/2021 0:00,C0291,P096,E067,B15,PAY03029,D03029,4,1388.52,0.08,5109.75,3488.43,1621.32,4092,Delivered
O03030,7/15/2020 0:00,C0713,P153,E038,B15,PAY03030,D03030,2,837.25,0.15,1423.33,1178.79,244.54,2329,Pending
O03031,5/13/2023 0:00,C0526,P282,E015,B11,PAY03031,D03031,2,1328.02,0.15,2257.63,1708.29,549.34,1822,Pending
O03032,3/9/2020 0:00,C0804,P032,E087,B06,PAY03032,D03032,5,111.38,0.07,517.92,323.15,194.77,1029,Delivered
O03033,8/16/2021 0:00,C0239,P184,E020,B04,PAY03033,D03033,4,528.92,0.18,1734.86,1150.93,583.93,3650,Delivered
O03034,7/12/2022 0:00,C0193,P216,E124,B13,PAY03034,D03034,4,1009.24,0.19,3269.94,2261.94,1008,4438,Delivered
O03035,7/19/2025 0:00,C0394,P250,E104,B10,PAY03035,D03035,1,1349.59,0.1,1214.63,749.75,464.88,1086,Delivered
O03036,5/19/2020 0:00,C1161,P070,E009,B09,PAY03036,D03036,4,890.31,0.17,2955.83,2179.09,776.74,4794,Cancelled
O03037,2/23/2025 0:00,C1199,P144,E110,B02,PAY03037,D03037,4,1157.76,0.08,4260.56,3021.08,1239.48,4211,Delivered
O03038,3/12/2025 0:00,C0771,P204,E030,B14,PAY03038,D03038,5,728.61,0.19,2950.87,2350.93,599.94,2591,Delivered
O03039,8/12/2021 0:00,C1145,P187,E016,B14,PAY03039,D03039,5,585.02,0.15,2486.34,1499.76,986.58,3383,Pending
O03040,1/16/2025 0:00,C0159,P004,E091,B01,PAY03040,D03040,4,385.86,0.14,1327.36,1146.81,180.55,2591,Cancelled
O03041,6/10/2025 0:00,C1088,P191,E066,B07,PAY03041,D03041,1,700.37,0.01,693.37,532.1,161.27,3529,Pending
O03042,2/13/2022 0:00,C0979,P112,E143,B06,PAY03042,D03042,4,398.01,0.12,1401,1023.67,377.33,4809,Pending
O03043,1/8/2022 0:00,C0928,P187,E126,B09,PAY03043,D03043,5,47.31,0,236.55,141.98,94.57,1522,Cancelled
O03044,4/4/2024 0:00,C0473,P265,E058,B02,PAY03044,D03044,5,1317.31,0.06,6191.36,5420.49,770.87,1147,Pending
O03045,7/1/2021 0:00,C0771,P049,E136,B05,PAY03045,D03045,1,536.66,0.18,440.06,342.36,97.7,2433,Pending
O03046,4/29/2025 0:00,C0021,P182,E100,B12,PAY03046,D03046,2,1144.95,0.13,1992.21,1362.48,629.73,3791,Cancelled
O03047,5/2/2021 0:00,C1175,P052,E027,B09,PAY03047,D03047,3,1169.56,0.2,2806.94,2484.04,322.9,2373,Pending
O03048,12/23/2025 0:00,C0886,P297,E133,B10,PAY03048,D03048,1,68.29,0,68.29,60.5,7.79,2488,Pending
O03049,11/29/2021 0:00,C0618,P190,E026,B09,PAY03049,D03049,5,1440.25,0.12,6337.1,4439.54,1897.56,4882,Delivered
O03050,3/27/2022 0:00,C0703,P122,E010,B15,PAY03050,D03050,5,351.06,0,1755.3,1312.57,442.73,3328,Delivered
O03051,10/6/2022 0:00,C1002,P286,E052,B05,PAY03051,D03051,5,819.57,0.18,3360.24,2969.4,390.84,3567,Pending
O03052,11/29/2020 0:00,C0222,P288,E053,B10,PAY03052,D03052,5,42.05,0.15,178.71,110.16,68.55,2745,Cancelled
O03053,1/13/2023 0:00,C0824,P236,E053,B04,PAY03053,D03053,2,1224.29,0.02,2399.61,2052.83,346.78,4564,Cancelled
O03054,11/17/2023 0:00,C0395,P137,E006,B06,PAY03054,D03054,3,330.23,0.05,941.16,813.94,127.22,4935,Delivered
O03055,7/2/2022 0:00,C0590,P295,E037,B10,PAY03055,D03055,2,598.16,0.03,1160.43,726.82,433.61,1779,Pending
O03056,4/25/2024 0:00,C0121,P280,E080,B12,PAY03056,D03056,5,252.59,0.07,1174.54,796.45,378.09,4403,Pending
O03057,8/21/2022 0:00,C0688,P001,E065,B06,PAY03057,D03057,2,719.86,0.04,1382.13,1102.53,279.6,1440,Pending
O03058,6/15/2025 0:00,C0869,P257,E122,B09,PAY03058,D03058,5,223.89,0.16,940.34,819.75,120.59,1883,Pending
O03059,9/23/2022 0:00,C1146,P133,E110,B10,PAY03059,D03059,5,1208.7,0.11,5378.72,4442.68,936.04,4435,Delivered
O03060,1/12/2024 0:00,C0196,P137,E108,B09,PAY03060,D03060,3,1098.37,0.15,2800.84,2124.74,676.1,4017,Delivered
O03061,7/3/2020 0:00,C1080,P182,E147,B03,PAY03061,D03061,4,1052.46,0.04,4041.45,3353.87,687.58,2494,Cancelled
O03062,4/17/2021 0:00,C0009,P287,E141,B13,PAY03062,D03062,4,224.51,0.12,790.28,618.45,171.83,4516,Cancelled
O03063,12/24/2020 0:00,C0485,P058,E013,B01,PAY03063,D03063,3,411.69,0.03,1198.02,854.95,343.07,2538,Delivered
O03064,3/11/2023 0:00,C0970,P198,E092,B01,PAY03064,D03064,1,278.49,0.17,231.15,159.99,71.16,1672,Pending
O03065,10/11/2023 0:00,C0132,P081,E016,B02,PAY03065,D03065,3,994.32,0.13,2595.18,2002.97,592.21,1352,Cancelled
O03066,3/11/2021 0:00,C0758,P128,E078,B14,PAY03066,D03066,1,1252.21,0.01,1239.69,857.6,382.09,3734,Cancelled
O03067,10/15/2021 0:00,C0304,P192,E087,B06,PAY03067,D03067,2,453.61,0.07,843.71,705.62,138.09,663,Pending
O03068,2/18/2022 0:00,C0808,P142,E010,B05,PAY03068,D03068,5,1398.92,0.15,5945.41,3842.03,2103.38,2715,Pending
O03069,2/12/2021 0:00,C0096,P279,E108,B07,PAY03069,D03069,3,1246.29,0.01,3701.48,2557.55,1143.93,4355,Pending
O03070,3/30/2020 0:00,C1140,P004,E093,B09,PAY03070,D03070,1,1380.42,0.17,1145.75,1023.38,122.37,893,Delivered
O03071,7/11/2020 0:00,C0931,P039,E092,B04,PAY03071,D03071,1,126.46,0.15,107.49,65.35,42.14,1397,Delivered
O03072,9/15/2020 0:00,C0040,P149,E016,B06,PAY03072,D03072,2,244.9,0.01,484.9,361.66,123.24,1687,Pending
O03073,11/2/2025 0:00,C0643,P276,E134,B14,PAY03073,D03073,2,502.48,0.16,844.17,546.55,297.62,2263,Delivered
O03074,9/10/2025 0:00,C0393,P248,E057,B05,PAY03074,D03074,1,180.45,0,180.45,149.56,30.89,3603,Cancelled
O03075,7/24/2024 0:00,C0947,P153,E051,B08,PAY03075,D03075,1,1423.36,0.1,1281.02,1040.48,240.54,860,Pending
O03076,1/12/2023 0:00,C0758,P281,E031,B08,PAY03076,D03076,2,786.44,0.17,1305.49,1118.17,187.32,4126,Delivered
O03077,2/7/2023 0:00,C0662,P124,E136,B01,PAY03077,D03077,3,430.18,0.1,1161.49,850.02,311.47,2291,Pending
O03078,10/2/2020 0:00,C0638,P190,E069,B08,PAY03078,D03078,4,675.39,0.16,2269.31,1434.34,834.97,1098,Cancelled
O03079,1/24/2023 0:00,C0425,P197,E133,B03,PAY03079,D03079,5,151.69,0.14,652.27,516.17,136.1,3845,Delivered
O03080,3/5/2025 0:00,C0861,P152,E124,B05,PAY03080,D03080,4,1438.98,0.18,4719.85,3243.1,1476.75,3301,Pending
O03081,6/21/2021 0:00,C0481,P290,E023,B06,PAY03081,D03081,5,1068.26,0.02,5234.47,3437.19,1797.28,1405,Cancelled
O03082,2/26/2023 0:00,C0073,P124,E092,B11,PAY03082,D03082,3,512.8,0.04,1476.86,988.22,488.64,1975,Pending
O03083,2/8/2024 0:00,C1155,P162,E096,B02,PAY03083,D03083,5,388.51,0.01,1923.12,1499.26,423.86,4670,Pending
O03084,4/17/2021 0:00,C0106,P121,E138,B11,PAY03084,D03084,5,44.09,0,220.45,182.33,38.12,3307,Delivered
O03085,8/12/2024 0:00,C0668,P148,E114,B07,PAY03085,D03085,2,113.24,0.07,210.63,174.15,36.48,2859,Cancelled
O03086,2/7/2024 0:00,C0802,P050,E015,B01,PAY03086,D03086,4,553.8,0.11,1971.53,1733.9,237.63,1065,Pending
O03087,11/25/2024 0:00,C0141,P048,E103,B11,PAY03087,D03087,1,153.33,0.02,150.26,120.6,29.66,3530,Cancelled
O03088,1/27/2023 0:00,C0521,P239,E054,B07,PAY03088,D03088,2,400.76,0.18,657.25,438.83,218.42,2672,Pending
O03089,3/15/2023 0:00,C0022,P236,E059,B15,PAY03089,D03089,3,118.71,0.05,338.32,286.9,51.42,2377,Cancelled
O03090,2/4/2020 0:00,C0314,P098,E079,B15,PAY03090,D03090,4,416.93,0.11,1484.27,1136.12,348.15,2400,Pending
O03091,6/7/2025 0:00,C0550,P226,E067,B10,PAY03091,D03091,4,139.34,0.14,479.33,380.44,98.89,3087,Cancelled
O03092,1/29/2024 0:00,C0650,P288,E091,B12,PAY03092,D03092,3,312.57,0.08,862.69,596.4,266.29,1601,Delivered
O03093,8/25/2022 0:00,C0348,P055,E123,B10,PAY03093,D03093,1,1263.5,0.18,1036.07,789.14,246.93,4502,Delivered
O03094,12/6/2025 0:00,C0058,P120,E035,B13,PAY03094,D03094,2,52.98,0.19,85.83,58.44,27.39,3063,Pending
O03095,12/23/2020 0:00,C1118,P043,E079,B07,PAY03095,D03095,1,1498.06,0.02,1468.1,1127.58,340.52,2099,Cancelled
O03096,7/31/2022 0:00,C0836,P258,E149,B14,PAY03096,D03096,1,958.72,0.17,795.74,579.75,215.99,2106,Cancelled
O03097,2/1/2025 0:00,C0891,P168,E078,B04,PAY03097,D03097,5,1434.38,0.09,6526.43,5022.5,1503.93,1432,Delivered
O03098,11/9/2021 0:00,C1154,P237,E024,B10,PAY03098,D03098,4,459.71,0.09,1673.34,1373.24,300.1,3535,Cancelled
O03099,3/15/2024 0:00,C0496,P140,E144,B09,PAY03099,D03099,2,1253.93,0.02,2457.7,1476.33,981.37,1671,Delivered
O03100,7/1/2020 0:00,C1069,P095,E124,B09,PAY03100,D03100,2,139.85,0.18,229.35,138.23,91.12,3646,Pending
O03101,12/5/2024 0:00,C0254,P208,E142,B03,PAY03101,D03101,3,600.06,0.02,1764.18,1365.92,398.26,3298,Delivered
O03102,3/9/2025 0:00,C0217,P115,E115,B15,PAY03102,D03102,2,292.77,0.02,573.83,505.75,68.08,2125,Cancelled
O03103,8/11/2024 0:00,C0386,P027,E018,B03,PAY03103,D03103,2,39.09,0,78.18,49.96,28.22,4591,Delivered
O03104,5/22/2020 0:00,C1181,P160,E060,B01,PAY03104,D03104,3,1152.68,0.14,2973.91,2616.48,357.43,2423,Delivered
O03105,4/30/2022 0:00,C0948,P016,E027,B07,PAY03105,D03105,3,1361.24,0.01,4042.88,2528.3,1514.58,4076,Pending
O03106,1/6/2024 0:00,C0387,P234,E147,B14,PAY03106,D03106,5,567.97,0.13,2470.67,1491.98,978.69,4732,Delivered
O03107,8/13/2024 0:00,C0767,P043,E090,B08,PAY03107,D03107,2,1482.47,0.06,2787.04,1869.5,917.54,4537,Delivered
O03108,9/15/2023 0:00,C0581,P099,E115,B02,PAY03108,D03108,2,1414.78,0.02,2772.97,2248.73,524.24,2542,Cancelled
O03109,9/14/2025 0:00,C0600,P223,E017,B15,PAY03109,D03109,2,200.55,0.04,385.06,310.48,74.58,4430,Cancelled
O03110,2/16/2024 0:00,C0216,P278,E014,B14,PAY03110,D03110,3,1156.9,0.16,2915.39,1979.33,936.06,1257,Pending
O03111,7/25/2022 0:00,C1043,P040,E063,B15,PAY03111,D03111,3,301.74,0.14,778.49,687.88,90.61,3226,Delivered
O03112,12/28/2020 0:00,C0601,P037,E117,B06,PAY03112,D03112,3,890.54,0.14,2297.59,1766.78,530.81,2178,Delivered
O03113,1/3/2021 0:00,C0659,P089,E088,B12,PAY03113,D03113,1,1218.03,0.01,1205.85,816.67,389.18,4488,Pending
O03114,7/14/2022 0:00,C0244,P039,E005,B03,PAY03114,D03114,5,1450.5,0.1,6527.25,4003.42,2523.83,2938,Pending
O03115,10/13/2022 0:00,C1082,P132,E075,B06,PAY03115,D03115,3,1031.62,0.12,2723.48,1901.76,821.72,4246,Delivered
O03116,8/21/2021 0:00,C0785,P113,E149,B07,PAY03116,D03116,1,1364.25,0.2,1091.4,826.22,265.18,4218,Delivered
O03117,2/21/2020 0:00,C0342,P029,E130,B02,PAY03117,D03117,5,372.64,0.02,1825.94,1385.91,440.03,2543,Pending
O03118,2/23/2020 0:00,C0232,P106,E112,B05,PAY03118,D03118,2,85.37,0.01,169.03,110.25,58.78,3145,Pending
O03119,11/4/2023 0:00,C0562,P130,E126,B07,PAY03119,D03119,4,1209.39,0.15,4111.93,3367.49,744.44,2849,Cancelled
O03120,11/25/2020 0:00,C0954,P209,E025,B11,PAY03120,D03120,3,363.13,0.17,904.19,720.77,183.42,4558,Pending
O03121,7/28/2024 0:00,C0265,P101,E005,B08,PAY03121,D03121,3,682.55,0.15,1740.5,1269.98,470.52,986,Delivered
O03122,11/8/2022 0:00,C0173,P195,E043,B05,PAY03122,D03122,5,1089.11,0.07,5064.36,3603.03,1461.33,2501,Pending
O03123,8/21/2025 0:00,C0554,P008,E036,B14,PAY03123,D03123,5,814.47,0.17,3380.05,2078.25,1301.8,2923,Delivered
O03124,4/2/2020 0:00,C0067,P160,E087,B12,PAY03124,D03124,4,558.92,0.17,1855.61,1269.57,586.04,1694,Pending
O03125,9/13/2022 0:00,C0498,P134,E001,B05,PAY03125,D03125,3,1103.23,0,3309.69,2828.94,480.75,520,Cancelled
O03126,2/8/2021 0:00,C1141,P119,E048,B01,PAY03126,D03126,2,671.25,0.03,1302.22,1023.81,278.41,902,Cancelled
O03127,10/1/2022 0:00,C0078,P290,E092,B10,PAY03127,D03127,1,421.63,0.09,383.68,291.21,92.47,1814,Pending
O03128,10/17/2023 0:00,C0319,P232,E146,B13,PAY03128,D03128,1,634.77,0.17,526.86,365.2,161.66,561,Cancelled
O03129,9/20/2023 0:00,C0996,P241,E050,B07,PAY03129,D03129,2,1079.15,0.09,1964.05,1193.63,770.42,4812,Cancelled
O03130,10/12/2022 0:00,C0675,P048,E099,B10,PAY03130,D03130,4,1200.8,0.07,4466.98,3491.46,975.52,2038,Cancelled
O03131,5/25/2024 0:00,C0130,P218,E085,B13,PAY03131,D03131,3,94.33,0.1,254.69,210.11,44.58,3274,Cancelled
O03132,2/4/2022 0:00,C0720,P207,E129,B05,PAY03132,D03132,4,353.85,0.09,1288.01,895.25,392.76,2811,Pending
O03133,9/18/2022 0:00,C0719,P005,E107,B04,PAY03133,D03133,5,1427.87,0.07,6639.6,5511.37,1128.23,4869,Delivered
O03134,8/14/2021 0:00,C0134,P057,E131,B15,PAY03134,D03134,2,1203.51,0.08,2214.46,1688.46,526,2835,Cancelled
O03135,8/2/2021 0:00,C0631,P016,E088,B03,PAY03135,D03135,4,693.78,0.08,2553.11,2283.49,269.62,1412,Pending
O03136,6/16/2023 0:00,C0567,P187,E019,B02,PAY03136,D03136,1,782.93,0.04,751.61,600.77,150.84,4907,Pending
O03137,7/2/2020 0:00,C0815,P154,E064,B14,PAY03137,D03137,5,260.99,0.2,1043.96,764.25,279.71,3738,Cancelled
O03138,7/12/2022 0:00,C0428,P188,E104,B04,PAY03138,D03138,1,1067.72,0.18,875.53,639.68,235.85,1099,Delivered
O03139,2/3/2025 0:00,C0615,P007,E090,B05,PAY03139,D03139,1,1009.93,0.1,908.94,717.41,191.53,3755,Pending
O03140,6/4/2025 0:00,C0404,P203,E056,B01,PAY03140,D03140,5,995.03,0.02,4875.65,3430.6,1445.05,4391,Delivered
O03141,2/10/2021 0:00,C1192,P176,E137,B12,PAY03141,D03141,5,796.24,0.18,3264.58,2294.76,969.82,3537,Cancelled
O03142,6/1/2024 0:00,C1136,P282,E095,B11,PAY03142,D03142,3,1076.3,0.04,3099.74,2417.52,682.22,2228,Delivered
O03143,5/27/2021 0:00,C0407,P043,E124,B14,PAY03143,D03143,4,248.04,0.1,892.94,693.92,199.02,2985,Cancelled
O03144,2/4/2025 0:00,C0277,P254,E026,B01,PAY03144,D03144,3,831.49,0.13,2170.19,1400.51,769.68,1556,Pending
O03145,7/28/2020 0:00,C0250,P071,E016,B01,PAY03145,D03145,1,1485.16,0.15,1262.39,839.68,422.71,3863,Cancelled
O03146,7/6/2022 0:00,C0175,P213,E102,B07,PAY03146,D03146,5,780.47,0.17,3238.95,2679.2,559.75,842,Pending
O03147,3/26/2025 0:00,C0118,P120,E103,B02,PAY03147,D03147,1,53.88,0.11,47.95,29.47,18.48,4405,Pending
O03148,5/17/2021 0:00,C0451,P210,E032,B13,PAY03148,D03148,2,876.73,0.18,1437.84,1261.97,175.87,3875,Delivered
O03149,8/18/2024 0:00,C0216,P269,E040,B11,PAY03149,D03149,1,437.34,0.01,432.97,278,154.97,4236,Cancelled
O03150,1/28/2022 0:00,C0139,P096,E042,B06,PAY03150,D03150,5,916.01,0.06,4305.25,2657.76,1647.49,2277,Cancelled
O03151,9/7/2022 0:00,C0416,P180,E087,B04,PAY03151,D03151,2,1381.85,0.15,2349.14,1471.54,877.6,3986,Delivered
O03152,9/14/2025 0:00,C0464,P097,E037,B10,PAY03152,D03152,1,559.92,0.19,453.54,283.29,170.25,2151,Delivered
O03153,4/7/2025 0:00,C0035,P043,E016,B08,PAY03153,D03153,5,361.39,0.03,1752.74,1457.81,294.93,2767,Cancelled
O03154,12/26/2023 0:00,C0766,P124,E055,B02,PAY03154,D03154,1,1194.9,0.14,1027.61,643.63,383.98,2346,Cancelled
O03155,12/8/2020 0:00,C0655,P250,E065,B14,PAY03155,D03155,1,755.31,0.18,619.35,488.06,131.29,3781,Delivered
O03156,6/25/2025 0:00,C0941,P139,E050,B03,PAY03156,D03156,2,1099.1,0.04,2110.27,1334.32,775.95,2011,Pending
O03157,11/26/2020 0:00,C0500,P201,E016,B04,PAY03157,D03157,1,527.33,0.01,522.06,377.02,145.04,3715,Pending
O03158,1/28/2023 0:00,C0538,P139,E113,B06,PAY03158,D03158,1,1425.05,0.09,1296.8,1085.43,211.37,3982,Pending
O03159,4/28/2025 0:00,C0429,P089,E103,B05,PAY03159,D03159,2,389.97,0.07,725.34,574.68,150.66,2840,Cancelled
O03160,2/28/2025 0:00,C0050,P042,E150,B11,PAY03160,D03160,5,1392.66,0.1,6266.97,5426.37,840.6,4366,Pending
O03161,3/13/2021 0:00,C1097,P274,E149,B12,PAY03161,D03161,3,1081.04,0.03,3145.83,2477.17,668.66,2009,Cancelled
O03162,8/7/2022 0:00,C0296,P127,E127,B04,PAY03162,D03162,5,306.95,0.09,1396.62,1133.87,262.75,1637,Delivered
O03163,11/2/2025 0:00,C0510,P293,E023,B05,PAY03163,D03163,3,893.24,0.04,2572.53,1940.8,631.73,3142,Cancelled
O03164,10/1/2020 0:00,C0480,P246,E130,B06,PAY03164,D03164,2,1053.83,0.08,1939.05,1259.16,679.89,2100,Cancelled
O03165,7/13/2020 0:00,C0117,P270,E121,B07,PAY03165,D03165,4,1325.81,0.09,4825.95,3661.23,1164.72,3480,Delivered
O03166,7/16/2022 0:00,C1170,P284,E044,B12,PAY03166,D03166,3,861.28,0.17,2144.59,1577.45,567.14,3555,Cancelled
O03167,1/18/2024 0:00,C1149,P155,E016,B05,PAY03167,D03167,2,1340.21,0.19,2171.14,1484.06,687.08,1476,Cancelled
O03168,3/29/2020 0:00,C0859,P211,E026,B10,PAY03168,D03168,5,37.37,0.03,181.24,156.72,24.52,4566,Delivered
O03169,7/14/2023 0:00,C0913,P022,E073,B05,PAY03169,D03169,1,1497.6,0.07,1392.77,1188.07,204.7,4462,Pending
O03170,4/28/2024 0:00,C0404,P240,E105,B15,PAY03170,D03170,3,1491.43,0.11,3982.12,2749.45,1232.67,4322,Pending
O03171,12/13/2024 0:00,C0241,P055,E027,B02,PAY03171,D03171,2,829.37,0.16,1393.34,1060.4,332.94,4194,Delivered
O03172,7/8/2025 0:00,C0796,P097,E121,B10,PAY03172,D03172,3,352.63,0.19,856.89,584.38,272.51,1914,Pending
O03173,6/6/2022 0:00,C0491,P112,E136,B06,PAY03173,D03173,3,900.22,0.08,2484.61,1573.34,911.27,4357,Delivered
O03174,11/25/2022 0:00,C0415,P135,E123,B04,PAY03174,D03174,5,109.69,0.15,466.18,392.87,73.31,2507,Delivered
O03175,12/17/2025 0:00,C1104,P298,E065,B09,PAY03175,D03175,5,1188.17,0.2,4752.68,3802.63,950.05,2169,Delivered
O03176,4/1/2024 0:00,C1022,P024,E001,B15,PAY03176,D03176,2,982.41,0.19,1591.5,1004.4,587.1,3334,Delivered
O03177,5/6/2023 0:00,C0895,P290,E058,B09,PAY03177,D03177,4,617.35,0.15,2098.99,1808.17,290.82,1835,Cancelled
O03178,6/17/2021 0:00,C0568,P164,E039,B15,PAY03178,D03178,5,151.57,0.07,704.8,536.71,168.09,3269,Pending
O03179,11/16/2020 0:00,C1116,P072,E046,B04,PAY03179,D03179,3,550.95,0.05,1570.21,990.07,580.14,906,Cancelled
O03180,8/5/2023 0:00,C0928,P225,E097,B04,PAY03180,D03180,1,886.83,0.01,877.96,576.27,301.69,1442,Cancelled
O03181,12/17/2024 0:00,C0973,P146,E063,B11,PAY03181,D03181,4,1187.92,0.1,4276.51,3324.82,951.69,901,Cancelled
O03182,5/4/2024 0:00,C0387,P039,E072,B13,PAY03182,D03182,5,553.32,0.02,2711.27,2238.03,473.24,1566,Cancelled
O03183,6/26/2025 0:00,C0830,P138,E073,B03,PAY03183,D03183,1,579.24,0.1,521.32,429.12,92.2,3205,Delivered
O03184,11/6/2020 0:00,C1162,P022,E149,B10,PAY03184,D03184,2,163.48,0.2,261.57,232.79,28.78,4706,Pending
O03185,5/15/2025 0:00,C0551,P179,E016,B11,PAY03185,D03185,5,170.29,0.03,825.91,545.07,280.84,2316,Pending
O03186,4/4/2021 0:00,C0406,P001,E137,B13,PAY03186,D03186,5,849.19,0.04,4076.11,3660.31,415.8,4099,Cancelled
O03187,4/21/2020 0:00,C0390,P217,E089,B15,PAY03187,D03187,4,871.96,0,3487.84,2211.18,1276.66,2161,Delivered
O03188,8/5/2023 0:00,C0086,P187,E104,B06,PAY03188,D03188,3,1087.35,0.03,3164.19,2019.29,1144.9,3745,Cancelled
O03189,4/15/2024 0:00,C0176,P253,E108,B04,PAY03189,D03189,1,515.95,0.08,474.67,404.75,69.92,1819,Cancelled
O03190,3/11/2022 0:00,C0322,P084,E031,B08,PAY03190,D03190,1,561.54,0.14,482.92,350.91,132.01,4819,Cancelled
O03191,1/12/2023 0:00,C0661,P265,E013,B03,PAY03191,D03191,5,1456.61,0.11,6481.91,4661.54,1820.37,3358,Cancelled
O03192,5/15/2021 0:00,C0472,P189,E074,B07,PAY03192,D03192,3,924.12,0.11,2467.4,1569.13,898.27,4498,Pending
O03193,4/19/2020 0:00,C1063,P275,E004,B11,PAY03193,D03193,1,883.15,0.03,856.66,667.46,189.2,1159,Cancelled
O03194,9/7/2024 0:00,C0226,P076,E092,B10,PAY03194,D03194,2,350.96,0.14,603.65,508.58,95.07,3792,Cancelled
O03195,8/2/2023 0:00,C0401,P167,E048,B03,PAY03195,D03195,2,736.74,0.01,1458.75,1172.8,285.95,4588,Pending
O03196,4/15/2022 0:00,C1185,P008,E106,B14,PAY03196,D03196,1,620.17,0.12,545.75,350.06,195.69,649,Pending
O03197,9/1/2024 0:00,C0188,P227,E120,B11,PAY03197,D03197,2,1497,0.13,2604.78,1911.38,693.4,724,Cancelled
O03198,12/29/2021 0:00,C0058,P211,E008,B08,PAY03198,D03198,5,1296.37,0.01,6417.03,4679.04,1737.99,4101,Delivered
O03199,9/22/2025 0:00,C0776,P218,E101,B15,PAY03199,D03199,5,169.85,0.13,738.85,574.45,164.4,546,Cancelled
O03200,10/20/2024 0:00,C0226,P115,E115,B09,PAY03200,D03200,1,1200.44,0.03,1164.43,872.9,291.53,4662,Pending
O03201,9/30/2023 0:00,C0670,P243,E056,B05,PAY03201,D03201,5,1227.87,0.11,5464.02,3387.16,2076.86,3774,Pending
O03202,12/4/2025 0:00,C0861,P240,E058,B07,PAY03202,D03202,1,845.57,0.18,693.37,614.51,78.86,1040,Cancelled
O03203,8/17/2021 0:00,C0763,P026,E079,B02,PAY03203,D03203,5,1342.39,0.12,5906.52,4952.79,953.73,3435,Pending
O03204,9/25/2021 0:00,C0620,P153,E098,B04,PAY03204,D03204,4,1209.9,0.05,4597.62,3290.39,1307.23,1949,Pending
O03205,6/3/2021 0:00,C1082,P034,E028,B06,PAY03205,D03205,4,1236.12,0.11,4400.59,3310.05,1090.54,576,Delivered
O03206,1/25/2023 0:00,C0290,P054,E013,B09,PAY03206,D03206,1,423.17,0.06,397.78,284.13,113.65,2469,Cancelled
O03207,2/23/2021 0:00,C0696,P295,E012,B13,PAY03207,D03207,1,1210.47,0.04,1162.05,756.26,405.79,1693,Cancelled
O03208,5/20/2022 0:00,C1064,P071,E141,B03,PAY03208,D03208,3,1141.44,0.12,3013.4,2012.61,1000.79,764,Pending
O03209,7/20/2025 0:00,C0600,P235,E001,B11,PAY03209,D03209,2,712.69,0.15,1211.57,875.01,336.56,2548,Delivered
O03210,9/19/2022 0:00,C0962,P285,E026,B09,PAY03210,D03210,3,884.21,0.02,2599.58,2236.17,363.41,3687,Delivered
O03211,9/16/2024 0:00,C0056,P098,E039,B04,PAY03211,D03211,4,326.02,0.01,1291.04,846.87,444.17,4708,Pending
O03212,3/8/2023 0:00,C0472,P086,E049,B13,PAY03212,D03212,1,814.55,0.02,798.26,573.6,224.66,1823,Cancelled
O03213,6/4/2022 0:00,C0336,P158,E070,B05,PAY03213,D03213,3,1431.62,0.2,3435.89,2352.24,1083.65,1933,Pending
O03214,7/7/2025 0:00,C0684,P063,E055,B03,PAY03214,D03214,4,378.76,0.02,1484.74,1024.26,460.48,879,Cancelled
O03215,12/23/2022 0:00,C0250,P204,E074,B03,PAY03215,D03215,1,1432.94,0,1432.94,1182.33,250.61,918,Cancelled
O03216,1/22/2022 0:00,C0665,P156,E054,B08,PAY03216,D03216,3,458.57,0.04,1320.68,1144.23,176.45,851,Delivered
O03217,8/1/2021 0:00,C0350,P163,E063,B03,PAY03217,D03217,5,512.33,0.17,2126.17,1531.97,594.2,3320,Delivered
O03218,7/24/2025 0:00,C0985,P205,E003,B02,PAY03218,D03218,5,1165.04,0.11,5184.43,3640.15,1544.28,1380,Pending
O03219,5/12/2023 0:00,C0699,P187,E046,B05,PAY03219,D03219,5,412.9,0.01,2043.86,1357.91,685.95,4170,Cancelled
O03220,2/4/2024 0:00,C0765,P048,E064,B04,PAY03220,D03220,4,232.54,0.06,874.35,597.7,276.65,2857,Pending
O03221,4/18/2021 0:00,C0482,P125,E141,B02,PAY03221,D03221,4,1365.01,0.06,5132.44,4225.5,906.94,2127,Pending
O03222,4/2/2024 0:00,C0685,P146,E019,B07,PAY03222,D03222,1,471.25,0.07,438.26,352.91,85.35,3372,Pending
O03223,12/2/2020 0:00,C0417,P222,E025,B13,PAY03223,D03223,5,823.84,0.06,3872.05,3466.37,405.68,1090,Cancelled
O03224,8/1/2025 0:00,C0645,P146,E074,B13,PAY03224,D03224,3,387.73,0.17,965.45,867.49,97.96,2097,Cancelled
O03225,10/12/2020 0:00,C0852,P257,E134,B11,PAY03225,D03225,2,942.76,0.19,1527.27,1075.6,451.67,746,Delivered
O03226,1/28/2023 0:00,C0767,P118,E044,B14,PAY03226,D03226,5,47.25,0,236.25,175.78,60.47,959,Cancelled
O03227,4/21/2020 0:00,C1018,P276,E113,B01,PAY03227,D03227,4,403.34,0.15,1371.36,834.51,536.85,1820,Cancelled
O03228,1/12/2021 0:00,C0833,P209,E119,B10,PAY03228,D03228,3,341.31,0.15,870.34,715.66,154.68,3026,Delivered
O03229,3/3/2025 0:00,C1082,P170,E084,B01,PAY03229,D03229,4,325.85,0.13,1133.96,908.19,225.77,4000,Pending
O03230,10/1/2023 0:00,C1172,P267,E132,B12,PAY03230,D03230,3,1103.45,0,3310.35,2898.87,411.48,3037,Delivered
O03231,11/20/2025 0:00,C0612,P293,E093,B07,PAY03231,D03231,1,325.44,0.17,270.12,218.37,51.75,1837,Delivered
O03232,9/27/2025 0:00,C0191,P213,E037,B12,PAY03232,D03232,1,163.19,0.01,161.56,130.62,30.94,3340,Cancelled
O03233,4/26/2024 0:00,C0897,P118,E014,B08,PAY03233,D03233,4,1361.37,0.07,5064.3,3937.88,1126.42,1418,Pending
O03234,7/8/2023 0:00,C0361,P300,E101,B03,PAY03234,D03234,3,273.83,0.05,780.42,524.11,256.31,1856,Cancelled
O03235,12/12/2020 0:00,C0928,P175,E138,B04,PAY03235,D03235,4,879.22,0.05,3341.04,2628.37,712.67,528,Delivered
O03236,6/11/2024 0:00,C0435,P272,E141,B15,PAY03236,D03236,1,565.38,0.1,508.84,337.27,171.57,3984,Cancelled
O03237,7/13/2025 0:00,C0106,P049,E054,B02,PAY03237,D03237,2,1037.88,0.16,1743.64,1449.98,293.66,826,Cancelled
O03238,7/15/2025 0:00,C0272,P044,E126,B14,PAY03238,D03238,2,479.98,0.18,787.17,658.29,128.88,1069,Delivered
O03239,4/26/2020 0:00,C0218,P061,E036,B04,PAY03239,D03239,2,822.3,0.18,1348.57,869.04,479.53,2760,Cancelled
O03240,11/16/2022 0:00,C0091,P227,E087,B07,PAY03240,D03240,4,1126.41,0.12,3964.96,2723.28,1241.68,2621,Cancelled
O03241,10/24/2025 0:00,C0998,P080,E031,B08,PAY03241,D03241,1,106.44,0.17,88.35,62.46,25.89,2016,Pending
O03242,1/19/2023 0:00,C0365,P266,E110,B15,PAY03242,D03242,2,1042.38,0.03,2022.22,1525.81,496.41,2395,Cancelled
O03243,11/28/2024 0:00,C0346,P254,E063,B14,PAY03243,D03243,5,1321.46,0.01,6541.23,4252.96,2288.27,1914,Delivered
O03244,6/8/2021 0:00,C0162,P173,E062,B04,PAY03244,D03244,2,475.3,0.13,827.02,609.63,217.39,4267,Cancelled
O03245,3/16/2024 0:00,C0838,P299,E109,B02,PAY03245,D03245,1,1254.93,0.12,1104.34,975.23,129.11,5000,Pending
O03246,7/31/2022 0:00,C1200,P203,E086,B12,PAY03246,D03246,2,864.59,0.11,1538.97,1000.06,538.91,4682,Cancelled
O03247,7/11/2020 0:00,C1058,P190,E013,B05,PAY03247,D03247,4,964.34,0,3857.36,3341.68,515.68,1548,Cancelled
O03248,10/28/2025 0:00,C0570,P038,E063,B08,PAY03248,D03248,3,633.47,0.09,1729.37,1101.18,628.19,607,Delivered
O03249,12/18/2020 0:00,C0233,P194,E077,B02,PAY03249,D03249,4,1186.12,0.05,4507.26,3366.58,1140.68,509,Delivered
O03250,6/20/2020 0:00,C0142,P048,E140,B04,PAY03250,D03250,5,1285.6,0.07,5978.04,4132.23,1845.81,3332,Pending
O03251,3/7/2024 0:00,C0868,P272,E120,B02,PAY03251,D03251,3,1059.3,0.17,2637.66,1847.91,789.75,3385,Delivered
O03252,1/18/2020 0:00,C0390,P156,E024,B12,PAY03252,D03252,5,1039.46,0.07,4833.49,3703.85,1129.64,1350,Cancelled
O03253,9/13/2021 0:00,C0527,P282,E002,B02,PAY03253,D03253,3,100.21,0.14,258.54,190.23,68.31,675,Pending
O03254,11/3/2020 0:00,C0619,P213,E104,B07,PAY03254,D03254,3,332.77,0.2,798.65,593.63,205.02,604,Pending
O03255,12/27/2020 0:00,C1124,P085,E088,B13,PAY03255,D03255,4,608.11,0.12,2140.55,1340.63,799.92,757,Pending
O03256,5/29/2024 0:00,C0040,P177,E046,B05,PAY03256,D03256,4,129.52,0.04,497.36,414.28,83.08,4024,Cancelled
O03257,10/20/2024 0:00,C1121,P182,E034,B13,PAY03257,D03257,1,388.11,0.13,337.66,259.49,78.17,3107,Pending
O03258,1/20/2024 0:00,C0667,P232,E053,B03,PAY03258,D03258,2,1155.15,0.07,2148.58,1914.29,234.29,930,Delivered
O03259,4/24/2021 0:00,C0378,P155,E140,B15,PAY03259,D03259,3,389.55,0.19,946.61,785.12,161.49,1222,Pending
O03260,2/4/2025 0:00,C0945,P110,E065,B11,PAY03260,D03260,3,788.87,0.16,1987.95,1280.21,707.74,1172,Delivered
O03261,6/8/2021 0:00,C0399,P114,E128,B02,PAY03261,D03261,4,447.19,0.05,1699.32,1453.95,245.37,2705,Cancelled
O03262,8/23/2021 0:00,C0173,P222,E027,B13,PAY03262,D03262,2,40.9,0.07,76.07,54.3,21.77,1584,Pending
O03263,9/12/2020 0:00,C0918,P234,E107,B02,PAY03263,D03263,4,559,0.15,1900.6,1302.93,597.67,4059,Pending
O03264,4/19/2025 0:00,C1154,P147,E045,B04,PAY03264,D03264,5,417.8,0.17,1733.87,1166.61,567.26,3837,Cancelled
O03265,5/2/2021 0:00,C0622,P090,E009,B07,PAY03265,D03265,2,998.51,0.06,1877.2,1290.66,586.54,1876,Cancelled
O03266,7/4/2024 0:00,C0876,P068,E128,B03,PAY03266,D03266,5,27.68,0.01,137.02,100.76,36.26,1704,Delivered
O03267,8/19/2023 0:00,C0261,P255,E062,B05,PAY03267,D03267,3,1257.23,0.03,3658.54,3053.2,605.34,529,Delivered
O03268,3/16/2023 0:00,C0166,P051,E117,B01,PAY03268,D03268,1,1030.86,0.09,938.08,589.43,348.65,2629,Delivered
O03269,12/4/2021 0:00,C0854,P099,E118,B11,PAY03269,D03269,2,899.11,0.03,1744.27,1545.34,198.93,4777,Pending
O03270,3/6/2020 0:00,C0589,P118,E006,B01,PAY03270,D03270,5,1214.76,0.15,5162.73,4053.24,1109.49,2815,Delivered
O03271,12/12/2025 0:00,C0040,P142,E094,B13,PAY03271,D03271,3,899.1,0.15,2292.7,1493.87,798.83,3019,Delivered
O03272,10/27/2024 0:00,C0040,P138,E147,B04,PAY03272,D03272,1,1076.9,0.14,926.13,749.27,176.86,778,Cancelled
O03273,8/21/2022 0:00,C0136,P092,E079,B07,PAY03273,D03273,2,39.02,0.06,73.36,57.02,16.34,4024,Delivered
O03274,11/6/2023 0:00,C0829,P055,E025,B10,PAY03274,D03274,3,675.06,0.09,1842.91,1573.77,269.14,4800,Cancelled
O03275,1/21/2023 0:00,C0498,P280,E013,B12,PAY03275,D03275,1,89.17,0.05,84.71,68.84,15.87,4367,Delivered
O03276,7/7/2024 0:00,C0510,P145,E104,B01,PAY03276,D03276,1,1252.31,0.15,1064.46,725.49,338.97,3001,Cancelled
O03277,6/30/2025 0:00,C0443,P242,E136,B02,PAY03277,D03277,4,71.69,0.1,258.08,172.33,85.75,4440,Delivered
O03278,8/20/2024 0:00,C0190,P002,E013,B07,PAY03278,D03278,4,580.79,0.17,1928.22,1673.38,254.84,2952,Delivered
O03279,12/30/2022 0:00,C0003,P111,E129,B10,PAY03279,D03279,2,585.36,0.19,948.28,849.47,98.81,2339,Delivered
O03280,1/12/2023 0:00,C0853,P154,E055,B05,PAY03280,D03280,2,1339.27,0.03,2598.18,2233.76,364.42,4436,Delivered
O03281,9/5/2024 0:00,C0803,P243,E075,B08,PAY03281,D03281,2,1179.58,0.05,2241.2,1595.39,645.81,1826,Cancelled
O03282,8/31/2022 0:00,C1011,P278,E145,B09,PAY03282,D03282,5,949.68,0.14,4083.62,3400.87,682.75,3171,Delivered
O03283,8/24/2021 0:00,C0591,P181,E050,B12,PAY03283,D03283,2,319.03,0.06,599.78,533.21,66.57,2428,Delivered
O03284,2/23/2024 0:00,C0017,P027,E096,B08,PAY03284,D03284,2,127.89,0,255.78,209.87,45.91,1654,Delivered
O03285,6/11/2022 0:00,C0490,P124,E106,B02,PAY03285,D03285,3,309.58,0.13,808,562.01,245.99,1158,Pending
O03286,12/7/2022 0:00,C0814,P118,E096,B04,PAY03286,D03286,2,907.24,0.07,1687.47,1312.79,374.68,977,Pending
O03287,12/5/2025 0:00,C0346,P153,E097,B10,PAY03287,D03287,4,961.94,0.15,3270.6,2677.3,593.3,2533,Pending
O03288,1/12/2020 0:00,C0031,P192,E003,B14,PAY03288,D03288,5,646.65,0.15,2748.26,2184.19,564.07,1070,Delivered
O03289,10/11/2020 0:00,C0418,P276,E007,B10,PAY03289,D03289,2,1479.19,0.15,2514.62,2045.67,468.95,1683,Pending
O03290,11/22/2022 0:00,C0221,P226,E125,B15,PAY03290,D03290,1,1387.52,0.12,1221.02,834.11,386.91,3529,Cancelled
O03291,6/18/2020 0:00,C0712,P026,E124,B04,PAY03291,D03291,3,1186.11,0.01,3522.75,2592.03,930.72,4401,Pending
O03292,3/7/2025 0:00,C0219,P287,E059,B06,PAY03292,D03292,3,1465.55,0.15,3737.15,2597.61,1139.54,4328,Pending
O03293,7/21/2022 0:00,C0096,P283,E139,B08,PAY03293,D03293,3,692.2,0.12,1827.41,1489.01,338.4,4513,Pending
O03294,12/9/2023 0:00,C1125,P036,E047,B14,PAY03294,D03294,4,947.45,0.1,3410.82,2796.89,613.93,4879,Delivered
O03295,12/6/2021 0:00,C0726,P066,E014,B10,PAY03295,D03295,2,1328.15,0.01,2629.74,1931.48,698.26,1019,Cancelled
O03296,1/24/2023 0:00,C0164,P011,E061,B08,PAY03296,D03296,3,1200.43,0.13,3133.12,2281.16,851.96,3383,Cancelled
O03297,9/6/2023 0:00,C0525,P190,E034,B01,PAY03297,D03297,5,1378.98,0.17,5722.77,5052.66,670.11,1727,Delivered
O03298,5/27/2023 0:00,C0950,P234,E054,B08,PAY03298,D03298,2,525.46,0.19,851.25,687.55,163.7,3632,Delivered
O03299,2/6/2020 0:00,C1184,P162,E092,B02,PAY03299,D03299,1,1349.58,0.15,1147.14,924.65,222.49,1799,Pending
O03300,11/9/2022 0:00,C0689,P113,E059,B11,PAY03300,D03300,3,514.5,0.09,1404.59,1215.85,188.74,2745,Pending
O03301,2/12/2025 0:00,C0925,P238,E076,B12,PAY03301,D03301,5,1446.09,0.09,6579.71,5002.65,1577.06,4054,Delivered
O03302,5/12/2020 0:00,C0859,P275,E052,B05,PAY03302,D03302,5,845.6,0.18,3466.96,3059.28,407.68,2075,Cancelled
O03303,6/16/2023 0:00,C0874,P217,E049,B06,PAY03303,D03303,4,1136.6,0.06,4273.62,3240.26,1033.36,4371,Pending
O03304,10/3/2020 0:00,C0159,P234,E114,B10,PAY03304,D03304,4,328.78,0.19,1065.25,772.16,293.09,4017,Cancelled
O03305,8/17/2021 0:00,C0244,P142,E077,B14,PAY03305,D03305,3,255.18,0.05,727.26,492.24,235.02,2765,Cancelled
O03306,1/13/2023 0:00,C1084,P080,E014,B06,PAY03306,D03306,2,833.15,0.14,1433.02,1165.23,267.79,3115,Cancelled
O03307,6/1/2020 0:00,C0896,P269,E069,B15,PAY03307,D03307,3,448.2,0.03,1304.26,875.12,429.14,2139,Delivered
O03308,9/26/2020 0:00,C1149,P197,E045,B09,PAY03308,D03308,2,351.96,0.19,570.18,500.84,69.34,3410,Pending
O03309,1/27/2024 0:00,C0461,P010,E146,B04,PAY03309,D03309,1,70.31,0.08,64.69,42.04,22.65,4461,Pending
O03310,10/13/2021 0:00,C0845,P163,E025,B03,PAY03310,D03310,3,1164.64,0.19,2830.08,2486.4,343.68,3069,Cancelled
O03311,8/7/2023 0:00,C0026,P290,E107,B07,PAY03311,D03311,4,599.89,0.12,2111.61,1578.68,532.93,1040,Cancelled
O03312,8/3/2024 0:00,C0851,P163,E013,B04,PAY03312,D03312,1,267.44,0.03,259.42,220.05,39.37,975,Cancelled
O03313,8/13/2023 0:00,C0762,P234,E116,B07,PAY03313,D03313,5,1179.75,0.01,5839.76,4975.84,863.92,1219,Cancelled
O03314,4/18/2021 0:00,C0455,P105,E087,B12,PAY03314,D03314,4,744.9,0.18,2443.27,1732.16,711.11,3250,Cancelled
O03315,1/2/2021 0:00,C1197,P026,E084,B10,PAY03315,D03315,4,1263.53,0.04,4851.96,3211.17,1640.79,3710,Pending
O03316,5/6/2020 0:00,C0288,P137,E082,B08,PAY03316,D03316,4,49.18,0.12,173.11,145.33,27.78,4494,Cancelled
O03317,4/30/2024 0:00,C0425,P289,E125,B02,PAY03317,D03317,5,211.07,0.03,1023.69,807.56,216.13,2186,Cancelled
O03318,6/30/2024 0:00,C0445,P006,E022,B06,PAY03318,D03318,1,527.72,0.1,474.95,329.34,145.61,1279,Cancelled
O03319,3/20/2021 0:00,C0252,P209,E087,B13,PAY03319,D03319,3,352.68,0.12,931.08,635.04,296.04,1411,Pending
O03320,12/28/2024 0:00,C0848,P269,E029,B13,PAY03320,D03320,1,1250.48,0.12,1100.42,775.67,324.75,1631,Cancelled
O03321,11/6/2025 0:00,C0033,P162,E067,B13,PAY03321,D03321,5,513.96,0.12,2261.42,1776.61,484.81,3022,Delivered
O03322,4/18/2020 0:00,C1003,P217,E106,B13,PAY03322,D03322,5,264.39,0.1,1189.75,972.39,217.36,1826,Cancelled
O03323,2/6/2022 0:00,C0275,P263,E088,B10,PAY03323,D03323,3,1378.17,0.02,4051.82,2439.49,1612.33,4981,Cancelled
O03324,9/16/2023 0:00,C0822,P047,E123,B13,PAY03324,D03324,2,1055.93,0.08,1942.91,1241.19,701.72,880,Cancelled
O03325,8/30/2023 0:00,C0899,P141,E131,B01,PAY03325,D03325,1,1233.45,0.12,1085.44,876.96,208.48,3623,Pending
O03326,5/22/2022 0:00,C0782,P026,E108,B14,PAY03326,D03326,4,203.09,0.03,787.99,474.47,313.52,4003,Cancelled
O03327,11/6/2022 0:00,C0835,P259,E061,B14,PAY03327,D03327,5,1114.88,0.13,4849.73,3709.67,1140.06,1026,Pending
O03328,7/24/2022 0:00,C0120,P147,E022,B04,PAY03328,D03328,4,643.34,0.08,2367.49,2033.86,333.63,690,Delivered
O03329,9/5/2021 0:00,C0183,P263,E068,B01,PAY03329,D03329,1,710.01,0.09,646.11,511.94,134.17,1007,Pending
O03330,3/30/2021 0:00,C0634,P081,E137,B07,PAY03330,D03330,3,204.79,0.05,583.65,499.86,83.79,1270,Cancelled
O03331,10/11/2020 0:00,C0939,P009,E033,B12,PAY03331,D03331,4,1368.38,0.04,5254.58,3312.95,1941.63,3594,Delivered
O03332,5/22/2025 0:00,C0715,P030,E113,B13,PAY03332,D03332,2,411.04,0.04,789.2,627.25,161.95,4457,Delivered
O03333,5/12/2022 0:00,C0955,P170,E111,B06,PAY03333,D03333,5,615.07,0.18,2521.79,1672.54,849.25,771,Cancelled
O03334,11/16/2024 0:00,C0046,P300,E068,B08,PAY03334,D03334,5,69.09,0.13,300.54,200.77,99.77,4128,Cancelled
O03335,3/22/2022 0:00,C0508,P182,E024,B12,PAY03335,D03335,3,420.49,0.17,1047.02,661.31,385.71,1118,Pending
O03336,2/26/2025 0:00,C1164,P255,E125,B14,PAY03336,D03336,5,1422.64,0.15,6046.22,3707.35,2338.87,4514,Cancelled
O03337,6/8/2024 0:00,C0470,P208,E133,B12,PAY03337,D03337,3,1443.28,0.12,3810.26,2650.68,1159.58,1776,Cancelled
O03338,2/20/2022 0:00,C0806,P047,E053,B03,PAY03338,D03338,5,649.68,0.05,3085.98,2524.57,561.41,2542,Delivered
O03339,10/24/2025 0:00,C1176,P246,E065,B06,PAY03339,D03339,3,1112.17,0.15,2836.03,1793.9,1042.13,2039,Cancelled
O03340,9/27/2021 0:00,C0865,P070,E125,B03,PAY03340,D03340,2,1433.34,0.13,2494.01,2020.05,473.96,3779,Delivered
O03341,5/26/2023 0:00,C0242,P228,E017,B01,PAY03341,D03341,5,487.84,0.1,2195.28,1526.52,668.76,3670,Cancelled
O03342,10/12/2022 0:00,C0191,P054,E103,B08,PAY03342,D03342,3,1340.18,0.14,3457.66,2180.35,1277.31,2431,Delivered
O03343,4/13/2023 0:00,C0353,P016,E069,B12,PAY03343,D03343,2,1232.44,0.17,2045.85,1570.19,475.66,2492,Cancelled
O03344,3/16/2025 0:00,C1034,P078,E050,B02,PAY03344,D03344,5,1456.44,0.14,6262.69,4527.74,1734.95,4885,Pending
O03345,1/20/2023 0:00,C0040,P009,E057,B12,PAY03345,D03345,2,1351.37,0.16,2270.3,1527.14,743.16,2535,Delivered
O03346,2/20/2025 0:00,C0249,P172,E086,B05,PAY03346,D03346,3,1206.19,0.17,3003.41,2101.87,901.54,2011,Pending
O03347,12/15/2024 0:00,C0803,P112,E104,B06,PAY03347,D03347,4,1223.22,0.06,4599.31,3475.37,1123.94,4659,Cancelled
O03348,5/21/2022 0:00,C0759,P181,E022,B03,PAY03348,D03348,4,116.09,0.15,394.71,268.11,126.6,1279,Pending
O03349,5/8/2024 0:00,C1135,P212,E064,B04,PAY03349,D03349,1,1260.61,0.19,1021.09,837.98,183.11,3477,Pending
O03350,11/10/2022 0:00,C0977,P178,E075,B01,PAY03350,D03350,2,478.82,0.09,871.45,633.86,237.59,1476,Cancelled
O03351,4/19/2021 0:00,C1106,P101,E109,B04,PAY03351,D03351,1,1356.3,0.18,1112.17,987.48,124.69,3779,Cancelled
O03352,2/8/2020 0:00,C0388,P056,E090,B01,PAY03352,D03352,3,1173.01,0.17,2920.79,2496.35,424.44,2087,Cancelled
O03353,1/21/2025 0:00,C0660,P273,E149,B13,PAY03353,D03353,2,767.15,0.1,1380.87,1069.78,311.09,1842,Cancelled
O03354,2/18/2025 0:00,C0920,P288,E124,B15,PAY03354,D03354,5,1373.55,0.19,5562.88,4408.89,1153.99,1971,Cancelled
O03355,11/27/2022 0:00,C0720,P034,E058,B02,PAY03355,D03355,2,408.29,0.02,800.25,652.33,147.92,4253,Pending
O03356,6/2/2022 0:00,C1127,P085,E075,B05,PAY03356,D03356,2,1118.19,0.15,1900.92,1212.11,688.81,2285,Delivered
O03357,8/14/2020 0:00,C0066,P191,E120,B03,PAY03357,D03357,4,901.39,0.11,3208.95,2262.13,946.82,1071,Delivered
O03358,12/1/2022 0:00,C0676,P272,E038,B14,PAY03358,D03358,3,145.31,0.02,427.21,273.77,153.44,2610,Pending
O03359,12/22/2020 0:00,C1101,P218,E123,B06,PAY03359,D03359,2,277.9,0.06,522.45,395.48,126.97,3358,Pending
O03360,12/23/2020 0:00,C0003,P090,E013,B07,PAY03360,D03360,4,835.81,0.11,2975.48,2512.91,462.57,2658,Cancelled
O03361,2/7/2023 0:00,C0252,P119,E126,B14,PAY03361,D03361,5,1232.77,0.1,5547.47,4712.02,835.45,1653,Cancelled
O03362,8/18/2023 0:00,C0297,P004,E046,B01,PAY03362,D03362,2,688.48,0.18,1129.11,877.75,251.36,4557,Pending
O03363,1/13/2021 0:00,C0481,P199,E058,B01,PAY03363,D03363,1,636.63,0.04,611.16,538.71,72.45,1582,Delivered
O03364,3/22/2024 0:00,C0644,P177,E148,B03,PAY03364,D03364,1,51.32,0.17,42.6,33.11,9.49,2279,Pending
O03365,7/25/2025 0:00,C0769,P107,E093,B15,PAY03365,D03365,4,183.08,0.09,666.41,529.83,136.58,3470,Cancelled
O03366,3/17/2024 0:00,C0521,P017,E074,B14,PAY03366,D03366,1,397.67,0.07,369.83,309.35,60.48,3156,Delivered
O03367,10/5/2021 0:00,C0520,P169,E143,B13,PAY03367,D03367,3,878.46,0.17,2187.37,1864.96,322.41,2069,Pending
O03368,4/21/2025 0:00,C0604,P265,E031,B02,PAY03368,D03368,3,503.3,0.1,1358.91,1182.19,176.72,1214,Cancelled
O03369,1/18/2022 0:00,C0692,P273,E035,B10,PAY03369,D03369,5,533.59,0.11,2374.48,2075.05,299.43,4721,Pending
O03370,7/23/2020 0:00,C0310,P229,E015,B05,PAY03370,D03370,3,140.26,0.05,399.74,314.17,85.57,3129,Cancelled
O03371,8/10/2024 0:00,C0203,P071,E002,B13,PAY03371,D03371,5,1406.64,0.02,6892.54,5483.61,1408.93,4235,Delivered
O03372,10/28/2025 0:00,C0150,P125,E055,B07,PAY03372,D03372,3,1198.69,0.02,3524.15,2727.31,796.84,772,Delivered
O03373,11/27/2021 0:00,C0421,P151,E143,B10,PAY03373,D03373,3,1463.29,0.17,3643.59,2591.98,1051.61,1097,Delivered
O03374,8/1/2021 0:00,C0948,P044,E072,B03,PAY03374,D03374,2,1237.99,0.13,2154.1,1630.36,523.74,2676,Cancelled
O03375,2/21/2023 0:00,C0256,P069,E040,B12,PAY03375,D03375,2,99.03,0.09,180.23,153.68,26.55,789,Cancelled
O03376,3/8/2021 0:00,C1172,P252,E110,B14,PAY03376,D03376,5,1166.38,0.18,4782.16,3751.1,1031.06,4653,Delivered
O03377,1/28/2020 0:00,C0400,P220,E001,B11,PAY03377,D03377,3,533.05,0.15,1359.28,992.52,366.76,3354,Delivered
O03378,12/29/2020 0:00,C0024,P259,E002,B07,PAY03378,D03378,3,782.2,0.11,2088.47,1851.9,236.57,3571,Cancelled
O03379,10/16/2022 0:00,C0019,P149,E147,B05,PAY03379,D03379,1,471.91,0.08,434.16,374.79,59.37,4010,Pending
O03380,10/28/2021 0:00,C1158,P021,E055,B10,PAY03380,D03380,1,851.01,0.12,748.89,655.56,93.33,4345,Delivered
O03381,1/1/2022 0:00,C1131,P220,E043,B05,PAY03381,D03381,4,307.27,0.01,1216.79,1086.74,130.05,4973,Cancelled
O03382,7/9/2025 0:00,C0937,P207,E144,B11,PAY03382,D03382,1,401.18,0.01,397.17,294.93,102.24,2562,Cancelled
O03383,8/15/2023 0:00,C0571,P222,E121,B07,PAY03383,D03383,1,1232.24,0.04,1182.95,779.38,403.57,4750,Delivered
O03384,9/13/2025 0:00,C0968,P021,E114,B10,PAY03384,D03384,2,977.14,0.03,1895.65,1463.38,432.27,1120,Delivered
O03385,10/27/2024 0:00,C1055,P229,E009,B10,PAY03385,D03385,5,1454.44,0.07,6763.15,5982.43,780.72,4410,Pending
O03386,4/20/2020 0:00,C0914,P228,E045,B14,PAY03386,D03386,4,929.99,0.14,3199.17,2876.21,322.96,2054,Pending
O03387,5/18/2023 0:00,C0635,P082,E085,B13,PAY03387,D03387,1,879.74,0.1,791.77,481.91,309.86,3197,Delivered
O03388,12/10/2023 0:00,C0153,P162,E077,B05,PAY03388,D03388,2,173.28,0.14,298.04,200.13,97.91,4551,Cancelled
O03389,8/14/2021 0:00,C0351,P082,E139,B03,PAY03389,D03389,1,205.26,0.06,192.94,157.67,35.27,925,Delivered
O03390,12/10/2023 0:00,C0733,P050,E028,B11,PAY03390,D03390,4,135.14,0.17,448.66,309.62,139.04,2572,Pending
O03391,7/1/2020 0:00,C0026,P231,E081,B01,PAY03391,D03391,1,502.02,0.07,466.88,417.94,48.94,4404,Pending
O03392,9/29/2025 0:00,C0767,P029,E141,B05,PAY03392,D03392,2,861.8,0.07,1602.95,1093.08,509.87,4724,Delivered
O03393,12/17/2025 0:00,C0420,P107,E031,B04,PAY03393,D03393,5,235.89,0.14,1014.33,669.35,344.98,1228,Delivered
O03394,11/24/2022 0:00,C0126,P081,E124,B15,PAY03394,D03394,5,66.11,0.11,294.19,261.03,33.16,3114,Pending
O03395,3/30/2021 0:00,C0887,P127,E073,B07,PAY03395,D03395,2,340.64,0.04,654.03,430.09,223.94,2638,Pending
O03396,11/11/2022 0:00,C0216,P226,E040,B14,PAY03396,D03396,4,471.67,0.02,1848.95,1380.84,468.11,3749,Pending
O03397,10/13/2020 0:00,C0878,P024,E138,B15,PAY03397,D03397,5,323.08,0.11,1437.71,1149.42,288.29,2454,Delivered
O03398,6/7/2022 0:00,C0212,P172,E044,B02,PAY03398,D03398,1,1004.83,0.09,914.4,815.08,99.32,776,Pending
O03399,4/14/2024 0:00,C0690,P020,E075,B14,PAY03399,D03399,5,359.83,0.18,1475.3,1262.7,212.6,1478,Cancelled
O03400,4/22/2023 0:00,C0639,P013,E046,B07,PAY03400,D03400,4,300.64,0.14,1034.2,650.1,384.1,2707,Pending
O03401,1/10/2025 0:00,C1122,P185,E024,B14,PAY03401,D03401,1,849.4,0.08,781.45,472.43,309.02,2402,Pending
O03402,11/28/2024 0:00,C1078,P176,E123,B05,PAY03402,D03402,4,1416.61,0.13,4929.8,3119.63,1810.17,4358,Pending
O03403,2/17/2020 0:00,C0182,P174,E002,B01,PAY03403,D03403,5,918.51,0.18,3765.89,2848.98,916.91,3677,Pending
O03404,12/1/2024 0:00,C0808,P105,E097,B11,PAY03404,D03404,5,1037.53,0.18,4253.87,3355.12,898.75,2337,Cancelled
O03405,2/7/2022 0:00,C0708,P196,E090,B12,PAY03405,D03405,5,128.84,0.15,547.57,346.85,200.72,639,Cancelled
O03406,11/14/2020 0:00,C0660,P183,E026,B06,PAY03406,D03406,4,1458.67,0.05,5542.95,4401.21,1141.74,4927,Cancelled
O03407,10/30/2021 0:00,C1001,P165,E109,B12,PAY03407,D03407,2,1297.91,0.03,2517.95,1661.13,856.82,500,Pending
O03408,9/10/2020 0:00,C0260,P193,E067,B14,PAY03408,D03408,5,430.66,0.06,2024.1,1214.96,809.14,752,Delivered
O03409,5/20/2020 0:00,C0078,P059,E132,B03,PAY03409,D03409,2,1493.21,0.02,2926.69,2581.71,344.98,2369,Pending
O03410,8/3/2025 0:00,C0265,P158,E101,B01,PAY03410,D03410,4,566.39,0.01,2242.9,1944.47,298.43,3235,Pending
O03411,7/28/2020 0:00,C0235,P268,E061,B14,PAY03411,D03411,4,928.53,0.02,3639.84,2603.33,1036.51,702,Pending
O03412,7/11/2020 0:00,C0152,P212,E136,B10,PAY03412,D03412,4,1406.59,0.15,4782.41,4288.42,493.99,3571,Delivered
O03413,2/4/2020 0:00,C0347,P286,E071,B14,PAY03413,D03413,4,1225.94,0.15,4168.2,3484.89,683.31,2343,Delivered
O03414,4/9/2025 0:00,C0497,P227,E011,B08,PAY03414,D03414,5,450.76,0.14,1938.27,1251.28,686.99,2406,Cancelled
O03415,8/17/2024 0:00,C0921,P135,E054,B06,PAY03415,D03415,3,1185.11,0.04,3413.12,2862.88,550.24,3482,Pending
O03416,6/13/2025 0:00,C0400,P120,E077,B08,PAY03416,D03416,3,1434.38,0.07,4001.92,3268.52,733.4,1882,Cancelled
O03417,7/18/2023 0:00,C0359,P101,E137,B14,PAY03417,D03417,1,788.74,0.01,780.85,606.71,174.14,1525,Cancelled
O03418,1/4/2024 0:00,C0531,P058,E017,B11,PAY03418,D03418,4,547.58,0.1,1971.29,1708.65,262.64,3564,Cancelled
O03419,11/6/2022 0:00,C0035,P199,E010,B10,PAY03419,D03419,1,246.81,0.15,209.79,136.43,73.36,1976,Pending
O03420,12/31/2021 0:00,C0234,P250,E047,B14,PAY03420,D03420,2,889.94,0.1,1601.89,1162.01,439.88,1433,Cancelled
O03421,7/30/2021 0:00,C0160,P033,E061,B15,PAY03421,D03421,5,888.41,0.12,3909,2483.25,1425.75,559,Pending
O03422,9/7/2025 0:00,C1052,P104,E129,B13,PAY03422,D03422,5,670.75,0.18,2750.08,2392.98,357.1,681,Cancelled
O03423,1/26/2020 0:00,C1169,P280,E017,B10,PAY03423,D03423,3,408.34,0.09,1114.77,923.47,191.3,3045,Cancelled
O03424,8/13/2025 0:00,C0253,P115,E059,B12,PAY03424,D03424,5,310.32,0.02,1520.57,925.52,595.05,1989,Delivered
O03425,9/1/2024 0:00,C0266,P093,E141,B07,PAY03425,D03425,2,204.24,0.13,355.38,300.86,54.52,798,Cancelled
O03426,8/7/2025 0:00,C0607,P111,E091,B10,PAY03426,D03426,4,673.31,0.1,2423.92,1732.3,691.62,4536,Delivered
O03427,5/22/2021 0:00,C0413,P291,E016,B10,PAY03427,D03427,3,380.81,0.06,1073.88,945.57,128.31,3594,Delivered
O03428,8/9/2024 0:00,C0186,P198,E081,B03,PAY03428,D03428,1,67.11,0.17,55.7,41.59,14.11,3501,Delivered
O03429,8/1/2020 0:00,C0461,P241,E057,B01,PAY03429,D03429,5,599.48,0.09,2727.63,2380.53,347.1,3951,Pending
O03430,11/22/2024 0:00,C1111,P275,E145,B04,PAY03430,D03430,4,80.79,0.2,258.53,227.7,30.83,599,Delivered
O03431,11/1/2024 0:00,C0021,P292,E034,B14,PAY03431,D03431,2,748.99,0.12,1318.22,975.63,342.59,2783,Cancelled
O03432,12/20/2020 0:00,C1169,P027,E137,B10,PAY03432,D03432,1,824.88,0.14,709.4,492.15,217.25,2423,Pending
O03433,7/8/2025 0:00,C0407,P009,E066,B06,PAY03433,D03433,3,626.12,0.08,1728.09,1316.61,411.48,610,Cancelled
O03434,4/26/2020 0:00,C0787,P133,E110,B13,PAY03434,D03434,2,283.83,0.19,459.8,294.61,165.19,756,Pending
O03435,9/11/2024 0:00,C0588,P026,E063,B05,PAY03435,D03435,2,804.74,0.12,1416.34,1229.71,186.63,624,Pending
O03436,3/11/2020 0:00,C0024,P200,E143,B03,PAY03436,D03436,3,680.09,0.14,1754.63,1486.91,267.72,2832,Pending
O03437,8/13/2020 0:00,C0701,P091,E080,B02,PAY03437,D03437,4,101.64,0.2,325.25,243.92,81.33,1800,Cancelled
O03438,4/17/2025 0:00,C0281,P177,E126,B02,PAY03438,D03438,1,1482.11,0.04,1422.83,936.95,485.88,4151,Cancelled
O03439,7/11/2020 0:00,C0931,P238,E075,B08,PAY03439,D03439,4,1014.95,0.18,3329.04,2090.16,1238.88,2283,Cancelled
O03440,2/19/2020 0:00,C0060,P235,E118,B14,PAY03440,D03440,5,1064.46,0.09,4843.29,4193.54,649.75,839,Pending
O03441,4/25/2023 0:00,C0370,P205,E063,B13,PAY03441,D03441,5,388.6,0.18,1593.26,1279.02,314.24,4535,Pending
O03442,4/23/2020 0:00,C0856,P167,E076,B15,PAY03442,D03442,1,1048.24,0.18,859.56,762.26,97.3,2498,Delivered
O03443,1/23/2024 0:00,C0857,P152,E030,B02,PAY03443,D03443,4,1016.68,0.01,4026.05,3389.26,636.79,4174,Pending
O03444,7/2/2022 0:00,C0859,P220,E124,B11,PAY03444,D03444,3,668.39,0.14,1724.45,1299.59,424.86,1863,Delivered
O03445,10/2/2022 0:00,C1036,P235,E024,B14,PAY03445,D03445,3,163.55,0.07,456.3,283.88,172.42,694,Pending
O03446,9/1/2024 0:00,C0534,P118,E111,B03,PAY03446,D03446,1,711.51,0.02,697.28,478.33,218.95,2844,Pending
O03447,5/7/2023 0:00,C0222,P172,E066,B04,PAY03447,D03447,3,148.52,0.14,383.18,312.96,70.22,2569,Delivered
O03448,11/29/2025 0:00,C0010,P159,E055,B12,PAY03448,D03448,2,296.39,0.11,527.57,366.02,161.55,4105,Cancelled
O03449,3/2/2024 0:00,C0547,P233,E132,B11,PAY03449,D03449,1,1445.67,0.07,1344.47,1199.3,145.17,3981,Cancelled
O03450,6/20/2024 0:00,C0589,P109,E020,B06,PAY03450,D03450,3,461.29,0.16,1162.45,826.96,335.49,866,Cancelled
O03451,11/23/2020 0:00,C0331,P183,E035,B12,PAY03451,D03451,2,1399.9,0.02,2743.8,1903.54,840.26,2146,Cancelled
O03452,3/24/2022 0:00,C0965,P178,E073,B06,PAY03452,D03452,3,1220.7,0.1,3295.89,2041.17,1254.72,1721,Delivered
O03453,5/30/2022 0:00,C0848,P128,E101,B11,PAY03453,D03453,3,1217.56,0.17,3031.72,2374.95,656.77,4357,Pending
O03454,8/12/2025 0:00,C0846,P136,E142,B06,PAY03454,D03454,3,880.87,0.03,2563.33,2105.74,457.59,3128,Delivered
O03455,5/21/2020 0:00,C0123,P285,E116,B01,PAY03455,D03455,3,1329.1,0.09,3628.44,2582.97,1045.47,2757,Delivered
O03456,8/30/2025 0:00,C0913,P271,E069,B11,PAY03456,D03456,5,1393.46,0.15,5922.2,4749.46,1172.74,3224,Pending
O03457,2/3/2023 0:00,C1182,P124,E024,B15,PAY03457,D03457,1,1143.12,0.13,994.51,725.64,268.87,2749,Delivered
O03458,8/30/2021 0:00,C0950,P285,E142,B11,PAY03458,D03458,2,1211.46,0.2,1938.34,1667.07,271.27,1737,Pending
O03459,7/31/2023 0:00,C0787,P017,E049,B01,PAY03459,D03459,2,921.58,0.18,1511.39,1144.15,367.24,3887,Delivered
O03460,3/26/2023 0:00,C0899,P021,E140,B01,PAY03460,D03460,4,270.5,0.01,1071.18,915.92,155.26,3617,Pending
O03461,3/26/2022 0:00,C0459,P229,E088,B01,PAY03461,D03461,5,479.33,0.08,2204.92,1364.05,840.87,1986,Pending
O03462,11/10/2021 0:00,C0064,P081,E023,B15,PAY03462,D03462,2,1333.17,0.13,2319.72,1935.19,384.53,1760,Pending
O03463,10/17/2023 0:00,C0168,P009,E112,B02,PAY03463,D03463,5,337.59,0.09,1536.03,1320.74,215.29,933,Cancelled
O03464,2/28/2024 0:00,C0829,P050,E060,B11,PAY03464,D03464,5,1455.91,0.07,6769.98,5999.83,770.15,4694,Delivered
O03465,10/28/2021 0:00,C0434,P089,E117,B15,PAY03465,D03465,4,871.45,0.04,3346.37,2408.75,937.62,1171,Pending
O03466,2/4/2020 0:00,C0068,P197,E079,B02,PAY03466,D03466,5,851.57,0.13,3704.33,2497.9,1206.43,1503,Cancelled
O03467,6/1/2022 0:00,C0828,P043,E045,B15,PAY03467,D03467,5,1209.04,0.15,5138.42,3916.4,1222.02,1440,Delivered
O03468,10/4/2025 0:00,C0989,P198,E116,B08,PAY03468,D03468,3,649.35,0.06,1831.17,1399.16,432.01,1179,Cancelled
O03469,12/13/2025 0:00,C1003,P253,E140,B02,PAY03469,D03469,4,1131.45,0.05,4299.51,3761.55,537.96,514,Cancelled
O03470,12/21/2022 0:00,C1036,P203,E047,B11,PAY03470,D03470,5,82.73,0.11,368.15,274.02,94.13,3482,Pending
O03471,3/23/2023 0:00,C0783,P122,E110,B15,PAY03471,D03471,5,376.37,0.02,1844.21,1578.29,265.92,1030,Delivered
O03472,6/26/2022 0:00,C0210,P221,E031,B13,PAY03472,D03472,5,505.04,0.19,2045.41,1613.94,431.47,4660,Pending
O03473,5/12/2025 0:00,C1003,P053,E077,B09,PAY03473,D03473,4,790.79,0.08,2910.11,1810.33,1099.78,4620,Pending
O03474,5/14/2024 0:00,C0980,P269,E055,B08,PAY03474,D03474,1,217.66,0.14,187.19,128.41,58.78,4755,Delivered
O03475,6/14/2021 0:00,C0297,P054,E121,B09,PAY03475,D03475,2,57.73,0.16,96.99,74.74,22.25,4667,Delivered
O03476,2/5/2021 0:00,C0553,P100,E135,B13,PAY03476,D03476,4,140.18,0.09,510.26,416.04,94.22,1606,Cancelled
O03477,10/4/2023 0:00,C0902,P137,E058,B04,PAY03477,D03477,5,85.39,0.11,379.99,270.98,109.01,1276,Pending
O03478,8/27/2022 0:00,C0180,P033,E032,B05,PAY03478,D03478,1,733.46,0.13,638.11,571.24,66.87,1899,Delivered
O03479,11/16/2023 0:00,C1180,P082,E008,B02,PAY03479,D03479,4,52.51,0.17,174.33,119.38,54.95,1581,Delivered
O03480,7/18/2022 0:00,C0624,P208,E003,B03,PAY03480,D03480,4,111.96,0.15,380.66,316.02,64.64,3842,Pending
O03481,8/30/2023 0:00,C1072,P229,E140,B05,PAY03481,D03481,3,1013.1,0.17,2522.62,1920.33,602.29,3264,Pending
O03482,5/23/2022 0:00,C1001,P084,E056,B13,PAY03482,D03482,4,687.17,0.01,2721.19,2031.58,689.61,3765,Pending
O03483,10/28/2025 0:00,C0737,P260,E136,B01,PAY03483,D03483,3,778.19,0.09,2124.46,1297.99,826.47,578,Pending
O03484,4/20/2025 0:00,C0245,P114,E143,B11,PAY03484,D03484,4,1372.31,0.08,5050.1,4008.21,1041.89,2863,Cancelled
O03485,7/17/2024 0:00,C0027,P293,E142,B01,PAY03485,D03485,5,1114.99,0.12,4905.96,3886.06,1019.9,2221,Delivered
O03486,8/30/2025 0:00,C1190,P063,E128,B05,PAY03486,D03486,4,356.92,0.07,1327.74,930.14,397.6,1319,Delivered
O03487,8/6/2020 0:00,C1174,P127,E111,B12,PAY03487,D03487,5,40.05,0.05,190.24,134,56.24,869,Delivered
O03488,3/5/2022 0:00,C0479,P298,E040,B07,PAY03488,D03488,1,541.32,0.1,487.19,320.58,166.61,1555,Pending
O03489,4/16/2024 0:00,C0001,P118,E048,B05,PAY03489,D03489,4,498.64,0.13,1735.27,1237.09,498.18,846,Delivered
O03490,7/14/2023 0:00,C0782,P184,E027,B15,PAY03490,D03490,2,199.07,0.09,362.31,320.73,41.58,2903,Pending
O03491,7/10/2025 0:00,C0704,P113,E073,B13,PAY03491,D03491,1,927.62,0.17,769.92,638.17,131.75,633,Pending
O03492,2/5/2023 0:00,C0466,P098,E019,B14,PAY03492,D03492,1,1184.62,0.09,1078,914.4,163.6,4763,Cancelled
O03493,8/17/2024 0:00,C0379,P044,E002,B05,PAY03493,D03493,2,659.21,0.19,1067.92,642.3,425.62,1011,Pending
O03494,12/20/2024 0:00,C0767,P232,E054,B09,PAY03494,D03494,3,560.21,0.11,1495.76,968.5,527.26,523,Pending
O03495,10/7/2020 0:00,C0181,P082,E114,B09,PAY03495,D03495,5,1086.21,0.16,4562.08,2925.74,1636.34,873,Delivered
O03496,10/6/2022 0:00,C0156,P043,E076,B07,PAY03496,D03496,5,167.52,0.03,812.47,499.32,313.15,1103,Delivered
O03497,10/16/2022 0:00,C0619,P184,E014,B13,PAY03497,D03497,4,53.42,0.04,205.13,137.3,67.83,4308,Pending
O03498,3/24/2023 0:00,C0995,P237,E113,B08,PAY03498,D03498,5,222.13,0.03,1077.33,702.44,374.89,3688,Cancelled
O03499,10/9/2024 0:00,C0538,P045,E003,B11,PAY03499,D03499,2,651.75,0.18,1068.87,802.43,266.44,3175,Delivered
O03500,3/14/2025 0:00,C0591,P166,E053,B01,PAY03500,D03500,3,939.5,0.1,2536.65,1580.35,956.3,3814,Pending
O03501,3/13/2024 0:00,C0254,P003,E118,B10,PAY03501,D03501,5,152.05,0.19,615.8,388.22,227.58,515,Delivered
O03502,5/7/2022 0:00,C0334,P170,E087,B06,PAY03502,D03502,2,695.99,0.05,1322.38,1177.46,144.92,757,Delivered
O03503,11/21/2022 0:00,C0274,P049,E071,B04,PAY03503,D03503,4,895.99,0.05,3404.76,2864.11,540.65,2249,Cancelled
O03504,1/31/2021 0:00,C0640,P084,E049,B03,PAY03504,D03504,5,890.36,0.1,4006.62,3271.8,734.82,4811,Cancelled
O03505,2/10/2024 0:00,C0509,P236,E031,B03,PAY03505,D03505,1,1070.17,0.19,866.84,572.57,294.27,2213,Delivered
O03506,1/25/2021 0:00,C0014,P229,E147,B14,PAY03506,D03506,2,438.87,0.09,798.74,498.13,300.61,2113,Cancelled
O03507,7/9/2024 0:00,C0325,P263,E113,B07,PAY03507,D03507,2,1211.4,0.02,2374.34,1788.3,586.04,3206,Cancelled
O03508,3/30/2025 0:00,C0316,P192,E150,B15,PAY03508,D03508,4,1491.52,0.02,5846.76,4422.06,1424.7,1680,Pending
O03509,7/24/2023 0:00,C0749,P107,E009,B13,PAY03509,D03509,2,347.48,0.06,653.26,532.48,120.78,3358,Cancelled
O03510,9/12/2024 0:00,C0478,P172,E016,B01,PAY03510,D03510,1,844.12,0.06,793.47,536.79,256.68,5000,Cancelled
O03511,5/14/2020 0:00,C0738,P047,E111,B06,PAY03511,D03511,3,693.17,0.04,1996.33,1244.22,752.11,1405,Cancelled
O03512,5/3/2023 0:00,C0240,P266,E064,B06,PAY03512,D03512,2,177.66,0.18,291.36,186.18,105.18,2779,Cancelled
O03513,8/17/2020 0:00,C0653,P055,E078,B09,PAY03513,D03513,3,1350.3,0.18,3321.74,2055.52,1266.22,1270,Delivered
O03514,9/24/2025 0:00,C1021,P180,E025,B10,PAY03514,D03514,4,1214.79,0.01,4810.57,3081.06,1729.51,1433,Cancelled
O03515,2/14/2020 0:00,C0915,P070,E092,B07,PAY03515,D03515,3,1099.66,0.13,2870.11,1774.21,1095.9,2918,Cancelled
O03516,11/19/2024 0:00,C0027,P221,E049,B15,PAY03516,D03516,5,107.72,0.02,527.83,351.49,176.34,2606,Cancelled
O03517,11/20/2021 0:00,C0737,P074,E070,B15,PAY03517,D03517,5,248.49,0.04,1192.75,930.74,262.01,1320,Pending
O03518,10/6/2021 0:00,C0222,P172,E086,B12,PAY03518,D03518,3,1230.91,0.16,3101.89,2123.92,977.97,1303,Cancelled
O03519,7/23/2025 0:00,C0990,P267,E004,B09,PAY03519,D03519,5,283.08,0.05,1344.63,1087.7,256.93,3871,Cancelled
O03520,10/22/2025 0:00,C1042,P268,E087,B12,PAY03520,D03520,1,34.78,0.15,29.56,19.51,10.05,3508,Pending
O03521,10/7/2025 0:00,C1178,P134,E034,B07,PAY03521,D03521,4,214.67,0.01,850.09,531.13,318.96,620,Pending
O03522,7/26/2021 0:00,C0236,P290,E073,B06,PAY03522,D03522,2,584.18,0.18,958.06,599.03,359.03,4014,Delivered
O03523,5/1/2021 0:00,C0686,P134,E060,B04,PAY03523,D03523,4,1273.49,0.04,4890.2,4079.87,810.33,4845,Delivered
O03524,2/6/2023 0:00,C0806,P226,E101,B02,PAY03524,D03524,4,692.22,0.16,2325.86,1613.69,712.17,4330,Pending
O03525,8/4/2024 0:00,C1172,P171,E069,B10,PAY03525,D03525,2,49.52,0.02,97.06,86.9,10.16,3453,Delivered
O03526,11/23/2024 0:00,C1165,P084,E082,B09,PAY03526,D03526,5,1037.37,0.13,4512.56,3989.7,522.86,2883,Pending
O03527,5/7/2025 0:00,C0929,P141,E079,B15,PAY03527,D03527,3,934.02,0.06,2633.94,2062.45,571.49,1888,Pending
O03528,10/26/2023 0:00,C0346,P284,E027,B02,PAY03528,D03528,3,1099.41,0.16,2770.51,1890.58,879.93,3646,Delivered
O03529,2/22/2021 0:00,C0681,P003,E068,B03,PAY03529,D03529,2,1347.27,0.1,2425.09,1575.16,849.93,1725,Pending
O03530,8/8/2021 0:00,C0216,P229,E106,B12,PAY03530,D03530,4,637.15,0.11,2268.25,1969.84,298.41,3856,Pending
O03531,8/7/2025 0:00,C0354,P065,E074,B01,PAY03531,D03531,2,713.75,0.04,1370.4,1000.18,370.22,899,Cancelled
O03532,3/5/2022 0:00,C0141,P203,E034,B01,PAY03532,D03532,5,669.56,0.15,2845.63,2180.22,665.41,3605,Cancelled
O03533,4/2/2021 0:00,C0177,P134,E007,B08,PAY03533,D03533,4,480.12,0.13,1670.82,1346.35,324.47,814,Cancelled
O03534,2/22/2023 0:00,C1066,P164,E045,B13,PAY03534,D03534,2,806.51,0.03,1564.63,1325.83,238.8,1431,Pending
O03535,11/30/2024 0:00,C0357,P190,E081,B15,PAY03535,D03535,3,518.95,0.11,1385.6,983.27,402.33,1481,Delivered
O03536,2/1/2022 0:00,C0949,P250,E060,B09,PAY03536,D03536,3,1211.56,0.17,3016.78,2032.22,984.56,4693,Pending
O03537,12/29/2025 0:00,C0055,P101,E050,B15,PAY03537,D03537,4,905.6,0.08,3332.61,2130.63,1201.98,3777,Pending
O03538,4/29/2023 0:00,C0927,P199,E046,B03,PAY03538,D03538,1,1474.87,0.14,1268.39,850.4,417.99,2866,Delivered
O03539,1/1/2025 0:00,C0397,P106,E068,B10,PAY03539,D03539,1,990.08,0.17,821.77,624.14,197.63,826,Pending
O03540,3/20/2025 0:00,C0374,P089,E098,B12,PAY03540,D03540,1,294.76,0.17,244.65,195.15,49.5,2228,Cancelled
O03541,10/2/2025 0:00,C0391,P298,E081,B01,PAY03541,D03541,4,846.73,0.09,3082.1,1900.77,1181.33,4124,Pending
O03542,11/15/2021 0:00,C0350,P201,E022,B06,PAY03542,D03542,3,1367.33,0.01,4060.97,2970.96,1090.01,2934,Delivered
O03543,8/21/2021 0:00,C1149,P037,E135,B04,PAY03543,D03543,2,751.67,0.15,1277.84,965.43,312.41,3934,Cancelled
O03544,8/13/2021 0:00,C0682,P060,E072,B01,PAY03544,D03544,3,530.9,0.02,1560.85,1404.03,156.82,746,Cancelled
O03545,9/7/2025 0:00,C0712,P024,E077,B07,PAY03545,D03545,4,354.14,0.19,1147.41,703.02,444.39,4578,Delivered
O03546,7/5/2022 0:00,C0197,P169,E148,B08,PAY03546,D03546,4,914.08,0.05,3473.5,2212.98,1260.52,574,Delivered
O03547,6/6/2020 0:00,C0475,P238,E130,B02,PAY03547,D03547,5,772.5,0.19,3128.62,2670.57,458.05,4805,Pending
O03548,6/2/2023 0:00,C0727,P211,E038,B07,PAY03548,D03548,1,1205.95,0.15,1025.06,876.89,148.17,1992,Cancelled
O03549,1/22/2023 0:00,C0426,P158,E139,B03,PAY03549,D03549,2,1184.42,0.18,1942.45,1659.73,282.72,645,Cancelled
O03550,9/12/2020 0:00,C0986,P095,E093,B04,PAY03550,D03550,2,345.47,0.03,670.21,433.5,236.71,2331,Delivered
O03551,5/14/2023 0:00,C0519,P199,E054,B15,PAY03551,D03551,4,1473.47,0.06,5540.25,4450.42,1089.83,2331,Delivered
O03552,10/15/2023 0:00,C0298,P052,E143,B04,PAY03552,D03552,5,155.82,0.16,654.44,467.58,186.86,4870,Cancelled
O03553,6/14/2022 0:00,C0603,P090,E105,B05,PAY03553,D03553,1,761.08,0.19,616.47,453.14,163.33,2178,Pending
O03554,6/20/2022 0:00,C0184,P070,E105,B12,PAY03554,D03554,1,325.16,0.03,315.41,250.31,65.1,1546,Delivered
O03555,10/30/2024 0:00,C0835,P092,E059,B06,PAY03555,D03555,4,1272.58,0.02,4988.51,3226.32,1762.19,3386,Pending
O03556,1/9/2021 0:00,C0978,P091,E093,B07,PAY03556,D03556,4,134.77,0.14,463.61,323.04,140.57,3345,Cancelled
O03557,6/19/2021 0:00,C0573,P268,E033,B01,PAY03557,D03557,4,445.61,0.09,1622.02,1041.41,580.61,1926,Delivered
O03558,11/21/2024 0:00,C0053,P251,E037,B05,PAY03558,D03558,3,447.81,0.05,1276.26,1103.93,172.33,1467,Delivered
O03559,3/23/2024 0:00,C0790,P085,E097,B13,PAY03559,D03559,5,150.68,0.17,625.32,383.09,242.23,1268,Delivered
O03560,2/5/2023 0:00,C0005,P005,E051,B06,PAY03560,D03560,1,555.15,0.04,532.94,413.21,119.73,2902,Pending
O03561,11/30/2022 0:00,C0475,P049,E081,B13,PAY03561,D03561,5,678.58,0.03,3291.11,2697.31,593.8,2737,Pending
O03562,6/27/2022 0:00,C1017,P031,E130,B09,PAY03562,D03562,1,1212.35,0.18,994.13,618.72,375.41,1863,Cancelled
O03563,11/5/2020 0:00,C1196,P068,E043,B10,PAY03563,D03563,1,754.22,0.05,716.51,616.73,99.78,3292,Delivered
O03564,7/4/2020 0:00,C0549,P081,E055,B09,PAY03564,D03564,1,788.51,0.04,756.97,600.24,156.73,1082,Pending
O03565,6/5/2023 0:00,C1076,P086,E001,B09,PAY03565,D03565,1,870.63,0.14,748.74,596.45,152.29,3600,Pending
O03566,10/14/2021 0:00,C0512,P238,E108,B06,PAY03566,D03566,1,429.69,0.15,365.24,235.78,129.46,2313,Pending
O03567,1/10/2025 0:00,C0554,P050,E005,B09,PAY03567,D03567,4,1167.61,0.18,3829.76,2658.61,1171.15,565,Cancelled
O03568,11/6/2022 0:00,C0899,P011,E132,B14,PAY03568,D03568,5,1469.35,0.02,7199.81,6117.17,1082.64,1399,Pending
O03569,8/28/2022 0:00,C0577,P136,E056,B06,PAY03569,D03569,4,1381.04,0.14,4750.78,3246.32,1504.46,1216,Cancelled
O03570,2/4/2025 0:00,C0691,P075,E147,B03,PAY03570,D03570,1,293.97,0.05,279.27,179.28,99.99,3841,Cancelled
O03571,5/29/2024 0:00,C0081,P273,E079,B11,PAY03571,D03571,4,672.56,0,2690.24,1666.63,1023.61,1829,Pending
O03572,6/3/2024 0:00,C0876,P009,E014,B01,PAY03572,D03572,5,309.96,0.17,1286.33,891.76,394.57,2679,Pending
O03573,4/20/2022 0:00,C0894,P146,E143,B12,PAY03573,D03573,3,795.4,0,2386.2,2025.8,360.4,1283,Delivered
O03574,1/3/2025 0:00,C0386,P121,E121,B03,PAY03574,D03574,2,858.24,0.15,1459.01,1287.68,171.33,2008,Pending
O03575,11/23/2021 0:00,C0164,P018,E073,B14,PAY03575,D03575,1,801.46,0.03,777.42,626.15,151.27,984,Delivered
O03576,7/8/2024 0:00,C0356,P270,E033,B05,PAY03576,D03576,5,1446.23,0.04,6941.9,4678.77,2263.13,1112,Pending
O03577,7/21/2025 0:00,C0301,P152,E149,B07,PAY03577,D03577,1,623.9,0.18,511.6,444.95,66.65,4566,Pending
O03578,7/30/2024 0:00,C0936,P211,E038,B14,PAY03578,D03578,4,352.74,0.2,1128.77,932.13,196.64,4408,Cancelled
O03579,12/30/2023 0:00,C1018,P132,E021,B10,PAY03579,D03579,5,193.75,0.11,862.19,767.26,94.93,2858,Cancelled
O03580,10/21/2020 0:00,C0218,P286,E149,B12,PAY03580,D03580,4,1292.75,0.1,4653.9,3645.37,1008.53,4273,Cancelled
O03581,11/26/2024 0:00,C0780,P078,E069,B02,PAY03581,D03581,3,1069.98,0.07,2985.24,2527.02,458.22,1241,Cancelled
O03582,3/6/2024 0:00,C0341,P299,E074,B14,PAY03582,D03582,4,888.63,0.15,3021.34,2397.59,623.75,1071,Delivered
O03583,8/23/2022 0:00,C0286,P147,E067,B10,PAY03583,D03583,3,731.07,0.15,1864.23,1173.13,691.1,3790,Delivered
O03584,7/27/2022 0:00,C0394,P118,E117,B03,PAY03584,D03584,1,559.01,0.15,475.16,357.26,117.9,726,Pending
O03585,10/17/2023 0:00,C0639,P287,E134,B06,PAY03585,D03585,4,820.14,0.14,2821.28,2149.52,671.76,2943,Cancelled
O03586,2/23/2024 0:00,C0796,P132,E071,B03,PAY03586,D03586,1,931.66,0.19,754.64,625.79,128.85,4351,Cancelled
O03587,5/17/2024 0:00,C0652,P060,E021,B03,PAY03587,D03587,5,803.09,0.09,3654.06,2862.89,791.17,1239,Cancelled
O03588,5/2/2024 0:00,C0999,P067,E029,B10,PAY03588,D03588,1,642.87,0.01,636.44,570.75,65.69,3482,Cancelled
O03589,10/8/2025 0:00,C0440,P074,E143,B10,PAY03589,D03589,3,1329.9,0.18,3271.55,2281.82,989.73,3083,Cancelled
O03590,5/28/2020 0:00,C0261,P021,E096,B06,PAY03590,D03590,1,808.75,0.1,727.88,576.38,151.5,3581,Cancelled
O03591,7/26/2020 0:00,C0628,P086,E054,B07,PAY03591,D03591,5,1031.32,0.16,4331.54,2892.26,1439.28,1937,Pending
O03592,11/20/2020 0:00,C0300,P267,E067,B08,PAY03592,D03592,2,1377.41,0.12,2424.24,1699.89,724.35,3093,Delivered
O03593,9/13/2020 0:00,C0471,P105,E124,B06,PAY03593,D03593,4,256,0.1,921.6,648.74,272.86,4750,Delivered
O03594,4/15/2020 0:00,C0923,P132,E014,B13,PAY03594,D03594,3,1299.19,0.09,3546.79,2347.8,1198.99,3148,Pending
O03595,8/22/2022 0:00,C0170,P186,E039,B04,PAY03595,D03595,2,902.9,0.18,1480.76,1192.33,288.43,3699,Pending
O03596,8/10/2025 0:00,C0645,P100,E111,B14,PAY03596,D03596,2,1191.74,0.05,2264.31,1930.11,334.2,4502,Delivered
O03597,9/5/2020 0:00,C0663,P069,E126,B14,PAY03597,D03597,3,767.33,0.18,1887.63,1687.27,200.36,2645,Cancelled
O03598,2/13/2021 0:00,C1045,P168,E147,B10,PAY03598,D03598,2,1126.89,0.1,2028.4,1357.43,670.97,3296,Cancelled
O03599,1/12/2025 0:00,C1150,P002,E021,B04,PAY03599,D03599,4,313.93,0.12,1105.03,824.06,280.97,1831,Cancelled
O03600,11/22/2020 0:00,C1198,P276,E087,B02,PAY03600,D03600,4,1386.35,0.16,4658.14,3352.27,1305.87,3350,Delivered
O03601,9/10/2024 0:00,C1200,P183,E023,B02,PAY03601,D03601,2,1102.5,0.1,1984.5,1443.01,541.49,1193,Pending
O03602,9/21/2022 0:00,C0125,P133,E101,B04,PAY03602,D03602,2,280.77,0.12,494.16,359.56,134.6,3666,Cancelled
O03603,10/8/2022 0:00,C0525,P163,E091,B08,PAY03603,D03603,4,226.04,0.11,804.7,546.37,258.33,1166,Cancelled
O03604,8/29/2022 0:00,C1042,P243,E098,B11,PAY03604,D03604,2,1069.46,0.1,1925.03,1625.51,299.52,1839,Cancelled
O03605,12/18/2023 0:00,C0397,P191,E117,B11,PAY03605,D03605,2,912.61,0.16,1533.18,1143.19,389.99,2718,Pending
O03606,6/17/2024 0:00,C0188,P035,E147,B15,PAY03606,D03606,4,211.45,0.19,685.1,588.56,96.54,2588,Cancelled
O03607,4/9/2023 0:00,C0894,P052,E146,B03,PAY03607,D03607,2,140.61,0.05,267.16,183.29,83.87,3997,Cancelled
O03608,6/22/2021 0:00,C0888,P134,E002,B14,PAY03608,D03608,2,81.18,0.02,159.11,113.3,45.81,2014,Cancelled
O03609,12/14/2023 0:00,C1165,P002,E105,B06,PAY03609,D03609,3,786.55,0.04,2265.26,1749.91,515.35,1911,Delivered
O03610,4/26/2022 0:00,C1023,P074,E064,B15,PAY03610,D03610,3,607.75,0.11,1622.69,1019.23,603.46,1299,Pending
O03611,6/19/2020 0:00,C0882,P239,E032,B08,PAY03611,D03611,4,824.85,0.04,3167.42,2506.65,660.77,541,Delivered
O03612,7/15/2023 0:00,C0083,P279,E125,B06,PAY03612,D03612,5,746.79,0.15,3173.86,2558.56,615.3,4563,Cancelled
O03613,12/12/2023 0:00,C0242,P214,E124,B08,PAY03613,D03613,5,438.59,0.14,1885.94,1350.42,535.52,2282,Delivered
O03614,10/31/2024 0:00,C0305,P096,E011,B05,PAY03614,D03614,4,861.44,0.18,2825.52,2487.2,338.32,783,Delivered
O03615,7/21/2024 0:00,C0835,P194,E037,B14,PAY03615,D03615,5,989.48,0.11,4403.19,3426.28,976.91,4396,Delivered
O03616,12/23/2024 0:00,C0244,P230,E131,B04,PAY03616,D03616,1,25.64,0.05,24.36,16.65,7.71,4190,Pending
O03617,4/29/2020 0:00,C0446,P164,E046,B04,PAY03617,D03617,2,878.02,0.17,1457.51,1166.13,291.38,3917,Cancelled
O03618,9/18/2020 0:00,C0591,P154,E089,B05,PAY03618,D03618,1,1395.12,0.01,1381.17,1140.45,240.72,1349,Cancelled
O03619,11/15/2022 0:00,C1187,P170,E038,B06,PAY03619,D03619,3,1365.46,0.14,3522.89,2379.74,1143.15,4693,Pending
O03620,6/8/2023 0:00,C1118,P039,E126,B04,PAY03620,D03620,5,578.55,0.13,2516.69,2213.83,302.86,1159,Cancelled
O03621,4/12/2024 0:00,C0073,P183,E005,B11,PAY03621,D03621,3,1220.49,0.04,3515.01,2896.54,618.47,1006,Pending
O03622,11/15/2021 0:00,C0659,P187,E134,B02,PAY03622,D03622,3,1389.11,0.16,3500.56,2603.6,896.96,1678,Delivered
O03623,10/21/2022 0:00,C0999,P155,E140,B13,PAY03623,D03623,2,791.33,0.06,1487.7,1010.25,477.45,2812,Cancelled
O03624,12/2/2024 0:00,C0274,P240,E025,B14,PAY03624,D03624,1,1432.53,0.18,1174.67,873.93,300.74,1105,Pending
O03625,10/7/2021 0:00,C0782,P233,E081,B05,PAY03625,D03625,5,1126.12,0.07,5236.46,3730.43,1506.03,3529,Cancelled
O03626,10/4/2023 0:00,C0116,P235,E089,B06,PAY03626,D03626,4,500.99,0.17,1663.29,1484.53,178.76,2215,Pending
O03627,4/27/2022 0:00,C0461,P073,E081,B08,PAY03627,D03627,4,309.06,0.1,1112.62,687.82,424.8,1672,Delivered
O03628,10/8/2023 0:00,C0314,P077,E026,B03,PAY03628,D03628,3,403.29,0.06,1137.28,781.09,356.19,578,Delivered
O03629,11/22/2025 0:00,C0952,P158,E112,B04,PAY03629,D03629,5,436.63,0.13,1899.34,1316.68,582.66,763,Cancelled
O03630,1/5/2025 0:00,C0528,P169,E133,B15,PAY03630,D03630,5,1028.91,0.12,4527.2,3907.87,619.33,4896,Delivered
O03631,12/17/2025 0:00,C1194,P111,E118,B06,PAY03631,D03631,3,1255.21,0.08,3464.38,2111.46,1352.92,1253,Cancelled
O03632,11/29/2020 0:00,C0919,P135,E133,B02,PAY03632,D03632,4,899.65,0.1,3238.74,1967.15,1271.59,4544,Pending
O03633,3/25/2024 0:00,C0677,P151,E026,B02,PAY03633,D03633,3,734.99,0.1,1984.47,1727.45,257.02,4755,Cancelled
O03634,5/13/2025 0:00,C1104,P236,E142,B01,PAY03634,D03634,3,1381.62,0.02,4061.96,3303.85,758.11,3605,Pending
O03635,9/15/2020 0:00,C0184,P249,E062,B03,PAY03635,D03635,5,251.18,0.15,1067.52,748.67,318.85,2889,Delivered
O03636,10/5/2020 0:00,C1144,P272,E145,B08,PAY03636,D03636,3,226.14,0.05,644.5,560.53,83.97,4919,Cancelled
O03637,12/26/2021 0:00,C0012,P293,E135,B01,PAY03637,D03637,2,880.7,0.13,1532.42,1216.32,316.1,594,Cancelled
O03638,9/24/2023 0:00,C0326,P011,E126,B10,PAY03638,D03638,2,170.12,0.17,282.4,235.34,47.06,1098,Pending
O03639,1/22/2021 0:00,C0356,P224,E091,B01,PAY03639,D03639,3,702.59,0.08,1939.15,1223.53,715.62,1611,Pending
O03640,12/9/2021 0:00,C1163,P019,E055,B04,PAY03640,D03640,4,1313.59,0.01,5201.82,3402.72,1799.1,3453,Delivered
O03641,12/24/2020 0:00,C0246,P022,E124,B14,PAY03641,D03641,3,1015.23,0.07,2832.49,2245.13,587.36,3185,Delivered
O03642,8/2/2025 0:00,C0688,P155,E007,B12,PAY03642,D03642,4,1263.65,0.01,5004.05,4225.1,778.95,1112,Delivered
O03643,10/1/2023 0:00,C0500,P246,E044,B13,PAY03643,D03643,3,953.7,0.06,2689.43,2257.47,431.96,3286,Cancelled
O03644,1/10/2022 0:00,C0217,P288,E042,B09,PAY03644,D03644,2,295.96,0.1,532.73,401.03,131.7,3377,Cancelled
O03645,4/27/2022 0:00,C0517,P132,E122,B05,PAY03645,D03645,5,153.77,0.01,761.16,549.24,211.92,4550,Pending
O03646,5/15/2021 0:00,C0304,P225,E148,B14,PAY03646,D03646,5,48.62,0.06,228.51,200.06,28.45,1699,Cancelled
O03647,5/9/2023 0:00,C1057,P249,E004,B05,PAY03647,D03647,4,429.6,0.15,1460.64,963.96,496.68,4374,Cancelled
O03648,9/16/2023 0:00,C0341,P063,E089,B09,PAY03648,D03648,3,166.59,0.13,434.8,381.39,53.41,4703,Pending
O03649,11/2/2024 0:00,C0568,P156,E108,B05,PAY03649,D03649,1,1058.78,0.08,974.08,754.6,219.48,3433,Delivered
O03650,8/10/2021 0:00,C1111,P014,E077,B08,PAY03650,D03650,5,1234.37,0.14,5307.79,4522.68,785.11,603,Cancelled
O03651,7/31/2023 0:00,C0568,P014,E127,B15,PAY03651,D03651,5,1292.01,0.15,5491.04,4771.79,719.25,2963,Delivered
O03652,4/24/2025 0:00,C0684,P038,E143,B07,PAY03652,D03652,3,1459.67,0.09,3984.9,3496.36,488.54,3483,Delivered
O03653,11/3/2024 0:00,C1150,P172,E035,B05,PAY03653,D03653,3,797,0.11,2127.99,1759.25,368.74,2340,Cancelled
O03654,3/26/2021 0:00,C0838,P196,E011,B14,PAY03654,D03654,3,1126.97,0.12,2975.2,2473.49,501.71,2764,Delivered
O03655,10/3/2025 0:00,C1182,P026,E051,B05,PAY03655,D03655,5,1433.46,0.15,6092.2,4049.34,2042.86,3722,Cancelled
O03656,8/11/2021 0:00,C0715,P178,E010,B09,PAY03656,D03656,2,227.72,0.1,409.9,273.12,136.78,1944,Pending
O03657,7/13/2023 0:00,C1117,P248,E007,B04,PAY03657,D03657,1,1398.45,0.16,1174.7,949.57,225.13,692,Pending
O03658,9/3/2022 0:00,C0536,P040,E108,B11,PAY03658,D03658,1,266.67,0.05,253.34,207.77,45.57,933,Delivered
O03659,10/8/2024 0:00,C1094,P147,E035,B05,PAY03659,D03659,1,1153.92,0.1,1038.53,927.11,111.42,3705,Cancelled
O03660,12/5/2025 0:00,C1180,P101,E096,B13,PAY03660,D03660,1,282.41,0.17,234.4,193.68,40.72,4437,Delivered
O03661,10/29/2025 0:00,C0371,P009,E104,B05,PAY03661,D03661,2,1261.07,0.05,2396.03,1597.44,798.59,931,Delivered
O03662,3/28/2025 0:00,C0863,P296,E002,B08,PAY03662,D03662,5,246.21,0.03,1194.12,733.54,460.58,3760,Pending
O03663,7/1/2025 0:00,C1063,P050,E035,B11,PAY03663,D03663,3,1029.17,0.17,2562.63,2156.18,406.45,3838,Pending
O03664,8/19/2021 0:00,C1003,P061,E077,B08,PAY03664,D03664,1,638.43,0,638.43,551.5,86.93,1845,Delivered
O03665,11/30/2021 0:00,C1162,P238,E048,B13,PAY03665,D03665,4,596.4,0.11,2123.18,1855.06,268.12,1756,Cancelled
O03666,9/22/2024 0:00,C0534,P171,E112,B10,PAY03666,D03666,1,1317.16,0.13,1145.93,938.09,207.84,4173,Delivered
O03667,7/6/2024 0:00,C0608,P171,E122,B06,PAY03667,D03667,5,258,0.07,1199.7,816.74,382.96,4036,Delivered
O03668,5/6/2025 0:00,C0971,P245,E126,B07,PAY03668,D03668,2,1062.91,0.19,1721.91,1072.66,649.25,2357,Delivered
O03669,9/8/2023 0:00,C0763,P156,E147,B04,PAY03669,D03669,1,1417.12,0.09,1289.58,1032.61,256.97,4262,Cancelled
O03670,5/4/2022 0:00,C0846,P190,E086,B15,PAY03670,D03670,3,1220.27,0.12,3221.51,2878.62,342.89,1448,Delivered
O03671,12/6/2024 0:00,C0145,P036,E022,B03,PAY03671,D03671,4,1137.88,0.01,4506,3974.18,531.82,3530,Delivered
O03672,4/17/2025 0:00,C0083,P172,E104,B01,PAY03672,D03672,4,684.14,0.07,2545,1629.08,915.92,4562,Delivered
O03673,10/18/2021 0:00,C0031,P100,E132,B03,PAY03673,D03673,2,377.13,0.09,686.38,540.72,145.66,1745,Pending
O03674,6/5/2023 0:00,C0346,P176,E148,B03,PAY03674,D03674,5,1415.02,0.05,6721.35,4933.94,1787.41,3897,Cancelled
O03675,8/27/2020 0:00,C0151,P233,E093,B06,PAY03675,D03675,1,831.53,0.18,681.85,556.58,125.27,517,Cancelled
O03676,11/7/2021 0:00,C0430,P295,E137,B10,PAY03676,D03676,2,836.64,0.1,1505.95,1261.15,244.8,2878,Cancelled
O03677,4/12/2021 0:00,C1183,P184,E134,B11,PAY03677,D03677,2,309.53,0.08,569.54,508.09,61.45,4387,Delivered
O03678,12/16/2023 0:00,C0008,P238,E075,B01,PAY03678,D03678,1,491.54,0.13,427.64,274.8,152.84,4033,Delivered
O03679,1/8/2020 0:00,C0172,P233,E107,B07,PAY03679,D03679,2,1399,0.03,2714.06,1747.14,966.92,2972,Pending
O03680,11/15/2022 0:00,C0621,P062,E092,B06,PAY03680,D03680,5,893.91,0,4469.55,2974.03,1495.52,2766,Pending
O03681,10/25/2020 0:00,C0966,P056,E086,B08,PAY03681,D03681,1,693.29,0.18,568.5,347.67,220.83,4433,Delivered
O03682,5/22/2021 0:00,C1170,P294,E053,B13,PAY03682,D03682,3,1460.77,0.05,4163.19,3627.84,535.35,4683,Delivered
O03683,10/20/2020 0:00,C0228,P110,E128,B13,PAY03683,D03683,2,1100.92,0.18,1805.51,1564.91,240.6,2570,Pending
O03684,11/14/2025 0:00,C0521,P203,E067,B06,PAY03684,D03684,5,513.82,0.07,2389.26,1440.59,948.67,1301,Cancelled
O03685,10/6/2020 0:00,C0035,P217,E020,B08,PAY03685,D03685,1,768.88,0.12,676.61,488.91,187.7,4547,Cancelled
O03686,6/11/2021 0:00,C0588,P177,E094,B06,PAY03686,D03686,3,716.86,0.04,2064.56,1786.03,278.53,2001,Pending
O03687,12/18/2023 0:00,C0836,P031,E031,B12,PAY03687,D03687,2,878.62,0.1,1581.52,1182.9,398.62,4419,Delivered
O03688,2/2/2020 0:00,C0237,P270,E008,B10,PAY03688,D03688,1,800.26,0.16,672.22,446.64,225.58,1626,Cancelled
O03689,10/22/2021 0:00,C0024,P215,E001,B08,PAY03689,D03689,2,473.72,0.06,890.59,729.09,161.5,1918,Delivered
O03690,7/7/2022 0:00,C0361,P073,E043,B06,PAY03690,D03690,3,151.67,0.07,423.16,345.31,77.85,3934,Cancelled
O03691,4/10/2022 0:00,C0647,P177,E072,B11,PAY03691,D03691,2,349.53,0.14,601.19,509.86,91.33,2989,Cancelled
O03692,6/10/2021 0:00,C0185,P187,E027,B04,PAY03692,D03692,4,332.16,0,1328.64,877.27,451.37,4982,Cancelled
O03693,10/3/2024 0:00,C1011,P195,E120,B15,PAY03693,D03693,2,661.18,0.01,1309.14,893.34,415.8,2380,Cancelled
O03694,4/14/2021 0:00,C0234,P107,E002,B08,PAY03694,D03694,5,1310.26,0.09,5961.68,5221.29,740.39,3166,Cancelled
O03695,1/4/2021 0:00,C0390,P296,E044,B13,PAY03695,D03695,5,1382.05,0.04,6633.84,4646.91,1986.93,4502,Delivered
O03696,4/20/2022 0:00,C0207,P051,E001,B13,PAY03696,D03696,5,1134.96,0.1,5107.32,3985.31,1122.01,1544,Pending
O03697,12/17/2024 0:00,C0724,P035,E031,B09,PAY03697,D03697,2,1064.47,0.07,1979.91,1318.44,661.47,2661,Pending
O03698,7/6/2022 0:00,C0239,P154,E011,B02,PAY03698,D03698,4,124.35,0.12,437.71,293.01,144.7,4304,Delivered
O03699,12/22/2021 0:00,C0267,P017,E143,B03,PAY03699,D03699,2,1396.84,0.07,2598.12,1643.65,954.47,4447,Delivered
O03700,1/30/2021 0:00,C0258,P068,E064,B02,PAY03700,D03700,5,469.32,0.16,1971.14,1325.34,645.8,4077,Cancelled
O03701,10/5/2020 0:00,C0736,P177,E010,B07,PAY03701,D03701,5,126.04,0.17,523.07,418.9,104.17,810,Pending
O03702,12/29/2020 0:00,C0009,P297,E022,B15,PAY03702,D03702,4,559.59,0.15,1902.61,1635.92,266.69,3019,Pending
O03703,4/11/2022 0:00,C0941,P004,E017,B11,PAY03703,D03703,1,960.83,0.07,893.57,588.21,305.36,4706,Delivered
O03704,12/20/2021 0:00,C0261,P097,E127,B09,PAY03704,D03704,4,407.82,0.07,1517.09,1357.25,159.84,2698,Cancelled
O03705,11/27/2022 0:00,C0759,P277,E131,B09,PAY03705,D03705,3,1436.23,0.13,3748.56,3235.3,513.26,4994,Cancelled
O03706,4/4/2025 0:00,C0215,P268,E108,B01,PAY03706,D03706,4,1396.21,0.12,4914.66,3458.03,1456.63,2544,Pending
O03707,5/6/2023 0:00,C1018,P138,E054,B14,PAY03707,D03707,4,85.45,0.18,280.28,211.81,68.47,3863,Cancelled
O03708,11/11/2025 0:00,C0424,P009,E130,B07,PAY03708,D03708,2,1166.28,0.15,1982.68,1524.58,458.1,3489,Pending
O03709,7/1/2020 0:00,C0817,P255,E034,B14,PAY03709,D03709,1,386.64,0.14,332.51,232.52,99.99,3177,Delivered
O03710,12/6/2022 0:00,C0161,P210,E103,B09,PAY03710,D03710,1,1490.54,0.07,1386.2,993.69,392.51,959,Pending
O03711,7/2/2022 0:00,C0787,P248,E045,B01,PAY03711,D03711,1,1315.37,0.2,1052.3,944.22,108.08,4782,Cancelled
O03712,3/6/2025 0:00,C0452,P239,E092,B04,PAY03712,D03712,4,701.38,0.01,2777.46,1790.6,986.86,3651,Delivered
O03713,11/6/2024 0:00,C0280,P193,E058,B11,PAY03713,D03713,3,542.79,0.04,1563.24,1310.03,253.21,3423,Pending
O03714,4/9/2021 0:00,C0972,P056,E044,B15,PAY03714,D03714,3,1322.68,0.11,3531.56,2401.67,1129.89,1112,Cancelled
O03715,3/5/2020 0:00,C1194,P026,E067,B15,PAY03715,D03715,3,134.66,0.17,335.3,295.26,40.04,2732,Cancelled
O03716,5/8/2022 0:00,C0538,P095,E018,B02,PAY03716,D03716,2,289.49,0.18,474.76,387.77,86.99,1616,Cancelled
O03717,2/7/2025 0:00,C0819,P098,E054,B13,PAY03717,D03717,2,1440.52,0.09,2621.75,1675.2,946.55,4109,Delivered
O03718,3/18/2021 0:00,C0241,P219,E065,B05,PAY03718,D03718,2,275.05,0.05,522.6,446.7,75.9,2012,Pending
O03719,5/9/2023 0:00,C0446,P273,E073,B01,PAY03719,D03719,2,417.48,0.07,776.51,601.47,175.04,2145,Cancelled
O03720,7/7/2021 0:00,C0613,P299,E126,B13,PAY03720,D03720,5,634.1,0.03,3075.38,1973.93,1101.45,3160,Pending
O03721,7/30/2024 0:00,C0301,P002,E089,B05,PAY03721,D03721,1,1404.23,0.14,1207.64,869.9,337.74,3068,Pending
O03722,2/10/2022 0:00,C0018,P187,E114,B08,PAY03722,D03722,4,1324.89,0,5299.56,3208.6,2090.96,4384,Delivered
O03723,9/5/2024 0:00,C0437,P249,E023,B03,PAY03723,D03723,1,206.66,0.07,192.19,171.24,20.95,4514,Pending
O03724,2/10/2021 0:00,C0769,P075,E008,B06,PAY03724,D03724,3,877.67,0.2,2106.41,1453.66,652.75,1319,Pending
O03725,2/15/2024 0:00,C0447,P175,E076,B14,PAY03725,D03725,4,975.65,0.17,3239.16,2281.87,957.29,2709,Pending
O03726,3/19/2023 0:00,C1036,P165,E101,B07,PAY03726,D03726,5,488.37,0.06,2295.34,1996.83,298.51,4291,Cancelled
O03727,9/16/2023 0:00,C0924,P134,E044,B02,PAY03727,D03727,5,167.89,0.12,738.72,617.77,120.95,4368,Cancelled
O03728,8/18/2020 0:00,C0195,P134,E050,B11,PAY03728,D03728,3,1089.66,0.02,3203.6,2431.06,772.54,2058,Cancelled
O03729,9/9/2022 0:00,C1094,P232,E015,B15,PAY03729,D03729,4,50.65,0.19,164.11,146.04,18.07,4023,Cancelled
O03730,5/19/2022 0:00,C0344,P180,E004,B06,PAY03730,D03730,4,1016.29,0.1,3658.64,2334.5,1324.14,4100,Cancelled
O03731,7/7/2023 0:00,C1123,P048,E083,B04,PAY03731,D03731,5,1457.09,0.02,7139.74,4832.38,2307.36,1072,Delivered
O03732,7/2/2025 0:00,C0334,P258,E025,B05,PAY03732,D03732,3,103.35,0.03,300.75,257.76,42.99,817,Cancelled
O03733,7/10/2023 0:00,C0949,P124,E131,B15,PAY03733,D03733,1,678.38,0.06,637.68,571.64,66.04,3700,Cancelled
O03734,1/18/2025 0:00,C0888,P171,E118,B04,PAY03734,D03734,1,606.63,0.1,545.97,358.72,187.25,1720,Cancelled
O03735,1/22/2022 0:00,C0621,P022,E122,B04,PAY03735,D03735,3,1170.67,0.06,3301.29,2624.75,676.54,4222,Delivered
O03736,7/18/2022 0:00,C0533,P105,E129,B15,PAY03736,D03736,3,1086.82,0.14,2804,2434.55,369.45,4667,Delivered
O03737,6/29/2020 0:00,C1112,P182,E059,B01,PAY03737,D03737,4,519.32,0.15,1765.69,1517.57,248.12,1632,Cancelled
O03738,3/8/2024 0:00,C0569,P121,E143,B04,PAY03738,D03738,4,21.43,0.01,84.86,57.81,27.05,4393,Cancelled
O03739,8/7/2022 0:00,C0845,P202,E055,B11,PAY03739,D03739,5,1124.62,0.01,5566.87,4586.92,979.95,2012,Delivered
O03740,3/31/2020 0:00,C0489,P218,E046,B05,PAY03740,D03740,1,936.96,0.1,843.26,536.8,306.46,1290,Pending
O03741,5/27/2024 0:00,C1001,P069,E122,B12,PAY03741,D03741,5,804.08,0.12,3537.95,2726.31,811.64,2617,Pending
O03742,9/4/2025 0:00,C0809,P165,E080,B02,PAY03742,D03742,5,209.5,0.02,1026.55,827.82,198.73,3001,Cancelled
O03743,10/24/2023 0:00,C0802,P191,E147,B12,PAY03743,D03743,1,607.53,0.13,528.55,389.25,139.3,1148,Pending
O03744,2/9/2022 0:00,C0092,P180,E034,B02,PAY03744,D03744,2,1144.32,0.18,1876.68,1613.74,262.94,4132,Cancelled
O03745,9/21/2021 0:00,C0395,P228,E137,B11,PAY03745,D03745,2,213.45,0.06,401.29,253.33,147.96,1740,Cancelled
O03746,8/6/2020 0:00,C0426,P009,E019,B07,PAY03746,D03746,2,1490.72,0.18,2444.78,1672.85,771.93,2199,Cancelled
O03747,5/10/2024 0:00,C1179,P118,E102,B13,PAY03747,D03747,4,1229.54,0.15,4180.44,3573.82,606.62,1034,Cancelled
O03748,1/19/2023 0:00,C0742,P065,E087,B04,PAY03748,D03748,2,977.56,0.08,1798.71,1541.62,257.09,2539,Cancelled
O03749,10/3/2023 0:00,C1064,P167,E137,B11,PAY03749,D03749,3,420.08,0.05,1197.23,860.24,336.99,3868,Pending
O03750,4/30/2024 0:00,C0086,P236,E092,B03,PAY03750,D03750,3,1299.68,0.15,3314.18,2419.65,894.53,848,Delivered
O03751,10/21/2023 0:00,C1178,P032,E095,B02,PAY03751,D03751,3,830.81,0.05,2367.81,1636.69,731.12,1406,Pending
O03752,11/6/2024 0:00,C0196,P186,E089,B12,PAY03752,D03752,4,91.02,0.1,327.67,286.25,41.42,3726,Cancelled
O03753,8/13/2020 0:00,C0766,P152,E100,B08,PAY03753,D03753,3,1461.5,0.01,4340.65,2914.9,1425.75,4682,Pending
O03754,8/28/2023 0:00,C0813,P048,E120,B14,PAY03754,D03754,1,702.47,0.19,569,494.5,74.5,735,Delivered
O03755,6/18/2024 0:00,C1186,P262,E095,B07,PAY03755,D03755,3,677.06,0.12,1787.44,1165.83,621.61,3266,Pending
O03756,6/23/2021 0:00,C0623,P117,E008,B14,PAY03756,D03756,1,885.06,0.19,716.9,474.63,242.27,2817,Cancelled
O03757,5/11/2023 0:00,C1053,P014,E126,B02,PAY03757,D03757,1,342.46,0.05,325.34,270.04,55.3,4728,Cancelled
O03758,6/10/2021 0:00,C1169,P064,E033,B07,PAY03758,D03758,3,1369.01,0.06,3860.61,3465.93,394.68,1880,Delivered
O03759,5/5/2024 0:00,C0695,P111,E095,B01,PAY03759,D03759,5,599.75,0.18,2458.98,2008.58,450.4,4234,Cancelled
O03760,3/8/2024 0:00,C0694,P236,E029,B14,PAY03760,D03760,2,354.16,0.12,623.32,517.66,105.66,2101,Cancelled
O03761,12/5/2024 0:00,C1018,P015,E118,B15,PAY03761,D03761,3,1335.1,0.11,3564.72,2466.13,1098.59,1313,Pending
O03762,2/10/2024 0:00,C1061,P058,E052,B04,PAY03762,D03762,1,898.43,0.07,835.54,609.91,225.63,3099,Delivered
O03763,8/8/2021 0:00,C0267,P136,E128,B01,PAY03763,D03763,5,323.63,0.13,1407.79,1248.52,159.27,741,Cancelled
O03764,6/25/2020 0:00,C0480,P137,E139,B05,PAY03764,D03764,1,1217.46,0.03,1180.94,996.75,184.19,2033,Delivered
O03765,7/6/2024 0:00,C0935,P084,E146,B04,PAY03765,D03765,2,1383.29,0.05,2628.25,1899.34,728.91,1379,Cancelled
O03766,5/31/2025 0:00,C1083,P125,E061,B15,PAY03766,D03766,5,389.92,0.19,1579.18,1364.24,214.94,4138,Cancelled
O03767,11/12/2025 0:00,C0370,P085,E136,B14,PAY03767,D03767,4,838.53,0.12,2951.63,2428.37,523.26,673,Delivered
O03768,5/4/2021 0:00,C0852,P298,E094,B09,PAY03768,D03768,3,571.11,0.17,1422.06,1047.73,374.33,4089,Pending
O03769,2/27/2022 0:00,C1114,P289,E025,B03,PAY03769,D03769,1,1361.81,0.11,1212.01,1070.11,141.9,3992,Delivered
O03770,9/8/2021 0:00,C0426,P194,E138,B08,PAY03770,D03770,1,940.37,0.11,836.93,615.8,221.13,4986,Cancelled
O03771,6/5/2021 0:00,C0407,P114,E069,B13,PAY03771,D03771,4,141.89,0.01,561.88,451.1,110.78,4450,Pending
O03772,7/20/2023 0:00,C0843,P120,E142,B05,PAY03772,D03772,2,1132.08,0.11,2015.1,1649.83,365.27,2264,Pending
O03773,2/4/2024 0:00,C0275,P102,E026,B05,PAY03773,D03773,1,363.75,0.12,320.1,203.9,116.2,4161,Delivered
O03774,12/14/2023 0:00,C0876,P200,E126,B15,PAY03774,D03774,1,1095.26,0.16,920.02,702.67,217.35,4884,Delivered
O03775,9/14/2021 0:00,C0199,P016,E105,B04,PAY03775,D03775,4,318.28,0.17,1056.69,686.51,370.18,676,Delivered
O03776,9/16/2020 0:00,C1030,P158,E079,B07,PAY03776,D03776,2,1197.27,0.06,2250.87,1506.74,744.13,4209,Delivered
O03777,10/20/2023 0:00,C0013,P142,E069,B10,PAY03777,D03777,1,53.58,0.09,48.76,33.48,15.28,2347,Cancelled
O03778,11/12/2024 0:00,C0530,P161,E141,B13,PAY03778,D03778,4,364.28,0.18,1194.84,899.18,295.66,944,Pending
O03779,11/20/2021 0:00,C0440,P122,E143,B09,PAY03779,D03779,1,1080.45,0.13,939.99,604.02,335.97,3832,Delivered
O03780,11/27/2024 0:00,C0541,P170,E039,B02,PAY03780,D03780,4,749.73,0.01,2968.93,2421.16,547.77,1955,Delivered
O03781,10/5/2021 0:00,C1010,P170,E054,B01,PAY03781,D03781,4,1462.08,0.01,5789.84,4550.16,1239.68,1819,Cancelled
O03782,10/12/2021 0:00,C0315,P285,E013,B03,PAY03782,D03782,5,1076.44,0.09,4897.8,3122.99,1774.81,801,Delivered
O03783,2/15/2024 0:00,C1060,P222,E005,B02,PAY03783,D03783,2,1403.5,0.2,2245.6,1369.97,875.63,869,Cancelled
O03784,10/24/2021 0:00,C1013,P173,E043,B11,PAY03784,D03784,3,882.31,0.05,2514.58,1834.64,679.94,1604,Delivered
O03785,7/11/2024 0:00,C0780,P096,E120,B06,PAY03785,D03785,2,1215.55,0.14,2090.75,1354.38,736.37,959,Cancelled
O03786,8/2/2024 0:00,C0751,P275,E127,B05,PAY03786,D03786,4,979.9,0.09,3566.84,2549.59,1017.25,1343,Cancelled
O03787,8/4/2022 0:00,C0042,P246,E128,B06,PAY03787,D03787,5,470.86,0.05,2236.59,1344.32,892.27,4334,Delivered
O03788,7/17/2022 0:00,C1049,P060,E049,B14,PAY03788,D03788,1,205.82,0.14,177.01,156.28,20.73,3679,Pending
O03789,11/22/2025 0:00,C0147,P126,E046,B15,PAY03789,D03789,2,124.11,0.14,213.47,138.37,75.1,1388,Pending
O03790,6/8/2022 0:00,C0020,P044,E043,B01,PAY03790,D03790,3,217.95,0.13,568.85,388.32,180.53,3009,Cancelled
O03791,3/15/2023 0:00,C0037,P034,E069,B13,PAY03791,D03791,4,1349.5,0.16,4534.32,3425.84,1108.48,3282,Cancelled
O03792,12/16/2023 0:00,C1070,P073,E128,B14,PAY03792,D03792,4,689.11,0.18,2260.28,1450.75,809.53,2770,Cancelled
O03793,12/8/2022 0:00,C0384,P175,E069,B10,PAY03793,D03793,2,1147.3,0.17,1904.52,1498.42,406.1,2666,Pending
O03794,1/14/2025 0:00,C0413,P209,E077,B08,PAY03794,D03794,3,655.22,0.1,1769.09,1517.86,251.23,3420,Cancelled
O03795,10/23/2025 0:00,C0289,P239,E037,B15,PAY03795,D03795,5,646.66,0.03,3136.3,2482.03,654.27,3877,Cancelled
O03796,1/25/2020 0:00,C0225,P174,E086,B09,PAY03796,D03796,5,310.95,0.15,1321.54,1163.76,157.78,1837,Cancelled
O03797,2/18/2025 0:00,C0399,P278,E041,B10,PAY03797,D03797,4,1300.41,0.09,4733.49,3040.11,1693.38,3389,Delivered
O03798,1/25/2024 0:00,C0748,P187,E079,B05,PAY03798,D03798,4,559.83,0.16,1881.03,1592.85,288.18,3321,Pending
O03799,3/10/2025 0:00,C0220,P225,E003,B10,PAY03799,D03799,4,1288.65,0.07,4793.78,3034.58,1759.2,3184,Delivered
O03800,5/28/2021 0:00,C0480,P033,E139,B09,PAY03800,D03800,1,675.43,0.14,580.87,401.65,179.22,4177,Delivered
O03801,11/25/2025 0:00,C0320,P200,E113,B06,PAY03801,D03801,5,560.6,0.01,2774.97,2446.07,328.9,3338,Cancelled
O03802,3/4/2021 0:00,C0351,P159,E062,B03,PAY03802,D03802,4,1264.84,0.09,4604.02,3376.66,1227.36,1811,Delivered
O03803,1/4/2020 0:00,C0393,P151,E087,B02,PAY03803,D03803,3,1432.5,0.08,3953.7,2766.32,1187.38,1697,Delivered
O03804,5/28/2023 0:00,C1029,P282,E089,B06,PAY03804,D03804,5,300.62,0.2,1202.48,765.83,436.65,1720,Cancelled
O03805,4/6/2022 0:00,C1175,P268,E125,B04,PAY03805,D03805,2,1341.62,0.04,2575.91,1799.26,776.65,2815,Cancelled
O03806,3/7/2020 0:00,C1048,P060,E002,B04,PAY03806,D03806,3,1122.97,0.01,3335.22,2509.06,826.16,4507,Pending
O03807,5/11/2021 0:00,C0729,P027,E102,B12,PAY03807,D03807,1,1344.35,0.03,1304.02,1096.79,207.23,3372,Cancelled
O03808,8/13/2022 0:00,C0807,P237,E006,B01,PAY03808,D03808,5,285.15,0.1,1283.17,871.03,412.14,1517,Pending
O03809,8/17/2021 0:00,C1064,P244,E135,B01,PAY03809,D03809,3,684.85,0.05,1951.82,1689.02,262.8,3755,Pending
O03810,12/2/2023 0:00,C0307,P282,E040,B08,PAY03810,D03810,3,857.57,0.1,2315.44,1729.35,586.09,4982,Delivered
O03811,8/2/2023 0:00,C0287,P077,E085,B14,PAY03811,D03811,5,115.19,0.16,483.8,369.69,114.11,2909,Pending
O03812,10/13/2025 0:00,C1118,P110,E110,B02,PAY03812,D03812,1,1276.55,0.03,1238.25,816.64,421.61,4609,Pending
O03813,8/14/2022 0:00,C1021,P078,E051,B04,PAY03813,D03813,4,1136.5,0.18,3727.72,2547.14,1180.58,1921,Cancelled
O03814,4/26/2023 0:00,C0237,P009,E106,B02,PAY03814,D03814,5,875.8,0.17,3634.57,2351.24,1283.33,760,Pending
O03815,10/23/2024 0:00,C0567,P282,E134,B12,PAY03815,D03815,2,321.64,0.15,546.79,472.13,74.66,4168,Pending
O03816,9/17/2023 0:00,C1065,P169,E026,B13,PAY03816,D03816,2,605.07,0.17,1004.42,690.69,313.73,4690,Pending
O03817,3/10/2022 0:00,C0525,P015,E050,B02,PAY03817,D03817,3,744.06,0.18,1830.39,1264.57,565.82,4765,Cancelled
O03818,2/22/2023 0:00,C0589,P125,E014,B09,PAY03818,D03818,1,754.77,0.08,694.39,564.5,129.89,2900,Delivered
O03819,5/15/2024 0:00,C0117,P196,E146,B08,PAY03819,D03819,1,442.85,0.04,425.14,352.39,72.75,3149,Cancelled
O03820,8/31/2022 0:00,C0055,P019,E142,B12,PAY03820,D03820,1,1154.75,0.17,958.44,700.4,258.04,587,Delivered
O03821,11/20/2023 0:00,C1148,P193,E128,B05,PAY03821,D03821,1,1042.51,0.12,917.41,782.69,134.72,3221,Delivered
O03822,12/27/2021 0:00,C0151,P243,E107,B14,PAY03822,D03822,1,306.41,0.04,294.15,258.12,36.03,2609,Cancelled
O03823,8/30/2022 0:00,C0024,P223,E001,B14,PAY03823,D03823,2,476.08,0.01,942.64,598.92,343.72,4426,Delivered
O03824,3/5/2020 0:00,C0916,P217,E060,B11,PAY03824,D03824,3,1458.86,0.11,3895.16,2995.5,899.66,4000,Delivered
O03825,2/23/2025 0:00,C0877,P110,E034,B15,PAY03825,D03825,5,172.45,0.18,707.05,488.4,218.65,1063,Pending
O03826,7/20/2023 0:00,C0048,P223,E072,B13,PAY03826,D03826,2,515.31,0.14,886.33,660.23,226.1,2882,Pending
O03827,4/25/2020 0:00,C0351,P196,E017,B13,PAY03827,D03827,3,556.92,0.11,1486.98,1213.5,273.48,2695,Delivered
O03828,10/24/2020 0:00,C0482,P074,E005,B01,PAY03828,D03828,4,668.22,0.03,2592.69,2115.03,477.66,883,Cancelled
O03829,7/13/2024 0:00,C0590,P117,E060,B02,PAY03829,D03829,5,831.54,0.19,3367.74,2815.28,552.46,3274,Cancelled
O03830,12/2/2023 0:00,C0566,P131,E085,B03,PAY03830,D03830,3,421.81,0.12,1113.58,899.61,213.97,656,Cancelled
O03831,3/18/2022 0:00,C0108,P235,E027,B05,PAY03831,D03831,4,994.15,0.18,3260.81,2244.34,1016.47,1266,Cancelled
O03832,4/13/2021 0:00,C0339,P251,E107,B05,PAY03832,D03832,4,758.85,0.01,3005.05,2485.55,519.5,2305,Cancelled
O03833,1/30/2021 0:00,C0448,P037,E116,B01,PAY03833,D03833,4,1382.24,0.17,4589.04,3092.9,1496.14,630,Delivered
O03834,2/1/2024 0:00,C0319,P107,E084,B13,PAY03834,D03834,4,1305.71,0.13,4543.87,3729.53,814.34,1193,Delivered
O03835,6/25/2021 0:00,C0783,P271,E057,B15,PAY03835,D03835,5,928.43,0.13,4038.67,2809.56,1229.11,4721,Cancelled
O03836,1/9/2022 0:00,C1027,P205,E112,B05,PAY03836,D03836,5,943.07,0.14,4055.2,3417.7,637.5,3469,Delivered
O03837,6/10/2024 0:00,C1083,P133,E118,B13,PAY03837,D03837,3,250.59,0.19,608.93,490.68,118.25,2933,Cancelled
O03838,7/22/2024 0:00,C0744,P231,E058,B15,PAY03838,D03838,2,1320.39,0.13,2297.48,1513.37,784.11,1614,Cancelled
O03839,6/16/2021 0:00,C0517,P118,E032,B04,PAY03839,D03839,4,1223.57,0.04,4698.51,3469.61,1228.9,4944,Cancelled
O03840,8/28/2021 0:00,C0253,P138,E035,B10,PAY03840,D03840,5,982.13,0.05,4665.12,3921.7,743.42,1813,Cancelled
O03841,12/16/2022 0:00,C0338,P289,E017,B07,PAY03841,D03841,5,378.86,0,1894.3,1541.21,353.09,4086,Delivered
O03842,12/16/2025 0:00,C0124,P168,E082,B10,PAY03842,D03842,2,721.92,0.19,1169.51,897.59,271.92,2837,Cancelled
O03843,7/10/2021 0:00,C0372,P228,E015,B09,PAY03843,D03843,1,1140.48,0.07,1060.65,826.33,234.32,951,Pending
O03844,12/7/2023 0:00,C0723,P288,E080,B10,PAY03844,D03844,3,756.16,0.09,2064.32,1439.98,624.34,542,Pending
O03845,3/5/2025 0:00,C0228,P194,E081,B09,PAY03845,D03845,4,848.49,0.02,3326.08,2632.75,693.33,2753,Pending
O03846,7/7/2020 0:00,C1131,P197,E139,B07,PAY03846,D03846,5,1275.27,0.01,6312.59,4053.52,2259.07,3508,Delivered
O03847,4/30/2020 0:00,C0826,P203,E068,B09,PAY03847,D03847,3,1307.91,0.11,3492.12,2416.97,1075.15,4439,Cancelled
O03848,12/29/2025 0:00,C0025,P011,E105,B10,PAY03848,D03848,2,979.02,0.1,1762.24,1260.45,501.79,3904,Delivered
O03849,12/8/2024 0:00,C0493,P059,E039,B04,PAY03849,D03849,4,874.66,0.03,3393.68,2245.74,1147.94,3769,Cancelled
O03850,4/16/2020 0:00,C0978,P062,E087,B12,PAY03850,D03850,5,1495.08,0.14,6428.84,4903.17,1525.67,4828,Delivered
O03851,4/22/2024 0:00,C1126,P299,E076,B08,PAY03851,D03851,2,601.08,0.18,985.77,797.46,188.31,3873,Cancelled
O03852,3/17/2020 0:00,C0819,P087,E087,B08,PAY03852,D03852,1,814.57,0.01,806.42,712.48,93.94,1939,Pending
O03853,4/18/2025 0:00,C0847,P197,E066,B13,PAY03853,D03853,1,1281.9,0,1281.9,816.21,465.69,2611,Cancelled
O03854,3/22/2020 0:00,C1020,P073,E043,B12,PAY03854,D03854,4,757.64,0.17,2515.36,2235.56,279.8,4954,Cancelled
O03855,12/12/2021 0:00,C0802,P048,E061,B02,PAY03855,D03855,1,126.3,0.16,106.09,74.49,31.6,4808,Delivered
O03856,5/4/2025 0:00,C0191,P102,E005,B01,PAY03856,D03856,3,625.43,0.08,1726.19,1358.83,367.36,3710,Cancelled
O03857,5/11/2025 0:00,C1051,P259,E025,B08,PAY03857,D03857,3,982.39,0.16,2475.62,2065.04,410.58,1395,Delivered
O03858,11/30/2022 0:00,C0734,P101,E020,B11,PAY03858,D03858,3,449.24,0.06,1266.86,902.51,364.35,1113,Cancelled
O03859,5/20/2025 0:00,C0214,P094,E149,B06,PAY03859,D03859,3,1032.49,0.18,2539.93,1536.02,1003.91,1037,Pending
O03860,1/26/2022 0:00,C0907,P136,E011,B02,PAY03860,D03860,5,950.48,0.09,4324.68,3362.07,962.61,1758,Delivered
O03861,7/24/2023 0:00,C1006,P132,E043,B04,PAY03861,D03861,3,442.06,0.05,1259.87,953.16,306.71,962,Cancelled
O03862,12/1/2021 0:00,C0533,P109,E069,B09,PAY03862,D03862,1,723.92,0.11,644.29,470.85,173.44,3714,Cancelled
O03863,6/15/2025 0:00,C0135,P234,E014,B05,PAY03863,D03863,4,566.34,0.14,1948.21,1245.79,702.42,1446,Delivered
O03864,5/1/2021 0:00,C1187,P042,E002,B09,PAY03864,D03864,2,1431.15,0.08,2633.32,2010.17,623.15,4815,Pending
O03865,8/12/2024 0:00,C0400,P291,E119,B08,PAY03865,D03865,1,1309.41,0.03,1270.13,798.76,471.37,2579,Delivered
O03866,5/27/2022 0:00,C0701,P211,E001,B13,PAY03866,D03866,3,167.18,0.07,466.43,342.67,123.76,2289,Delivered
O03867,10/29/2023 0:00,C0960,P099,E146,B06,PAY03867,D03867,1,1384.84,0.1,1246.36,969.78,276.58,865,Cancelled
O03868,11/3/2024 0:00,C0361,P122,E029,B10,PAY03868,D03868,2,416.25,0.14,715.95,537.7,178.25,4704,Delivered
O03869,6/2/2023 0:00,C1064,P154,E068,B15,PAY03869,D03869,5,78.21,0.1,351.94,286.35,65.59,3142,Pending
O03870,8/28/2025 0:00,C0854,P215,E010,B08,PAY03870,D03870,4,1380.92,0.16,4639.89,3164.69,1475.2,1586,Pending
O03871,7/12/2021 0:00,C0124,P156,E076,B04,PAY03871,D03871,4,1347.16,0.03,5226.98,4236.01,990.97,4921,Cancelled
O03872,1/4/2021 0:00,C0112,P088,E069,B14,PAY03872,D03872,3,937.09,0.13,2445.8,1945.44,500.36,2421,Delivered
O03873,9/4/2025 0:00,C1004,P096,E147,B15,PAY03873,D03873,2,108.03,0.05,205.26,145.8,59.46,1339,Delivered
O03874,3/19/2024 0:00,C0117,P239,E096,B07,PAY03874,D03874,2,1205.97,0.06,2267.22,1480.57,786.65,647,Cancelled
O03875,5/14/2023 0:00,C0182,P196,E055,B08,PAY03875,D03875,1,858.04,0.06,806.56,647.89,158.67,3445,Pending
O03876,11/3/2021 0:00,C0413,P098,E091,B05,PAY03876,D03876,3,1134.6,0.06,3199.57,2400.41,799.16,4191,Pending
O03877,12/5/2024 0:00,C0210,P273,E068,B14,PAY03877,D03877,2,913.46,0.19,1479.81,1012.26,467.55,1842,Pending
O03878,3/6/2022 0:00,C0009,P077,E020,B02,PAY03878,D03878,5,1148.89,0.05,5457.23,3910,1547.23,4562,Pending
O03879,5/20/2025 0:00,C0120,P218,E102,B14,PAY03879,D03879,3,222.56,0.05,634.3,406.28,228.02,1604,Cancelled
O03880,1/2/2023 0:00,C0328,P274,E098,B06,PAY03880,D03880,5,618.08,0.04,2966.78,2436.73,530.05,1000,Pending
O03881,12/11/2023 0:00,C0142,P081,E081,B06,PAY03881,D03881,2,771.51,0.05,1465.87,1155.04,310.83,4352,Pending
O03882,1/22/2025 0:00,C0397,P251,E011,B15,PAY03882,D03882,3,871.75,0.03,2536.79,2099.22,437.57,999,Cancelled
O03883,2/25/2024 0:00,C0169,P175,E020,B11,PAY03883,D03883,1,788.11,0.15,669.89,587.8,82.09,2474,Cancelled
O03884,12/20/2024 0:00,C0890,P265,E150,B01,PAY03884,D03884,2,1053.94,0.12,1854.93,1354.48,500.45,1045,Delivered
O03885,6/1/2025 0:00,C0073,P088,E108,B10,PAY03885,D03885,3,543.17,0.14,1401.38,1067.11,334.27,4625,Delivered
O03886,4/14/2025 0:00,C0527,P189,E093,B11,PAY03886,D03886,1,178.7,0.16,150.11,90.26,59.85,1624,Cancelled
O03887,9/3/2021 0:00,C0901,P213,E148,B13,PAY03887,D03887,1,1129.06,0.04,1083.9,784.72,299.18,729,Delivered
O03888,10/24/2024 0:00,C0958,P060,E061,B14,PAY03888,D03888,1,640.31,0.07,595.49,494.34,101.15,2559,Delivered
O03889,4/4/2021 0:00,C0612,P292,E104,B06,PAY03889,D03889,3,1349.33,0.12,3562.23,2730.18,832.05,4955,Delivered
O03890,5/25/2021 0:00,C0176,P249,E114,B10,PAY03890,D03890,3,798.31,0.17,1987.79,1543.93,443.86,4007,Delivered
O03891,10/2/2021 0:00,C0930,P284,E033,B01,PAY03891,D03891,5,1490.21,0.17,6184.37,4271.67,1912.7,780,Delivered
O03892,1/22/2020 0:00,C0655,P256,E099,B01,PAY03892,D03892,3,318.52,0.19,774,519.29,254.71,2996,Delivered
O03893,8/15/2024 0:00,C0004,P167,E107,B14,PAY03893,D03893,5,906.94,0.15,3854.5,2364.33,1490.17,3508,Pending
O03894,12/14/2023 0:00,C0986,P015,E150,B05,PAY03894,D03894,3,869.13,0.2,2085.91,1723.75,362.16,2175,Delivered
O03895,3/7/2024 0:00,C0291,P069,E053,B14,PAY03895,D03895,5,1401.1,0.02,6865.39,6002.19,863.2,4400,Pending
O03896,4/5/2023 0:00,C0334,P064,E058,B11,PAY03896,D03896,2,1315.64,0.05,2499.72,1535.86,963.86,4876,Delivered
O03897,9/14/2021 0:00,C0031,P275,E034,B08,PAY03897,D03897,2,820.6,0.11,1460.67,914,546.67,940,Cancelled
O03898,7/19/2022 0:00,C1188,P064,E106,B02,PAY03898,D03898,5,1158.96,0.11,5157.37,4229.01,928.36,718,Pending
O03899,6/27/2020 0:00,C0896,P095,E086,B04,PAY03899,D03899,5,437.58,0.11,1947.23,1175.5,771.73,1248,Cancelled
O03900,5/27/2020 0:00,C0422,P031,E058,B14,PAY03900,D03900,1,1235.42,0.17,1025.4,683.68,341.72,1018,Pending
O03901,4/25/2020 0:00,C0319,P200,E048,B08,PAY03901,D03901,5,1487.25,0.08,6841.35,6029.82,811.53,4297,Cancelled
O03902,12/8/2024 0:00,C0647,P153,E030,B08,PAY03902,D03902,4,465.55,0.2,1489.76,1297.44,192.32,4328,Cancelled
O03903,3/4/2020 0:00,C0007,P191,E077,B05,PAY03903,D03903,5,1380.51,0.11,6143.27,5428.56,714.71,4808,Pending
O03904,1/17/2024 0:00,C1104,P241,E042,B09,PAY03904,D03904,1,715.89,0.12,629.98,378.66,251.32,1777,Cancelled
O03905,10/17/2022 0:00,C0709,P290,E073,B15,PAY03905,D03905,1,150.51,0.01,149,115.74,33.26,1045,Cancelled
O03906,8/25/2025 0:00,C0322,P191,E110,B03,PAY03906,D03906,3,1479.97,0.09,4040.32,2685.26,1355.06,882,Cancelled
O03907,12/10/2022 0:00,C0272,P088,E146,B02,PAY03907,D03907,2,564.34,0.11,1004.53,797.67,206.86,879,Cancelled
O03908,12/11/2024 0:00,C1130,P153,E144,B05,PAY03908,D03908,4,1379.74,0.03,5353.39,3469.64,1883.75,2250,Delivered
O03909,6/9/2023 0:00,C0358,P126,E026,B15,PAY03909,D03909,5,236.38,0.1,1063.71,767.41,296.3,1074,Cancelled
O03910,9/15/2023 0:00,C0761,P010,E069,B09,PAY03910,D03910,3,1374.38,0.2,3298.51,2046.98,1251.53,1810,Delivered
O03911,7/28/2020 0:00,C0447,P247,E006,B01,PAY03911,D03911,2,329.22,0.1,592.6,401.5,191.1,2332,Delivered
O03912,8/16/2024 0:00,C0969,P126,E011,B13,PAY03912,D03912,1,309.77,0.2,247.82,194.69,53.13,2264,Delivered
O03913,10/29/2025 0:00,C0110,P014,E033,B04,PAY03913,D03913,3,1347,0.08,3717.72,2659.57,1058.15,3012,Cancelled
O03914,4/25/2020 0:00,C0610,P241,E140,B13,PAY03914,D03914,5,1146.51,0.12,5044.64,3625.16,1419.48,2023,Pending
O03915,11/10/2022 0:00,C0667,P081,E121,B06,PAY03915,D03915,1,1365.44,0.15,1160.62,783.77,376.85,1750,Cancelled
O03916,9/29/2022 0:00,C0673,P107,E038,B13,PAY03916,D03916,3,1487.37,0.05,4239,3047.29,1191.71,3064,Delivered
O03917,3/25/2025 0:00,C1063,P218,E041,B09,PAY03917,D03917,2,316.23,0.14,543.92,412.6,131.32,3249,Pending
O03918,9/10/2024 0:00,C0533,P048,E097,B05,PAY03918,D03918,4,1360.97,0.01,5389.44,4666.62,722.82,3709,Delivered
O03919,2/3/2020 0:00,C0399,P205,E006,B11,PAY03919,D03919,3,974.4,0.09,2660.11,2354.86,305.25,4250,Delivered
O03920,2/17/2022 0:00,C0984,P220,E125,B12,PAY03920,D03920,1,1411.31,0.09,1284.29,874.61,409.68,3150,Delivered
O03921,9/15/2025 0:00,C1005,P167,E027,B11,PAY03921,D03921,3,21.82,0.18,53.68,33.5,20.18,4725,Cancelled
O03922,6/1/2023 0:00,C0571,P066,E104,B06,PAY03922,D03922,2,862.95,0.14,1484.27,1281.2,203.07,767,Pending
O03923,7/27/2023 0:00,C0315,P210,E130,B09,PAY03923,D03923,3,1471.08,0.19,3574.72,2170.24,1404.48,1943,Pending
O03924,10/21/2024 0:00,C0318,P095,E049,B05,PAY03924,D03924,3,1351.53,0.04,3892.41,3304.42,587.99,2322,Pending
O03925,3/10/2022 0:00,C0080,P279,E106,B04,PAY03925,D03925,5,1114.76,0.03,5406.59,3821.87,1584.72,673,Cancelled
O03926,5/1/2021 0:00,C0537,P175,E048,B05,PAY03926,D03926,4,114.19,0.14,392.81,341.1,51.71,3574,Cancelled
O03927,5/15/2023 0:00,C0372,P195,E024,B08,PAY03927,D03927,1,1174.88,0.03,1139.63,931.55,208.08,902,Delivered
O03928,5/20/2021 0:00,C0618,P127,E117,B06,PAY03928,D03928,1,512.5,0.07,476.62,406.5,70.12,901,Pending
O03929,3/22/2025 0:00,C1084,P177,E128,B14,PAY03929,D03929,2,1476.29,0.16,2480.17,1591.24,888.93,1797,Delivered
O03930,6/15/2023 0:00,C0809,P248,E020,B15,PAY03930,D03930,3,701.27,0,2103.81,1690.82,412.99,4005,Cancelled
O03931,1/12/2021 0:00,C0409,P158,E112,B11,PAY03931,D03931,2,746.24,0.15,1268.61,1125.7,142.91,2794,Pending
O03932,6/3/2021 0:00,C0731,P183,E019,B09,PAY03932,D03932,5,863.22,0.07,4013.97,3125.16,888.81,2644,Pending
O03933,5/21/2024 0:00,C0759,P197,E119,B09,PAY03933,D03933,2,411.04,0.17,682.33,453.82,228.51,871,Pending
O03934,4/26/2022 0:00,C0200,P115,E095,B10,PAY03934,D03934,2,416.47,0.18,683.01,558.85,124.16,3670,Cancelled
O03935,8/22/2021 0:00,C0768,P200,E027,B10,PAY03935,D03935,1,526.1,0.17,436.66,391.24,45.42,4206,Pending
O03936,3/18/2025 0:00,C0197,P060,E102,B10,PAY03936,D03936,5,314.55,0.01,1557.02,1374.96,182.06,2565,Cancelled
O03937,11/29/2021 0:00,C1105,P137,E049,B09,PAY03937,D03937,1,1253.5,0.15,1065.47,679.56,385.91,2204,Delivered
O03938,4/19/2025 0:00,C0565,P207,E114,B14,PAY03938,D03938,3,997.23,0.06,2812.19,2236.9,575.29,4976,Pending
O03939,11/24/2021 0:00,C0530,P085,E079,B03,PAY03939,D03939,5,111.85,0.16,469.77,334.53,135.24,2844,Delivered
O03940,6/23/2023 0:00,C1076,P145,E090,B06,PAY03940,D03940,3,26.44,0.07,73.77,48.53,25.24,712,Delivered
O03941,12/23/2022 0:00,C0915,P121,E118,B02,PAY03941,D03941,1,220.61,0.1,198.55,162.21,36.34,2584,Cancelled
O03942,10/18/2020 0:00,C0381,P093,E023,B04,PAY03942,D03942,1,651.86,0.2,521.49,402.66,118.83,4583,Cancelled
O03943,10/13/2022 0:00,C0719,P171,E029,B09,PAY03943,D03943,2,929.43,0.15,1580.03,1279.62,300.41,2960,Delivered
O03944,1/5/2024 0:00,C0815,P235,E083,B11,PAY03944,D03944,1,457.28,0.04,438.99,307.36,131.63,2511,Cancelled
O03945,1/6/2022 0:00,C0138,P113,E070,B12,PAY03945,D03945,2,464.09,0.1,835.36,698.34,137.02,1249,Cancelled
O03946,2/25/2023 0:00,C0748,P237,E014,B03,PAY03946,D03946,5,930.15,0.1,4185.68,2868,1317.68,1261,Delivered
O03947,12/28/2025 0:00,C0376,P213,E042,B05,PAY03947,D03947,5,225.44,0.15,958.12,580.94,377.18,4213,Pending
O03948,8/15/2025 0:00,C0223,P250,E007,B14,PAY03948,D03948,1,1313.19,0.09,1195,747.96,447.04,4035,Pending
O03949,1/5/2023 0:00,C0953,P223,E084,B08,PAY03949,D03949,1,1424.5,0.14,1225.07,760.88,464.19,4594,Cancelled
O03950,11/21/2024 0:00,C0637,P231,E043,B04,PAY03950,D03950,5,1278.35,0.07,5944.33,4896.33,1048,3721,Pending
O03951,7/22/2025 0:00,C0605,P037,E095,B03,PAY03951,D03951,5,714.05,0,3570.25,2720.21,850.04,3509,Delivered
O03952,9/11/2022 0:00,C0339,P109,E015,B02,PAY03952,D03952,4,671.55,0.12,2363.86,1423.7,940.16,897,Delivered
O03953,5/19/2022 0:00,C0585,P008,E052,B04,PAY03953,D03953,1,798.42,0.1,718.58,478.35,240.23,1772,Pending
O03954,10/30/2022 0:00,C0932,P022,E042,B02,PAY03954,D03954,1,334.29,0.01,330.95,278.56,52.39,1896,Pending
O03955,6/13/2020 0:00,C0621,P013,E094,B12,PAY03955,D03955,2,667.01,0.14,1147.26,1001.69,145.57,875,Cancelled
O03956,6/8/2021 0:00,C0773,P276,E069,B04,PAY03956,D03956,1,1297.28,0.12,1141.61,760.58,381.03,776,Delivered
O03957,8/7/2021 0:00,C0873,P055,E016,B14,PAY03957,D03957,4,1396.11,0.06,5249.37,3507.89,1741.48,2226,Cancelled
O03958,11/5/2020 0:00,C0886,P251,E139,B13,PAY03958,D03958,3,225.34,0.18,554.34,379.3,175.04,2219,Cancelled
O03959,7/31/2023 0:00,C0338,P207,E020,B09,PAY03959,D03959,1,1206.61,0.05,1146.28,926.12,220.16,1736,Delivered
O03960,11/5/2021 0:00,C0692,P247,E105,B03,PAY03960,D03960,5,1032.66,0.03,5008.4,4330.94,677.46,2913,Delivered
O03961,11/2/2020 0:00,C0400,P087,E025,B01,PAY03961,D03961,4,1342.25,0.14,4617.34,3744.27,873.07,2294,Pending
O03962,11/5/2021 0:00,C0517,P168,E020,B10,PAY03962,D03962,3,868.18,0.05,2474.31,1518.47,955.84,2504,Pending
O03963,12/20/2020 0:00,C0643,P242,E097,B11,PAY03963,D03963,3,490.8,0.02,1442.95,912.77,530.18,3416,Pending
O03964,11/14/2023 0:00,C0974,P242,E105,B04,PAY03964,D03964,1,1438.27,0.06,1351.97,1022.45,329.52,2482,Cancelled
O03965,9/8/2020 0:00,C1017,P048,E056,B03,PAY03965,D03965,2,896.66,0.05,1703.65,1314.93,388.72,3772,Cancelled
O03966,2/13/2022 0:00,C0609,P108,E062,B08,PAY03966,D03966,2,739.49,0.02,1449.4,1133.09,316.31,4347,Cancelled
O03967,12/27/2021 0:00,C0534,P297,E026,B01,PAY03967,D03967,2,903.03,0.19,1462.91,1002.2,460.71,1826,Pending
O03968,12/3/2025 0:00,C0870,P148,E134,B04,PAY03968,D03968,3,497.41,0.09,1357.93,1167.57,190.36,3963,Pending
O03969,1/21/2024 0:00,C1075,P150,E104,B11,PAY03969,D03969,3,786.88,0.01,2337.03,1704.7,632.33,1344,Delivered
O03970,6/22/2021 0:00,C0777,P070,E027,B13,PAY03970,D03970,2,1283.74,0.05,2439.11,2128.53,310.58,1580,Pending
O03971,3/27/2020 0:00,C0298,P246,E011,B03,PAY03971,D03971,3,1331.01,0.19,3234.35,2063.21,1171.14,4794,Cancelled
O03972,9/15/2024 0:00,C0879,P016,E121,B15,PAY03972,D03972,5,205.11,0.14,881.97,753.92,128.05,4012,Cancelled
O03973,8/23/2021 0:00,C1153,P073,E070,B11,PAY03973,D03973,3,1384.88,0.04,3988.45,3246.52,741.93,4495,Delivered
O03974,5/24/2021 0:00,C0817,P029,E056,B05,PAY03974,D03974,3,879.53,0.01,2612.2,1951.17,661.03,3125,Pending
O03975,5/25/2024 0:00,C1181,P177,E137,B05,PAY03975,D03975,4,40.68,0.18,133.43,119.02,14.41,1945,Cancelled
O03976,7/2/2020 0:00,C0299,P045,E133,B04,PAY03976,D03976,5,1469.61,0.06,6907.17,4445.82,2461.35,4649,Cancelled
O03977,9/14/2025 0:00,C0789,P268,E135,B03,PAY03977,D03977,2,796.64,0.15,1354.29,836.94,517.35,3306,Delivered
O03978,6/6/2025 0:00,C0749,P287,E143,B05,PAY03978,D03978,1,1005.97,0.17,834.96,514.59,320.37,2307,Cancelled
O03979,3/29/2025 0:00,C1164,P171,E050,B11,PAY03979,D03979,2,243.09,0.09,442.42,339.12,103.3,3390,Cancelled
O03980,5/1/2025 0:00,C0863,P108,E117,B05,PAY03980,D03980,5,243.3,0.11,1082.68,774.98,307.7,3525,Delivered
O03981,9/27/2021 0:00,C0224,P243,E092,B04,PAY03981,D03981,4,1355.63,0.01,5368.29,3743.56,1624.73,1130,Delivered
O03982,11/10/2025 0:00,C0291,P012,E006,B12,PAY03982,D03982,5,330.89,0.18,1356.65,959.43,397.22,4175,Cancelled
O03983,4/14/2021 0:00,C0241,P169,E042,B10,PAY03983,D03983,1,1374.66,0.05,1305.93,810.85,495.08,946,Delivered
O03984,5/15/2024 0:00,C0014,P015,E009,B13,PAY03984,D03984,4,405.45,0.1,1459.62,1069.39,390.23,4045,Cancelled
O03985,3/19/2022 0:00,C0222,P082,E027,B08,PAY03985,D03985,1,1133.38,0.19,918.04,737.81,180.23,3065,Pending
O03986,3/16/2021 0:00,C1010,P024,E026,B07,PAY03986,D03986,4,94.57,0.16,317.76,248.79,68.97,4713,Delivered
O03987,6/21/2024 0:00,C0838,P257,E010,B07,PAY03987,D03987,5,367.99,0.12,1619.16,1206.9,412.26,3211,Pending
O03988,8/26/2021 0:00,C0212,P110,E052,B07,PAY03988,D03988,2,881.59,0.06,1657.39,1383.78,273.61,2193,Delivered
O03989,11/22/2024 0:00,C0251,P068,E068,B03,PAY03989,D03989,1,659.62,0.05,626.64,478.23,148.41,4041,Pending
O03990,8/25/2024 0:00,C0247,P271,E035,B07,PAY03990,D03990,4,536.03,0.14,1843.94,1204.32,639.62,2411,Cancelled
O03991,11/17/2021 0:00,C0385,P286,E121,B09,PAY03991,D03991,5,293.14,0.11,1304.47,892.35,412.12,3380,Delivered
O03992,9/8/2023 0:00,C0709,P217,E014,B14,PAY03992,D03992,5,1192.46,0.01,5902.68,3646.77,2255.91,574,Pending
O03993,4/21/2021 0:00,C0463,P083,E059,B05,PAY03993,D03993,2,389.34,0.2,622.94,525.22,97.72,2848,Pending
O03994,7/12/2024 0:00,C0751,P012,E120,B09,PAY03994,D03994,1,1144.36,0.09,1041.37,881.16,160.21,1672,Delivered
O03995,2/2/2020 0:00,C0978,P055,E062,B11,PAY03995,D03995,4,1068.34,0.1,3846.02,2398.54,1447.48,2270,Delivered
O03996,5/17/2023 0:00,C1078,P257,E062,B13,PAY03996,D03996,4,304.49,0.07,1132.7,845.91,286.79,4534,Cancelled
O03997,11/26/2023 0:00,C0498,P182,E070,B07,PAY03997,D03997,3,928.33,0.02,2729.29,2095.71,633.58,4665,Pending
O03998,6/18/2020 0:00,C1013,P090,E009,B05,PAY03998,D03998,2,262.13,0.14,450.86,405.57,45.29,1776,Cancelled
O03999,12/18/2023 0:00,C0702,P118,E042,B14,PAY03999,D03999,4,942.76,0.19,3054.54,2318.28,736.26,2977,Cancelled
O04000,11/23/2025 0:00,C0708,P246,E004,B01,PAY04000,D04000,4,1223.65,0.11,4356.19,2616.26,1739.93,2530,Pending
O04001,8/23/2024 0:00,C0866,P181,E033,B10,PAY04001,D04001,4,194.82,0.1,701.35,461.44,239.91,4307,Cancelled
O04002,2/24/2023 0:00,C0767,P125,E131,B10,PAY04002,D04002,3,362.1,0.02,1064.57,923.97,140.6,4886,Cancelled
O04003,4/5/2020 0:00,C1069,P095,E129,B04,PAY04003,D04003,3,219.56,0.19,533.53,434.83,98.7,4736,Delivered
O04004,7/12/2022 0:00,C1181,P047,E039,B02,PAY04004,D04004,2,672.49,0.14,1156.68,970.46,186.22,4854,Pending
O04005,5/23/2020 0:00,C0939,P129,E008,B15,PAY04005,D04005,5,528.25,0.02,2588.42,1857.78,730.64,2994,Delivered
O04006,1/25/2024 0:00,C0100,P048,E130,B05,PAY04006,D04006,3,193.43,0.12,510.66,334.56,176.1,3672,Pending
O04007,7/21/2021 0:00,C0477,P143,E064,B04,PAY04007,D04007,3,1342.79,0.08,3706.1,2450.04,1256.06,3475,Cancelled
O04008,9/20/2023 0:00,C0587,P287,E142,B02,PAY04008,D04008,4,1313.77,0,5255.08,3465.26,1789.82,4703,Cancelled
O04009,1/11/2020 0:00,C0236,P257,E078,B15,PAY04009,D04009,3,908.82,0.11,2426.55,1577.43,849.12,4425,Cancelled
O04010,1/23/2024 0:00,C0832,P050,E049,B06,PAY04010,D04010,1,234.7,0.1,211.23,177.07,34.16,4433,Delivered
O04011,10/9/2024 0:00,C0700,P157,E029,B02,PAY04011,D04011,1,1150.02,0.12,1012.02,801.26,210.76,3580,Pending
O04012,5/8/2020 0:00,C1102,P156,E043,B15,PAY04012,D04012,3,177.32,0.13,462.81,380.6,82.21,4511,Pending
O04013,9/23/2024 0:00,C0983,P036,E130,B11,PAY04013,D04013,4,893.04,0.03,3465,2194.17,1270.83,2859,Pending
O04014,8/20/2025 0:00,C0328,P136,E107,B08,PAY04014,D04014,2,247.03,0,494.06,395.16,98.9,3594,Pending
O04015,12/27/2025 0:00,C0109,P025,E149,B11,PAY04015,D04015,5,263.2,0.09,1197.56,795.62,401.94,1728,Cancelled
O04016,5/9/2020 0:00,C0884,P108,E063,B03,PAY04016,D04016,4,1219.02,0.1,4388.47,3306.09,1082.38,4098,Pending
O04017,12/16/2024 0:00,C0635,P034,E020,B08,PAY04017,D04017,1,1493.88,0.14,1284.74,954.26,330.48,4690,Pending
O04018,12/1/2022 0:00,C0122,P215,E016,B04,PAY04018,D04018,3,1311.7,0.01,3895.75,3063.39,832.36,4835,Pending
O04019,5/2/2021 0:00,C0489,P042,E089,B14,PAY04019,D04019,2,1193.53,0.1,2148.35,1710.15,438.2,735,Pending
O04020,5/26/2024 0:00,C1121,P196,E099,B13,PAY04020,D04020,3,134.41,0.12,354.84,227.25,127.59,3433,Delivered
O04021,8/17/2025 0:00,C0669,P181,E049,B11,PAY04021,D04021,2,684.42,0.13,1190.89,992.17,198.72,4111,Cancelled
O04022,2/25/2020 0:00,C0834,P064,E026,B01,PAY04022,D04022,3,593.07,0.01,1761.42,1533.11,228.31,2617,Cancelled
O04023,4/11/2023 0:00,C1175,P206,E095,B03,PAY04023,D04023,4,299.82,0.19,971.42,868.12,103.3,2653,Cancelled
O04024,11/18/2022 0:00,C0260,P243,E063,B09,PAY04024,D04024,3,1156.28,0.06,3260.71,2200.84,1059.87,3362,Delivered
O04025,1/21/2020 0:00,C0734,P168,E077,B03,PAY04025,D04025,5,567.21,0.17,2353.92,1873.21,480.71,799,Delivered
O04026,7/19/2024 0:00,C1171,P003,E098,B05,PAY04026,D04026,3,904.29,0.18,2224.55,1616.31,608.24,4143,Delivered
O04027,9/1/2024 0:00,C0817,P299,E031,B13,PAY04027,D04027,4,156.42,0.04,600.65,493.07,107.58,1381,Cancelled
O04028,12/22/2025 0:00,C0419,P203,E093,B15,PAY04028,D04028,3,341.5,0.06,963.03,758.42,204.61,4823,Delivered
O04029,9/30/2023 0:00,C0415,P106,E011,B06,PAY04029,D04029,5,1120.99,0.13,4876.31,3667.5,1208.81,3741,Cancelled
O04030,5/23/2024 0:00,C0813,P261,E042,B03,PAY04030,D04030,2,156.48,0.08,287.92,224.96,62.96,1758,Delivered
O04031,2/4/2025 0:00,C1195,P098,E004,B08,PAY04031,D04031,1,580.04,0.1,522.04,329.84,192.2,1820,Delivered
O04032,5/14/2024 0:00,C0560,P251,E045,B05,PAY04032,D04032,4,971.61,0.03,3769.85,3057.99,711.86,880,Cancelled
O04033,2/25/2025 0:00,C0084,P122,E113,B15,PAY04033,D04033,3,686.81,0.15,1751.37,1499.84,251.53,2830,Cancelled
O04034,1/28/2022 0:00,C0158,P235,E110,B11,PAY04034,D04034,5,1363.05,0.06,6406.34,5672.53,733.81,1653,Pending
O04035,12/17/2022 0:00,C0645,P272,E109,B07,PAY04035,D04035,5,554.1,0.02,2715.09,2044.94,670.15,3589,Pending
O04036,1/9/2024 0:00,C0096,P122,E017,B15,PAY04036,D04036,4,856.95,0.06,3222.13,1960.75,1261.38,2909,Delivered
O04037,4/11/2022 0:00,C0588,P114,E088,B09,PAY04037,D04037,2,1278.07,0.08,2351.65,1858.92,492.73,4760,Cancelled
O04038,9/16/2022 0:00,C0071,P064,E034,B02,PAY04038,D04038,2,452.84,0.04,869.45,660.26,209.19,2058,Cancelled
O04039,8/19/2024 0:00,C0231,P208,E070,B01,PAY04039,D04039,1,715.8,0.05,680.01,566.81,113.2,3922,Cancelled
O04040,8/21/2020 0:00,C0873,P183,E006,B10,PAY04040,D04040,4,1487.57,0.13,5176.74,4091.11,1085.63,4170,Pending
O04041,8/2/2023 0:00,C1068,P212,E023,B07,PAY04041,D04041,1,62.38,0.11,55.52,37.95,17.57,3188,Cancelled
O04042,10/21/2025 0:00,C0089,P085,E141,B15,PAY04042,D04042,2,794.13,0.16,1334.14,848.73,485.41,3532,Delivered
O04043,2/17/2025 0:00,C0437,P168,E137,B03,PAY04043,D04043,4,1269.26,0.18,4163.17,2993.78,1169.39,3431,Cancelled
O04044,4/29/2021 0:00,C0909,P114,E122,B15,PAY04044,D04044,5,1411.38,0.05,6704.06,5999.04,705.02,638,Cancelled
O04045,8/2/2025 0:00,C0617,P085,E146,B08,PAY04045,D04045,5,459.95,0.1,2069.78,1387.35,682.43,2442,Cancelled
O04046,10/1/2025 0:00,C0845,P128,E033,B14,PAY04046,D04046,1,559.32,0.03,542.54,326.49,216.05,3195,Delivered
O04047,4/18/2024 0:00,C0922,P041,E085,B09,PAY04047,D04047,5,1274.13,0.02,6243.24,3994.85,2248.39,4326,Pending
O04048,11/19/2024 0:00,C0633,P229,E061,B07,PAY04048,D04048,2,1152.98,0.11,2052.3,1595.49,456.81,3129,Delivered
O04049,6/30/2022 0:00,C0207,P046,E055,B10,PAY04049,D04049,1,1077.16,0.06,1012.53,835.24,177.29,4673,Pending
O04050,8/27/2021 0:00,C0834,P292,E016,B04,PAY04050,D04050,5,589.79,0.05,2801.5,2370.18,431.32,4525,Pending
O04051,2/16/2020 0:00,C0871,P096,E137,B11,PAY04051,D04051,2,493.8,0.17,819.71,702.25,117.46,3347,Cancelled
O04052,11/11/2024 0:00,C0341,P098,E064,B12,PAY04052,D04052,2,87.74,0.09,159.69,109.23,50.46,3311,Pending
O04053,10/5/2022 0:00,C0109,P097,E005,B04,PAY04053,D04053,5,118.08,0.13,513.65,390.52,123.13,3470,Cancelled
O04054,12/18/2025 0:00,C1114,P212,E005,B15,PAY04054,D04054,2,536.11,0.03,1040.05,895.89,144.16,3104,Delivered
O04055,2/2/2023 0:00,C0401,P273,E146,B11,PAY04055,D04055,1,843.01,0.03,817.72,693.92,123.8,2998,Delivered
O04056,12/11/2022 0:00,C1082,P139,E059,B10,PAY04056,D04056,5,309.44,0.15,1315.12,993.65,321.47,818,Pending
O04057,8/25/2023 0:00,C0952,P137,E119,B02,PAY04057,D04057,5,906.27,0.19,3670.39,3102.16,568.23,1748,Delivered
O04058,7/5/2024 0:00,C0855,P018,E087,B11,PAY04058,D04058,1,565.86,0.05,537.57,370.54,167.03,3134,Pending
O04059,1/26/2022 0:00,C0291,P277,E101,B08,PAY04059,D04059,5,639.9,0.16,2687.58,1717,970.58,2113,Pending
O04060,3/10/2025 0:00,C0085,P235,E010,B06,PAY04060,D04060,4,1487.28,0.16,4997.26,3400.76,1596.5,4123,Cancelled
O04061,6/24/2022 0:00,C0549,P207,E062,B06,PAY04061,D04061,4,69.73,0.13,242.66,175.12,67.54,3235,Cancelled
O04062,7/5/2020 0:00,C0656,P269,E034,B09,PAY04062,D04062,4,1411.3,0.09,5137.13,3559.42,1577.71,1132,Pending
O04063,4/20/2024 0:00,C0775,P185,E143,B03,PAY04063,D04063,2,459.03,0.11,817.07,694.44,122.63,2398,Cancelled
O04064,8/3/2025 0:00,C0519,P280,E071,B01,PAY04064,D04064,5,1109.66,0.08,5104.44,3157.03,1947.41,4971,Cancelled
O04065,10/14/2022 0:00,C1153,P028,E006,B12,PAY04065,D04065,3,947.49,0.1,2558.22,2179.86,378.36,910,Cancelled
O04066,5/26/2025 0:00,C0780,P071,E116,B02,PAY04066,D04066,3,1445.77,0.08,3990.33,3205.13,785.2,2483,Pending
O04067,8/14/2022 0:00,C0280,P047,E002,B05,PAY04067,D04067,1,586.46,0.03,568.87,478.16,90.71,3607,Delivered
O04068,8/1/2021 0:00,C0896,P173,E050,B01,PAY04068,D04068,4,195.19,0.18,640.22,406.49,233.73,3798,Pending
O04069,8/27/2023 0:00,C0823,P007,E117,B02,PAY04069,D04069,2,805.82,0.04,1547.17,1121.44,425.73,1922,Delivered
O04070,6/22/2024 0:00,C0611,P267,E142,B12,PAY04070,D04070,2,810.84,0.07,1508.16,1215.1,293.06,1903,Delivered
O04071,7/18/2022 0:00,C1112,P293,E086,B01,PAY04071,D04071,5,1010.96,0.02,4953.7,3126.54,1827.16,2758,Delivered
O04072,8/5/2025 0:00,C0863,P122,E147,B02,PAY04072,D04072,3,38.33,0.1,103.49,77.67,25.82,2244,Cancelled
O04073,9/13/2025 0:00,C0195,P196,E039,B01,PAY04073,D04073,1,90.32,0.09,82.19,71.02,11.17,2903,Delivered
O04074,5/6/2024 0:00,C0583,P127,E070,B14,PAY04074,D04074,2,406.21,0.13,706.81,522.6,184.21,2977,Delivered
O04075,11/1/2024 0:00,C0841,P296,E042,B11,PAY04075,D04075,4,1263.64,0.18,4144.74,2617.51,1527.23,946,Cancelled
O04076,3/18/2023 0:00,C0644,P251,E089,B14,PAY04076,D04076,5,507.32,0.05,2409.77,1718.4,691.37,1499,Pending
O04077,6/7/2025 0:00,C0450,P079,E061,B04,PAY04077,D04077,2,260.81,0.15,443.38,286.44,156.94,3117,Cancelled
O04078,6/2/2022 0:00,C1177,P046,E046,B03,PAY04078,D04078,2,119.08,0.12,209.58,132.69,76.89,551,Pending
O04079,11/11/2020 0:00,C0798,P079,E061,B14,PAY04079,D04079,5,771.06,0.07,3585.43,2326.13,1259.3,2092,Pending
O04080,4/16/2020 0:00,C0485,P225,E015,B06,PAY04080,D04080,1,1014.7,0.18,832.05,636.59,195.46,4157,Delivered
O04081,2/24/2022 0:00,C0824,P204,E001,B01,PAY04081,D04081,5,381.56,0.15,1621.63,1388.74,232.89,540,Cancelled
O04082,1/1/2021 0:00,C0365,P238,E001,B04,PAY04082,D04082,4,656.99,0.16,2207.49,1856.06,351.43,865,Pending
O04083,8/1/2023 0:00,C1089,P174,E057,B04,PAY04083,D04083,3,531.56,0.18,1307.64,1011.99,295.65,3210,Pending
O04084,4/22/2025 0:00,C0336,P067,E141,B09,PAY04084,D04084,1,295.68,0.15,251.33,161.4,89.93,3483,Cancelled
O04085,6/3/2024 0:00,C0834,P081,E135,B06,PAY04085,D04085,4,371.25,0.08,1366.2,931.91,434.29,1746,Cancelled
O04086,6/9/2022 0:00,C1117,P184,E088,B05,PAY04086,D04086,4,491.11,0.15,1669.77,1436.78,232.99,2462,Pending
O04087,5/19/2024 0:00,C0685,P118,E048,B03,PAY04087,D04087,5,842.63,0.15,3581.18,2228.5,1352.68,1726,Delivered
O04088,9/16/2020 0:00,C0098,P207,E055,B14,PAY04088,D04088,5,954.7,0.04,4582.56,4118.49,464.07,4157,Cancelled
O04089,12/22/2020 0:00,C0527,P104,E104,B13,PAY04089,D04089,5,90.32,0.1,406.44,304.66,101.78,1982,Delivered
O04090,7/5/2024 0:00,C0294,P079,E074,B06,PAY04090,D04090,5,1145.91,0.17,4755.53,3028.5,1727.03,3324,Delivered
O04091,11/13/2023 0:00,C0973,P260,E014,B07,PAY04091,D04091,3,961.79,0.1,2596.83,1561.55,1035.28,2823,Delivered
O04092,3/11/2020 0:00,C0570,P141,E062,B10,PAY04092,D04092,4,1336.46,0.03,5185.46,3433.19,1752.27,1710,Pending
O04093,2/26/2021 0:00,C0572,P044,E125,B05,PAY04093,D04093,3,71.45,0.13,186.48,156.23,30.25,1527,Pending
O04094,4/2/2025 0:00,C0429,P024,E078,B01,PAY04094,D04094,1,621.78,0.07,578.26,471.99,106.27,2301,Pending
O04095,12/23/2024 0:00,C0005,P130,E074,B02,PAY04095,D04095,3,835.65,0.05,2381.6,2096.44,285.16,3241,Pending
O04096,8/14/2024 0:00,C0347,P221,E059,B14,PAY04096,D04096,4,1172.95,0.1,4222.62,3547.53,675.09,2296,Pending
O04097,7/4/2020 0:00,C0553,P023,E147,B06,PAY04097,D04097,1,426.47,0.02,417.94,329.01,88.93,1183,Pending
O04098,1/19/2020 0:00,C0526,P066,E039,B07,PAY04098,D04098,2,130.58,0.06,245.49,183.36,62.13,2764,Pending
O04099,5/2/2021 0:00,C0473,P240,E036,B04,PAY04099,D04099,5,1302.54,0.18,5340.41,4741.74,598.67,3862,Pending
O04100,9/4/2024 0:00,C1111,P020,E088,B14,PAY04100,D04100,3,1022.88,0.19,2485.6,1702.62,782.98,1557,Pending
O04101,5/4/2020 0:00,C0906,P248,E088,B12,PAY04101,D04101,1,1303.21,0.09,1185.92,972.87,213.05,4739,Cancelled
O04102,8/13/2020 0:00,C0934,P161,E130,B02,PAY04102,D04102,3,641.31,0.2,1539.14,945.36,593.78,4546,Cancelled
O04103,11/6/2025 0:00,C0978,P158,E023,B10,PAY04103,D04103,4,1363.01,0.01,5397.52,3257.89,2139.63,2711,Cancelled
O04104,12/30/2025 0:00,C0253,P018,E110,B15,PAY04104,D04104,4,619.96,0.04,2380.65,1945.07,435.58,1476,Pending
O04105,5/15/2020 0:00,C0764,P254,E019,B15,PAY04105,D04105,5,1470.79,0.07,6839.17,4523.05,2316.12,1114,Cancelled
O04106,1/25/2021 0:00,C0270,P094,E084,B05,PAY04106,D04106,2,852.74,0.04,1637.26,1089.72,547.54,983,Pending
O04107,5/6/2020 0:00,C0720,P043,E084,B08,PAY04107,D04107,5,1298.45,0.02,6362.4,4806.39,1556.01,4356,Pending
O04108,4/20/2023 0:00,C0319,P017,E119,B12,PAY04108,D04108,2,1468.41,0.04,2819.35,1733.48,1085.87,4760,Pending
O04109,7/7/2022 0:00,C0957,P102,E019,B14,PAY04109,D04109,5,329.16,0.13,1431.85,1237.89,193.96,3099,Pending
O04110,7/17/2020 0:00,C0855,P126,E058,B13,PAY04110,D04110,1,1390.95,0.02,1363.13,1066.08,297.05,4110,Delivered
O04111,4/25/2021 0:00,C1159,P136,E075,B15,PAY04111,D04111,4,396.23,0.01,1569.07,968.17,600.9,2139,Delivered
O04112,8/2/2023 0:00,C1130,P037,E056,B14,PAY04112,D04112,4,134.75,0.2,431.2,334.45,96.75,2996,Pending
O04113,1/20/2020 0:00,C0463,P185,E145,B11,PAY04113,D04113,2,762.04,0.1,1371.67,1110.56,261.11,2136,Cancelled
O04114,3/27/2025 0:00,C0871,P140,E033,B14,PAY04114,D04114,1,1062.87,0.11,945.95,658.66,287.29,4302,Pending
O04115,2/28/2023 0:00,C0618,P187,E138,B09,PAY04115,D04115,1,164.8,0.05,156.56,131.18,25.38,2005,Cancelled
O04116,11/3/2023 0:00,C0610,P094,E029,B05,PAY04116,D04116,2,1450.24,0.08,2668.44,1721.85,946.59,3552,Cancelled
O04117,9/2/2022 0:00,C0022,P250,E116,B03,PAY04117,D04117,4,1198.46,0.16,4026.83,3378.77,648.06,3914,Delivered
O04118,7/8/2021 0:00,C0444,P255,E012,B14,PAY04118,D04118,2,787.01,0.11,1400.88,1238.39,162.49,2330,Pending
O04119,5/31/2020 0:00,C0885,P224,E011,B14,PAY04119,D04119,5,780.89,0.11,3474.96,2677.2,797.76,4751,Pending
O04120,3/28/2025 0:00,C0357,P243,E053,B06,PAY04120,D04120,5,86.36,0.1,388.62,297.22,91.4,623,Pending
O04121,7/22/2023 0:00,C1110,P165,E046,B11,PAY04121,D04121,1,764.24,0.16,641.96,424.74,217.22,3831,Cancelled
O04122,5/23/2025 0:00,C0540,P253,E127,B06,PAY04122,D04122,1,1267.55,0.01,1254.87,973.93,280.94,3597,Pending
O04123,11/15/2023 0:00,C0750,P099,E017,B07,PAY04123,D04123,3,823.18,0.16,2074.41,1253.64,820.77,1478,Cancelled
O04124,7/19/2024 0:00,C0648,P085,E147,B05,PAY04124,D04124,5,722.44,0.14,3106.49,2023.62,1082.87,1199,Cancelled
O04125,9/17/2020 0:00,C0667,P034,E020,B12,PAY04125,D04125,3,545.51,0.08,1505.61,1072.88,432.73,576,Pending
O04126,5/4/2025 0:00,C0130,P284,E007,B08,PAY04126,D04126,2,816.27,0.13,1420.31,1222.83,197.48,1737,Pending
O04127,12/11/2022 0:00,C0533,P267,E046,B09,PAY04127,D04127,3,492.64,0,1477.92,1261.74,216.18,4667,Cancelled
O04128,2/19/2020 0:00,C0436,P194,E093,B13,PAY04128,D04128,3,1483.55,0.01,4406.14,3558.33,847.81,2939,Cancelled
O04129,6/10/2023 0:00,C0156,P127,E113,B09,PAY04129,D04129,2,124.59,0.16,209.31,141.45,67.86,3958,Cancelled
O04130,2/6/2023 0:00,C0388,P201,E128,B11,PAY04130,D04130,3,1245.08,0.03,3623.18,2450.34,1172.84,4582,Cancelled
O04131,8/16/2021 0:00,C0969,P185,E104,B01,PAY04131,D04131,3,581.18,0.08,1604.06,1287.16,316.9,2475,Pending
O04132,2/3/2021 0:00,C0856,P245,E069,B12,PAY04132,D04132,1,760.03,0.17,630.82,408.02,222.8,2195,Cancelled
O04133,6/26/2024 0:00,C1012,P105,E056,B14,PAY04133,D04133,4,478.65,0.04,1838.02,1425.25,412.77,2406,Pending
O04134,8/14/2022 0:00,C1011,P065,E067,B01,PAY04134,D04134,4,1297.25,0.12,4566.32,2859.96,1706.36,3633,Pending
O04135,5/7/2021 0:00,C1037,P268,E106,B14,PAY04135,D04135,1,525.84,0.08,483.77,397.94,85.83,1757,Delivered
O04136,8/4/2023 0:00,C0992,P040,E065,B03,PAY04136,D04136,5,1006.9,0.07,4682.09,3291.66,1390.43,2403,Pending
O04137,10/5/2020 0:00,C0192,P112,E026,B02,PAY04137,D04137,2,1480.62,0.11,2635.5,2324.06,311.44,4522,Pending
O04138,9/3/2021 0:00,C0495,P297,E062,B12,PAY04138,D04138,5,1027.79,0.16,4316.72,3094.32,1222.4,2661,Delivered
O04139,11/20/2023 0:00,C0396,P276,E011,B02,PAY04139,D04139,5,1396.56,0.11,6214.69,4480.69,1734,1685,Cancelled
O04140,6/29/2023 0:00,C0161,P059,E070,B09,PAY04140,D04140,1,930.53,0.07,865.39,706.63,158.76,1217,Pending
O04141,5/20/2024 0:00,C0330,P297,E079,B08,PAY04141,D04141,5,1243.75,0.11,5534.69,4024.56,1510.13,4187,Cancelled
O04142,5/12/2021 0:00,C0596,P166,E072,B12,PAY04142,D04142,2,1142.48,0.08,2102.16,1861.6,240.56,3971,Delivered
O04143,11/25/2024 0:00,C0497,P016,E044,B08,PAY04143,D04143,5,351.05,0.02,1720.14,1299.29,420.85,4172,Cancelled
O04144,11/5/2023 0:00,C0643,P242,E127,B10,PAY04144,D04144,4,1181.86,0.06,4443.79,3307.89,1135.9,3915,Cancelled
O04145,9/11/2025 0:00,C0385,P145,E096,B10,PAY04145,D04145,2,210.54,0.01,416.87,298.01,118.86,2642,Pending
O04146,3/31/2021 0:00,C1161,P170,E008,B03,PAY04146,D04146,4,1234.42,0.17,4098.27,3017.78,1080.49,3893,Cancelled
O04147,3/7/2020 0:00,C0113,P063,E036,B13,PAY04147,D04147,3,1326.15,0.05,3779.53,2703.24,1076.29,1838,Cancelled
O04148,4/8/2022 0:00,C1149,P136,E144,B07,PAY04148,D04148,4,1165.15,0.16,3914.9,3127.58,787.32,2712,Pending
O04149,11/21/2021 0:00,C0775,P025,E002,B15,PAY04149,D04149,3,748.43,0.14,1930.95,1635.49,295.46,1449,Cancelled
O04150,4/24/2021 0:00,C0246,P083,E012,B13,PAY04150,D04150,3,707.06,0.11,1887.85,1176.31,711.54,1681,Pending
O04151,2/11/2023 0:00,C0487,P216,E124,B06,PAY04151,D04151,5,355.73,0.18,1458.49,1136.41,322.08,4922,Cancelled
O04152,9/11/2021 0:00,C0879,P002,E018,B01,PAY04152,D04152,1,40.25,0.14,34.62,24.48,10.14,2941,Pending
O04153,10/8/2021 0:00,C0512,P197,E127,B09,PAY04153,D04153,1,313.71,0.01,310.57,274.96,35.61,3759,Cancelled
O04154,12/13/2025 0:00,C0953,P129,E086,B03,PAY04154,D04154,1,321.81,0.19,260.67,224.46,36.21,3524,Cancelled
O04155,6/17/2024 0:00,C0572,P005,E006,B14,PAY04155,D04155,3,1242.91,0.13,3244,2152.71,1091.29,1339,Pending
O04156,4/26/2023 0:00,C0437,P177,E127,B11,PAY04156,D04156,5,989.08,0.1,4450.86,3147.52,1303.34,2718,Cancelled
O04157,1/20/2021 0:00,C0821,P291,E116,B05,PAY04157,D04157,1,1101.1,0.08,1013.01,677.55,335.46,1981,Cancelled
O04158,2/21/2025 0:00,C0892,P211,E078,B10,PAY04158,D04158,3,1221,0.07,3406.59,2999.91,406.68,3765,Delivered
O04159,12/22/2023 0:00,C0464,P291,E064,B05,PAY04159,D04159,1,702.26,0.14,603.94,494.45,109.49,4959,Pending
O04160,4/15/2024 0:00,C0234,P195,E111,B13,PAY04160,D04160,4,603.92,0.05,2294.9,1502.61,792.29,1892,Cancelled
O04161,1/11/2020 0:00,C0083,P151,E115,B11,PAY04161,D04161,5,902,0.08,4149.2,3576.42,572.78,4639,Cancelled
O04162,2/9/2025 0:00,C0430,P078,E136,B06,PAY04162,D04162,3,885.8,0.18,2179.07,1759.86,419.21,2222,Pending
O04163,12/25/2021 0:00,C0331,P061,E068,B14,PAY04163,D04163,4,997.11,0.03,3868.79,2899.04,969.75,756,Cancelled
O04164,3/15/2022 0:00,C0093,P196,E116,B07,PAY04164,D04164,3,532.55,0.01,1581.67,1062.15,519.52,4317,Cancelled
O04165,6/8/2022 0:00,C0509,P015,E124,B14,PAY04165,D04165,1,1270.88,0.05,1207.34,732.32,475.02,3395,Cancelled
O04166,9/14/2024 0:00,C1150,P008,E015,B11,PAY04166,D04166,2,1483.75,0.1,2670.75,2039.49,631.26,4642,Cancelled
O04167,10/29/2021 0:00,C0213,P150,E072,B04,PAY04167,D04167,1,442.42,0.05,420.3,354.71,65.59,1508,Cancelled
O04168,2/27/2021 0:00,C0187,P209,E041,B14,PAY04168,D04168,3,917.57,0.1,2477.44,2184.34,293.1,2812,Cancelled
O04169,1/22/2025 0:00,C0542,P022,E111,B02,PAY04169,D04169,3,1055.07,0.01,3133.56,2100.38,1033.18,1144,Delivered
O04170,6/10/2024 0:00,C0710,P045,E117,B14,PAY04170,D04170,5,1130.55,0.13,4917.89,4249.21,668.68,1442,Cancelled
O04171,8/27/2020 0:00,C0655,P038,E070,B01,PAY04171,D04171,3,581.4,0.15,1482.57,1123.78,358.79,1597,Delivered
O04172,1/22/2021 0:00,C0140,P091,E135,B07,PAY04172,D04172,5,1379.75,0.01,6829.76,4932.67,1897.09,3196,Delivered
O04173,2/22/2025 0:00,C0634,P035,E039,B09,PAY04173,D04173,5,1152.43,0.12,5070.69,3931.72,1138.97,4907,Delivered
O04174,5/17/2024 0:00,C0389,P069,E100,B15,PAY04174,D04174,2,1398.68,0.04,2685.47,2030.36,655.11,2869,Pending
O04175,5/21/2020 0:00,C0436,P223,E093,B15,PAY04175,D04175,5,217.67,0.11,968.63,717.09,251.54,4851,Cancelled
O04176,10/16/2025 0:00,C1156,P299,E141,B15,PAY04176,D04176,5,1237.52,0.08,5692.59,4910.96,781.63,2617,Cancelled
O04177,12/10/2023 0:00,C0850,P052,E146,B04,PAY04177,D04177,3,487.15,0.08,1344.53,868.63,475.9,2903,Pending
O04178,6/9/2020 0:00,C0171,P133,E011,B09,PAY04178,D04178,2,1316.66,0.14,2264.66,1776.6,488.06,3054,Pending
O04179,9/29/2025 0:00,C0940,P093,E117,B05,PAY04179,D04179,4,255.69,0.1,920.48,807.22,113.26,3461,Cancelled
O04180,2/26/2020 0:00,C0962,P274,E146,B15,PAY04180,D04180,3,863.29,0.18,2123.69,1871.94,251.75,4657,Pending
O04181,1/22/2021 0:00,C0810,P022,E024,B09,PAY04181,D04181,2,206.61,0.1,371.9,304.26,67.64,4924,Pending
O04182,3/8/2022 0:00,C0115,P097,E039,B11,PAY04182,D04182,1,998.88,0.2,799.1,654.6,144.5,4216,Delivered
O04183,11/6/2020 0:00,C0873,P162,E043,B10,PAY04183,D04183,1,409.94,0.13,356.65,243.09,113.56,3766,Pending
O04184,9/19/2021 0:00,C1182,P023,E060,B05,PAY04184,D04184,4,1264.25,0.15,4298.45,3149.24,1149.21,2306,Pending
O04185,8/26/2021 0:00,C0492,P291,E021,B06,PAY04185,D04185,2,302.64,0.04,581.07,416.63,164.44,3307,Pending
O04186,2/16/2020 0:00,C0328,P163,E150,B04,PAY04186,D04186,1,266.56,0.13,231.91,206,25.91,1480,Delivered
O04187,6/11/2024 0:00,C0689,P255,E084,B11,PAY04187,D04187,2,120.66,0.17,200.3,156.52,43.78,3962,Delivered
O04188,5/14/2022 0:00,C0772,P121,E111,B04,PAY04188,D04188,5,376.69,0.05,1789.28,1425.2,364.08,2870,Delivered
O04189,4/8/2022 0:00,C0856,P079,E024,B09,PAY04189,D04189,2,1238.01,0.02,2426.5,1587.68,838.82,2395,Cancelled
O04190,8/11/2022 0:00,C0919,P066,E014,B14,PAY04190,D04190,5,1131.96,0.19,4584.44,3676.9,907.54,2941,Pending
O04191,7/30/2024 0:00,C0102,P147,E137,B10,PAY04191,D04191,4,304.71,0.17,1011.64,792.08,219.56,2097,Delivered
O04192,8/23/2022 0:00,C0830,P190,E044,B07,PAY04192,D04192,3,459.45,0.08,1268.08,1049.55,218.53,809,Pending
O04193,8/21/2023 0:00,C0737,P171,E081,B02,PAY04193,D04193,1,840.74,0.05,798.7,587.17,211.53,2668,Pending
O04194,6/20/2025 0:00,C0252,P299,E067,B03,PAY04194,D04194,5,384.53,0.11,1711.16,1136.67,574.49,1009,Pending
O04195,2/19/2023 0:00,C0938,P244,E039,B01,PAY04195,D04195,4,1135.3,0.07,4223.32,2950.06,1273.26,4887,Delivered
O04196,7/29/2020 0:00,C0184,P049,E077,B12,PAY04196,D04196,5,1293.35,0.07,6014.08,4334.91,1679.17,3307,Cancelled
O04197,10/2/2025 0:00,C0220,P054,E027,B07,PAY04197,D04197,1,129.86,0.01,128.56,90.08,38.48,4859,Pending
O04198,5/4/2021 0:00,C0235,P089,E122,B14,PAY04198,D04198,1,72.82,0.08,66.99,51.71,15.28,882,Cancelled
O04199,10/18/2024 0:00,C0665,P165,E147,B04,PAY04199,D04199,2,1377.69,0.14,2369.63,1649.46,720.17,2923,Pending
O04200,7/16/2024 0:00,C0119,P160,E133,B06,PAY04200,D04200,5,627.18,0.01,3104.54,2569.29,535.25,3245,Pending
O04201,7/18/2024 0:00,C0180,P176,E109,B09,PAY04201,D04201,5,1073.32,0.13,4668.94,3808.24,860.7,2260,Pending
O04202,11/2/2025 0:00,C0638,P148,E082,B01,PAY04202,D04202,2,83.4,0.19,135.11,87.16,47.95,3026,Delivered
O04203,4/21/2025 0:00,C0721,P054,E087,B07,PAY04203,D04203,5,446.91,0.17,1854.68,1417.63,437.05,3341,Delivered
O04204,11/6/2023 0:00,C1003,P167,E118,B01,PAY04204,D04204,4,426.8,0.07,1587.7,1423,164.7,4875,Pending
O04205,7/2/2022 0:00,C0344,P207,E059,B13,PAY04205,D04205,1,314.95,0.08,289.75,187.81,101.94,1404,Cancelled
O04206,2/26/2021 0:00,C0169,P190,E074,B03,PAY04206,D04206,4,530.56,0.06,1994.91,1489.71,505.2,3299,Pending
O04207,3/27/2023 0:00,C0522,P162,E011,B14,PAY04207,D04207,3,1143.21,0.05,3258.15,2380.89,877.26,3358,Delivered
O04208,8/26/2024 0:00,C0959,P126,E081,B03,PAY04208,D04208,1,604.47,0.2,483.58,356.31,127.27,2567,Pending
O04209,12/28/2021 0:00,C0234,P183,E098,B09,PAY04209,D04209,1,362.31,0.11,322.46,205.34,117.12,898,Cancelled
O04210,6/1/2025 0:00,C0507,P126,E143,B15,PAY04210,D04210,2,801.94,0.19,1299.14,1105.93,193.21,536,Pending
O04211,12/5/2021 0:00,C0929,P179,E098,B14,PAY04211,D04211,5,1226.49,0.04,5887.15,3789.01,2098.14,1517,Pending
O04212,9/12/2025 0:00,C1012,P178,E001,B15,PAY04212,D04212,2,621.85,0.13,1082.02,711.09,370.93,601,Cancelled
O04213,2/27/2025 0:00,C0541,P189,E088,B07,PAY04213,D04213,2,1035.2,0.09,1884.06,1271.91,612.15,3097,Pending
O04214,9/1/2024 0:00,C0768,P256,E060,B07,PAY04214,D04214,1,612.42,0.11,545.05,358.03,187.02,4408,Pending
O04215,7/15/2020 0:00,C0557,P090,E145,B10,PAY04215,D04215,5,1097.32,0.11,4883.07,3907.34,975.73,632,Cancelled
O04216,12/19/2022 0:00,C1114,P075,E023,B13,PAY04216,D04216,3,344.87,0.19,838.03,630.4,207.63,644,Pending
O04217,10/5/2022 0:00,C0568,P212,E055,B05,PAY04217,D04217,3,917,0.02,2695.98,1860.86,835.12,4445,Delivered
O04218,9/14/2020 0:00,C1029,P150,E030,B12,PAY04218,D04218,1,789.24,0,789.24,498.46,290.78,4075,Cancelled
O04219,8/28/2024 0:00,C0301,P203,E074,B08,PAY04219,D04219,3,911.33,0.02,2679.31,2024.78,654.53,3513,Pending
O04220,12/26/2023 0:00,C0905,P208,E002,B07,PAY04220,D04220,3,469.95,0.07,1311.16,932.1,379.06,577,Pending
O04221,5/5/2023 0:00,C0301,P110,E034,B10,PAY04221,D04221,3,233.84,0.06,659.43,448.7,210.73,2828,Delivered
O04222,5/13/2025 0:00,C0963,P201,E013,B07,PAY04222,D04222,4,893.1,0.15,3036.54,2492.57,543.97,4531,Cancelled
O04223,10/17/2025 0:00,C0939,P209,E055,B09,PAY04223,D04223,4,78.4,0,313.6,250.85,62.75,3370,Pending
O04224,8/20/2022 0:00,C0315,P211,E140,B14,PAY04224,D04224,2,289.06,0.19,468.28,307.36,160.92,4654,Pending
O04225,10/20/2023 0:00,C0404,P058,E114,B01,PAY04225,D04225,2,1336.03,0.03,2591.9,2170.47,421.43,4738,Pending
O04226,4/23/2020 0:00,C0347,P185,E014,B09,PAY04226,D04226,3,281.84,0.07,786.33,679.89,106.44,3172,Delivered
O04227,3/19/2025 0:00,C0622,P062,E144,B02,PAY04227,D04227,1,1403.59,0.13,1221.12,882.39,338.73,2289,Cancelled
O04228,2/17/2021 0:00,C0964,P153,E114,B04,PAY04228,D04228,2,948.88,0.01,1878.78,1221.9,656.88,4632,Cancelled
O04229,4/24/2023 0:00,C0708,P192,E091,B11,PAY04229,D04229,1,359.59,0.03,348.8,250.33,98.47,1072,Delivered
O04230,2/15/2022 0:00,C0239,P085,E123,B01,PAY04230,D04230,3,995.89,0.05,2838.29,1877.39,960.9,1881,Cancelled
O04231,10/16/2020 0:00,C0713,P226,E019,B04,PAY04231,D04231,1,1011.6,0.03,981.25,749.31,231.94,1502,Delivered
O04232,5/27/2024 0:00,C1049,P153,E142,B09,PAY04232,D04232,1,950.91,0.07,884.35,539.06,345.29,715,Pending
O04233,5/2/2024 0:00,C1174,P156,E079,B04,PAY04233,D04233,1,305.82,0.12,269.12,225.44,43.68,890,Delivered
O04234,3/27/2022 0:00,C1003,P095,E093,B13,PAY04234,D04234,3,1442.06,0.1,3893.56,3332.87,560.69,2803,Delivered
O04235,11/27/2021 0:00,C0369,P006,E087,B02,PAY04235,D04235,5,840.65,0.19,3404.63,2637.29,767.34,2002,Delivered
O04236,1/29/2022 0:00,C0553,P121,E020,B05,PAY04236,D04236,1,764.94,0.14,657.85,433.26,224.59,3083,Pending
O04237,7/28/2022 0:00,C0512,P106,E103,B14,PAY04237,D04237,3,1362.85,0.12,3597.92,2318.76,1279.16,4279,Pending
O04238,3/3/2021 0:00,C0288,P142,E110,B07,PAY04238,D04238,2,1184.83,0.04,2274.87,1663.79,611.08,4246,Pending
O04239,7/23/2021 0:00,C0193,P047,E037,B09,PAY04239,D04239,1,721.72,0,721.72,490.02,231.7,3145,Delivered
O04240,8/21/2024 0:00,C0393,P011,E074,B09,PAY04240,D04240,1,369.89,0.15,314.41,258.95,55.46,2060,Pending
O04241,1/15/2025 0:00,C0222,P154,E037,B13,PAY04241,D04241,5,926.57,0.13,4030.58,3206.87,823.71,2759,Cancelled
O04242,3/17/2020 0:00,C0062,P228,E145,B08,PAY04242,D04242,5,1358.01,0.17,5635.74,4787.51,848.23,3986,Pending
O04243,1/20/2024 0:00,C0649,P036,E115,B12,PAY04243,D04243,2,809.31,0.14,1392.01,1070.23,321.78,685,Pending
O04244,12/14/2023 0:00,C0883,P193,E010,B05,PAY04244,D04244,5,1118.38,0.02,5480.06,4264.53,1215.53,2372,Pending
O04245,10/21/2021 0:00,C0557,P013,E011,B02,PAY04245,D04245,3,473.43,0.16,1193.04,978.94,214.1,3581,Cancelled
O04246,10/27/2022 0:00,C0636,P025,E063,B04,PAY04246,D04246,3,72.44,0.04,208.63,180.65,27.98,2910,Pending
O04247,5/25/2020 0:00,C0600,P098,E111,B05,PAY04247,D04247,3,1320.8,0.06,3724.66,2477.56,1247.1,3916,Cancelled
O04248,2/18/2025 0:00,C0013,P291,E086,B03,PAY04248,D04248,3,1116.47,0.06,3148.45,2370.26,778.19,4174,Delivered
O04249,12/1/2024 0:00,C1101,P239,E070,B04,PAY04249,D04249,5,904.33,0.02,4431.22,3154.79,1276.43,4393,Cancelled
O04250,4/3/2022 0:00,C1137,P279,E109,B02,PAY04250,D04250,5,1301.17,0.04,6245.62,4553.27,1692.35,3506,Pending
O04251,9/26/2022 0:00,C0709,P028,E082,B15,PAY04251,D04251,4,305.85,0.08,1125.53,691.47,434.06,684,Pending
O04252,11/20/2025 0:00,C0407,P011,E061,B07,PAY04252,D04252,1,1054.21,0.17,874.99,603.01,271.98,1850,Delivered
O04253,12/28/2021 0:00,C0596,P132,E030,B03,PAY04253,D04253,4,739.08,0.12,2601.56,1931.23,670.33,2818,Cancelled
O04254,9/28/2020 0:00,C0409,P002,E135,B07,PAY04254,D04254,3,881.1,0.17,2193.94,1934.16,259.78,515,Delivered
O04255,3/24/2022 0:00,C0741,P098,E123,B04,PAY04255,D04255,4,419.4,0.14,1442.74,978.44,464.3,4787,Delivered
O04256,10/19/2025 0:00,C0030,P268,E118,B04,PAY04256,D04256,4,472.44,0.15,1606.3,1214.09,392.21,2662,Delivered
O04257,3/7/2023 0:00,C0445,P026,E097,B09,PAY04257,D04257,4,1446.72,0.19,4687.37,3466.67,1220.7,796,Cancelled
O04258,9/9/2025 0:00,C0099,P038,E093,B10,PAY04258,D04258,4,578.84,0.12,2037.52,1659.42,378.1,2959,Cancelled
O04259,8/4/2023 0:00,C0891,P233,E024,B01,PAY04259,D04259,3,627.73,0.08,1732.53,1335.66,396.87,2001,Pending
O04260,1/29/2023 0:00,C0657,P097,E085,B13,PAY04260,D04260,3,1472.96,0.03,4286.31,3270,1016.31,3728,Pending
O04261,5/30/2024 0:00,C1071,P183,E136,B07,PAY04261,D04261,5,875.31,0.03,4245.25,3597.74,647.51,1420,Delivered
O04262,8/25/2024 0:00,C0080,P158,E062,B02,PAY04262,D04262,4,615.36,0.15,2092.22,1587.76,504.46,1643,Delivered
O04263,7/16/2021 0:00,C1116,P078,E139,B12,PAY04263,D04263,3,497.35,0.09,1357.77,985.58,372.19,2167,Delivered
O04264,2/21/2024 0:00,C0828,P116,E028,B02,PAY04264,D04264,1,1356.01,0.09,1233.97,934.31,299.66,4210,Delivered
O04265,9/8/2023 0:00,C0792,P248,E026,B15,PAY04265,D04265,3,1391.45,0.02,4090.86,3533.41,557.45,4810,Cancelled
O04266,3/7/2025 0:00,C0250,P208,E008,B14,PAY04266,D04266,5,1087.11,0.07,5055.06,3787.77,1267.29,3441,Pending
O04267,10/9/2021 0:00,C0040,P167,E081,B07,PAY04267,D04267,1,630.77,0.03,611.85,521.67,90.18,2105,Pending
O04268,9/15/2025 0:00,C0371,P023,E052,B10,PAY04268,D04268,4,1431.11,0.08,5266.48,3966.71,1299.77,4181,Delivered
O04269,11/29/2023 0:00,C0390,P031,E128,B04,PAY04269,D04269,4,651.68,0.01,2580.65,1873.94,706.71,3663,Delivered
O04270,11/30/2023 0:00,C0295,P222,E026,B12,PAY04270,D04270,3,900.07,0.17,2241.17,1769.51,471.66,2756,Delivered
O04271,5/11/2021 0:00,C0952,P232,E099,B13,PAY04271,D04271,2,1160.19,0.01,2297.18,1508.5,788.68,2887,Cancelled
O04272,7/23/2020 0:00,C0205,P176,E087,B09,PAY04272,D04272,3,225.27,0.08,621.75,382.39,239.36,2922,Delivered
O04273,6/8/2025 0:00,C0639,P184,E024,B15,PAY04273,D04273,3,1265.79,0.03,3683.45,2319.15,1364.3,4548,Pending
O04274,2/9/2023 0:00,C0872,P122,E111,B03,PAY04274,D04274,5,915.19,0.16,3843.8,3397.63,446.17,4464,Cancelled
O04275,2/21/2022 0:00,C0761,P256,E029,B15,PAY04275,D04275,3,939.29,0.09,2564.26,1941.6,622.66,1056,Pending
O04276,11/10/2023 0:00,C0818,P107,E024,B04,PAY04276,D04276,4,964.66,0.08,3549.95,2640.32,909.63,3382,Cancelled
O04277,6/27/2024 0:00,C0081,P171,E108,B10,PAY04277,D04277,1,405.74,0.01,401.68,334.26,67.42,2704,Delivered
O04278,12/12/2021 0:00,C1095,P186,E076,B11,PAY04278,D04278,2,1121.53,0.03,2175.77,1563.55,612.22,3213,Cancelled
O04279,8/23/2021 0:00,C0949,P216,E089,B15,PAY04279,D04279,4,825.56,0.08,3038.06,1836.05,1202.01,1592,Pending
O04280,10/1/2025 0:00,C0487,P107,E064,B01,PAY04280,D04280,3,544.58,0.08,1503.04,1186.13,316.91,2567,Cancelled
O04281,6/20/2022 0:00,C0577,P218,E051,B12,PAY04281,D04281,2,903.53,0.17,1499.86,980.63,519.23,1939,Cancelled
O04282,9/3/2022 0:00,C0108,P059,E008,B12,PAY04282,D04282,5,607.01,0.06,2852.95,1914.21,938.74,2869,Pending
O04283,12/21/2023 0:00,C0555,P052,E076,B03,PAY04283,D04283,2,657.92,0.05,1250.05,824.13,425.92,2416,Pending
O04284,3/18/2025 0:00,C0490,P084,E072,B10,PAY04284,D04284,3,723.65,0.13,1888.73,1432,456.73,1832,Pending
O04285,1/8/2023 0:00,C0674,P297,E031,B13,PAY04285,D04285,3,516.42,0.14,1332.36,961.12,371.24,1557,Pending
O04286,6/16/2024 0:00,C0201,P166,E014,B07,PAY04286,D04286,1,755.13,0.12,664.51,594.03,70.48,4186,Cancelled
O04287,1/17/2020 0:00,C0823,P264,E145,B07,PAY04287,D04287,2,316.06,0.2,505.7,437.44,68.26,734,Pending
O04288,5/15/2023 0:00,C0975,P262,E107,B11,PAY04288,D04288,3,371.11,0.06,1046.53,838.23,208.3,1083,Pending
O04289,9/19/2023 0:00,C0574,P103,E139,B13,PAY04289,D04289,5,329.81,0.05,1566.6,1090.21,476.39,4938,Cancelled
O04290,11/26/2025 0:00,C0413,P137,E027,B12,PAY04290,D04290,5,723.09,0.19,2928.51,2139.24,789.27,2275,Pending
O04291,9/16/2024 0:00,C0080,P286,E033,B12,PAY04291,D04291,5,829.28,0.05,3939.08,2395.68,1543.4,3710,Cancelled
O04292,3/26/2024 0:00,C1109,P173,E057,B08,PAY04292,D04292,5,217.25,0.04,1042.8,759.83,282.97,3049,Pending
O04293,11/19/2022 0:00,C0690,P087,E060,B11,PAY04293,D04293,4,765.2,0,3060.8,2747.58,313.22,863,Pending
O04294,5/16/2020 0:00,C0274,P031,E007,B06,PAY04294,D04294,1,215.82,0.13,187.76,146.37,41.39,2929,Delivered
O04295,3/18/2022 0:00,C0333,P060,E139,B01,PAY04295,D04295,2,1048.32,0.15,1782.14,1553.01,229.13,3780,Cancelled
O04296,9/30/2020 0:00,C0566,P291,E120,B13,PAY04296,D04296,5,163.13,0.09,742.24,546.52,195.72,2856,Delivered
O04297,7/11/2020 0:00,C0517,P256,E062,B01,PAY04297,D04297,5,530.37,0.03,2572.29,2266.32,305.97,4771,Cancelled
O04298,5/21/2022 0:00,C0069,P212,E148,B06,PAY04298,D04298,2,1144.72,0.06,2152.07,1836.07,316,2184,Delivered
O04299,3/27/2020 0:00,C0177,P226,E022,B14,PAY04299,D04299,5,1393.22,0.01,6896.44,5292.24,1604.2,3213,Delivered
O04300,7/30/2022 0:00,C0365,P289,E006,B15,PAY04300,D04300,2,1483.41,0.12,2610.8,1966.8,644,3210,Pending
O04301,12/17/2024 0:00,C0272,P240,E147,B12,PAY04301,D04301,5,1342.09,0.12,5905.2,5101.68,803.52,711,Cancelled
O04302,5/7/2022 0:00,C0584,P236,E077,B09,PAY04302,D04302,2,557.13,0.02,1091.97,691.79,400.18,901,Delivered
O04303,12/15/2021 0:00,C0210,P197,E124,B13,PAY04303,D04303,2,943.9,0.05,1793.41,1459.57,333.84,2721,Delivered
O04304,6/12/2024 0:00,C0062,P003,E121,B06,PAY04304,D04304,5,759.33,0.12,3341.05,2338.78,1002.27,3419,Cancelled
O04305,2/3/2025 0:00,C0941,P097,E112,B07,PAY04305,D04305,5,839.96,0.09,3821.82,2708.5,1113.32,2097,Cancelled
O04306,8/8/2024 0:00,C0903,P214,E115,B06,PAY04306,D04306,3,1074.77,0.07,2998.61,2187.03,811.58,2600,Pending
O04307,7/23/2021 0:00,C0098,P015,E027,B03,PAY04307,D04307,5,1214.76,0.07,5648.63,4618.79,1029.84,4686,Delivered
O04308,10/17/2022 0:00,C0921,P027,E010,B07,PAY04308,D04308,5,420.61,0.05,1997.9,1295.93,701.97,4022,Delivered
O04309,4/16/2024 0:00,C1170,P241,E146,B15,PAY04309,D04309,3,54.13,0.19,131.54,79.56,51.98,1752,Delivered
O04310,2/5/2025 0:00,C0875,P290,E068,B09,PAY04310,D04310,3,255.11,0.19,619.92,401.42,218.5,2706,Cancelled
O04311,5/28/2020 0:00,C0555,P245,E113,B04,PAY04311,D04311,4,452.59,0.13,1575.01,1060.84,514.17,3876,Pending
O04312,6/26/2023 0:00,C1064,P152,E018,B04,PAY04312,D04312,2,851.61,0.02,1669.16,1370,299.16,4803,Delivered
O04313,1/15/2023 0:00,C0472,P260,E092,B05,PAY04313,D04313,1,1295.86,0.07,1205.15,1054.6,150.55,3604,Pending
O04314,11/25/2020 0:00,C0066,P085,E106,B04,PAY04314,D04314,4,682.93,0.11,2431.23,1973.1,458.13,1713,Delivered
O04315,12/28/2024 0:00,C0350,P296,E021,B14,PAY04315,D04315,2,665.36,0.11,1184.34,931.52,252.82,4864,Delivered
O04316,11/8/2024 0:00,C0821,P140,E020,B10,PAY04316,D04316,3,466.21,0.14,1202.82,838.37,364.45,4329,Pending
O04317,7/3/2021 0:00,C0492,P048,E130,B08,PAY04317,D04317,1,1377.8,0.18,1129.8,726.48,403.32,4245,Pending
O04318,2/5/2022 0:00,C0045,P083,E015,B14,PAY04318,D04318,2,1392.13,0.12,2450.15,1909.25,540.9,1869,Pending
O04319,9/24/2022 0:00,C0283,P140,E078,B01,PAY04319,D04319,5,1371.95,0.17,5693.59,4979.4,714.19,4745,Cancelled
O04320,4/16/2021 0:00,C0495,P249,E054,B08,PAY04320,D04320,4,614.47,0.08,2261.25,1890.64,370.61,3554,Delivered
O04321,1/13/2023 0:00,C0465,P228,E073,B11,PAY04321,D04321,1,879.08,0.08,808.75,665.05,143.7,3453,Cancelled
O04322,9/23/2020 0:00,C0841,P142,E028,B09,PAY04322,D04322,3,613.91,0.12,1620.72,1220.43,400.29,4034,Pending
O04323,4/11/2022 0:00,C0126,P041,E120,B06,PAY04323,D04323,4,395.35,0.16,1328.38,845.83,482.55,3490,Pending
O04324,7/12/2025 0:00,C0576,P143,E040,B12,PAY04324,D04324,4,759.32,0.19,2460.2,1664.76,795.44,1569,Delivered
O04325,2/29/2020 0:00,C0011,P039,E134,B06,PAY04325,D04325,2,1102.52,0.03,2138.89,1473.53,665.36,823,Delivered
O04326,9/22/2021 0:00,C0452,P011,E093,B06,PAY04326,D04326,4,1317.94,0.1,4744.58,4218.4,526.18,3573,Pending
O04327,8/26/2021 0:00,C0302,P188,E105,B13,PAY04327,D04327,4,225.88,0.04,867.38,690.75,176.63,4592,Cancelled
O04328,9/11/2022 0:00,C0863,P189,E103,B06,PAY04328,D04328,1,1436.66,0.03,1393.56,923.43,470.13,614,Pending
O04329,1/6/2024 0:00,C0588,P275,E033,B09,PAY04329,D04329,3,218.14,0.16,549.71,360.34,189.37,2633,Delivered
O04330,6/7/2021 0:00,C0629,P100,E057,B10,PAY04330,D04330,4,1388.24,0.09,5053.19,3807.1,1246.09,3713,Cancelled
O04331,1/4/2022 0:00,C1196,P034,E008,B11,PAY04331,D04331,2,228.22,0.09,415.36,320.82,94.54,3402,Pending
O04332,6/22/2024 0:00,C0905,P063,E043,B14,PAY04332,D04332,5,760.11,0,3800.55,2851.31,949.24,2538,Cancelled
O04333,7/2/2025 0:00,C0525,P299,E027,B08,PAY04333,D04333,2,953.8,0.09,1735.92,1490.56,245.36,3267,Pending
O04334,3/10/2020 0:00,C0593,P009,E124,B12,PAY04334,D04334,4,1090.86,0,4363.44,2879.97,1483.47,1739,Pending
O04335,1/21/2024 0:00,C0622,P171,E043,B07,PAY04335,D04335,5,1338.21,0.05,6356.5,5242.23,1114.27,2844,Cancelled
O04336,8/8/2025 0:00,C0784,P298,E121,B08,PAY04336,D04336,5,307.11,0.19,1243.8,863.45,380.35,4088,Delivered
O04337,9/12/2024 0:00,C0464,P066,E126,B08,PAY04337,D04337,3,803.3,0.12,2120.71,1449.74,670.97,4715,Cancelled
O04338,9/22/2023 0:00,C0192,P081,E144,B15,PAY04338,D04338,4,1376.93,0.04,5287.41,3623.58,1663.83,3346,Delivered
O04339,1/23/2020 0:00,C0037,P111,E117,B07,PAY04339,D04339,1,1193.45,0.14,1026.37,882.95,143.42,603,Delivered
O04340,2/27/2020 0:00,C0086,P148,E083,B13,PAY04340,D04340,2,458.77,0.05,871.66,589.62,282.04,2188,Cancelled
O04341,11/21/2021 0:00,C0917,P122,E094,B07,PAY04341,D04341,3,222.29,0.09,606.85,490,116.85,2116,Cancelled
O04342,3/17/2023 0:00,C1047,P166,E092,B14,PAY04342,D04342,3,558.39,0.14,1440.65,1004.38,436.27,1029,Cancelled
O04343,2/8/2024 0:00,C1040,P225,E020,B12,PAY04343,D04343,1,1330.1,0.06,1250.29,905.52,344.77,1735,Delivered
O04344,9/7/2025 0:00,C0171,P281,E054,B01,PAY04344,D04344,5,1443.37,0.04,6928.18,4341.54,2586.64,3239,Cancelled
O04345,11/14/2020 0:00,C0240,P144,E085,B04,PAY04345,D04345,5,1302.55,0.1,5861.48,4923.65,937.83,1280,Delivered
O04346,2/23/2021 0:00,C0643,P048,E128,B02,PAY04346,D04346,5,476.13,0.19,1928.33,1585.79,342.54,3372,Cancelled
O04347,3/17/2023 0:00,C0630,P170,E141,B15,PAY04347,D04347,5,902.87,0.19,3656.62,2561.56,1095.06,4683,Delivered
O04348,2/18/2022 0:00,C0381,P074,E144,B06,PAY04348,D04348,4,764.01,0.13,2658.75,1727.37,931.38,3216,Delivered
O04349,10/9/2025 0:00,C0286,P076,E090,B15,PAY04349,D04349,4,985.72,0.15,3351.45,2841.96,509.49,4460,Delivered
O04350,12/21/2025 0:00,C0870,P106,E051,B04,PAY04350,D04350,1,580.22,0.15,493.19,398.02,95.17,2617,Cancelled
O04351,9/7/2020 0:00,C0674,P161,E069,B02,PAY04351,D04351,5,143.46,0.09,652.74,400.62,252.12,3160,Pending
O04352,12/20/2024 0:00,C0790,P064,E139,B10,PAY04352,D04352,5,654.04,0.01,3237.5,2336.83,900.67,1379,Pending
O04353,6/27/2021 0:00,C0470,P163,E035,B09,PAY04353,D04353,5,211.8,0.19,857.79,572.52,285.27,1836,Cancelled
O04354,5/1/2023 0:00,C1183,P259,E100,B15,PAY04354,D04354,5,606.26,0.16,2546.29,2240.43,305.86,2029,Pending
O04355,3/18/2023 0:00,C0716,P176,E021,B12,PAY04355,D04355,2,1327.24,0.11,2362.49,2026.9,335.59,1384,Delivered
O04356,8/9/2023 0:00,C1005,P214,E040,B12,PAY04356,D04356,2,1399.11,0.01,2770.24,2124.14,646.1,4639,Pending
O04357,10/2/2025 0:00,C1153,P149,E134,B11,PAY04357,D04357,1,1328.19,0.03,1288.34,775.07,513.27,4671,Pending
O04358,1/18/2022 0:00,C0927,P274,E019,B07,PAY04358,D04358,4,730.76,0.1,2630.74,1937.12,693.62,3361,Cancelled
O04359,5/11/2022 0:00,C0865,P176,E127,B12,PAY04359,D04359,4,1133.06,0.2,3625.79,2479.54,1146.25,1847,Cancelled
O04360,7/9/2020 0:00,C1111,P054,E067,B05,PAY04360,D04360,5,828.12,0.2,3312.48,2172.44,1140.04,2525,Cancelled
O04361,12/15/2020 0:00,C0874,P224,E032,B05,PAY04361,D04361,1,223.2,0.01,220.97,148.79,72.18,3175,Cancelled
O04362,10/2/2025 0:00,C0001,P082,E149,B05,PAY04362,D04362,4,1175.59,0.01,4655.34,3153.6,1501.74,3228,Pending
O04363,12/22/2022 0:00,C1004,P226,E139,B07,PAY04363,D04363,5,218.07,0.06,1024.93,743.62,281.31,4615,Cancelled
O04364,11/7/2024 0:00,C0063,P087,E144,B01,PAY04364,D04364,5,1345.92,0.08,6191.23,5523.34,667.89,3937,Delivered
O04365,10/28/2023 0:00,C0009,P113,E140,B13,PAY04365,D04365,3,246.94,0.09,674.15,539.23,134.92,955,Cancelled
O04366,6/7/2022 0:00,C0671,P131,E013,B09,PAY04366,D04366,3,674.72,0.11,1801.5,1300.96,500.54,1374,Cancelled
O04367,2/12/2022 0:00,C1097,P121,E125,B01,PAY04367,D04367,3,24.91,0.12,65.76,46.1,19.66,1160,Delivered
O04368,5/18/2023 0:00,C0295,P090,E129,B09,PAY04368,D04368,1,1395.09,0.01,1381.14,829.61,551.53,2328,Cancelled
O04369,12/31/2023 0:00,C0925,P104,E076,B15,PAY04369,D04369,4,908.78,0.03,3526.07,2256.49,1269.58,3523,Delivered
O04370,2/18/2020 0:00,C0548,P262,E135,B10,PAY04370,D04370,2,596.25,0.2,954,769.96,184.04,4553,Pending
O04371,2/15/2025 0:00,C0374,P224,E117,B02,PAY04371,D04371,4,154.4,0.11,549.66,359.39,190.27,4871,Delivered
O04372,10/25/2022 0:00,C0498,P104,E144,B01,PAY04372,D04372,4,103.63,0.06,389.65,239.56,150.09,1759,Delivered
O04373,5/25/2025 0:00,C0096,P209,E085,B15,PAY04373,D04373,1,1206.53,0.11,1073.81,685.44,388.37,4698,Cancelled
O04374,3/11/2024 0:00,C0674,P257,E048,B12,PAY04374,D04374,1,748.91,0.15,636.57,419.58,216.99,4259,Pending
O04375,11/17/2024 0:00,C0298,P061,E121,B09,PAY04375,D04375,5,1436.2,0.19,5816.61,5024.75,791.86,1549,Pending
O04376,11/8/2022 0:00,C0726,P247,E107,B12,PAY04376,D04376,5,677.1,0.09,3080.81,2247.51,833.3,1817,Cancelled
O04377,11/30/2023 0:00,C0491,P126,E120,B01,PAY04377,D04377,3,431.43,0.06,1216.63,773.21,443.42,2095,Pending
O04378,10/24/2024 0:00,C0656,P237,E117,B04,PAY04378,D04378,3,1141.7,0.07,3185.34,2035.69,1149.65,2394,Delivered
O04379,11/29/2023 0:00,C0291,P121,E122,B02,PAY04379,D04379,2,1452.6,0.08,2672.78,1632.22,1040.56,3557,Cancelled
O04380,10/3/2021 0:00,C0149,P154,E034,B12,PAY04380,D04380,3,1064.33,0.03,3097.2,2462.48,634.72,4829,Delivered
O04381,10/26/2025 0:00,C1151,P249,E134,B09,PAY04381,D04381,2,696.33,0.08,1281.25,986.45,294.8,2527,Cancelled
O04382,9/23/2024 0:00,C0609,P051,E077,B05,PAY04382,D04382,2,665.02,0.03,1290.14,1133.3,156.84,3732,Delivered
O04383,5/19/2020 0:00,C0017,P211,E132,B02,PAY04383,D04383,4,1410.45,0.11,5021.2,4509.79,511.41,3533,Pending
O04384,9/11/2020 0:00,C1135,P246,E082,B13,PAY04384,D04384,4,284.12,0.08,1045.56,696.14,349.42,4576,Cancelled
O04385,11/20/2025 0:00,C1185,P013,E079,B09,PAY04385,D04385,2,696.06,0.14,1197.22,787.23,409.99,919,Delivered
O04386,6/14/2025 0:00,C0252,P271,E011,B14,PAY04386,D04386,3,1251.64,0.06,3529.62,2459.61,1070.01,1155,Cancelled
O04387,6/20/2023 0:00,C1046,P079,E133,B11,PAY04387,D04387,1,602.41,0.14,518.07,460.23,57.84,959,Pending
O04388,6/17/2024 0:00,C0491,P104,E001,B03,PAY04388,D04388,2,1216.91,0.15,2068.75,1520.69,548.06,3864,Delivered
O04389,4/7/2024 0:00,C1029,P211,E099,B12,PAY04389,D04389,5,1264.74,0.16,5311.91,3769.44,1542.47,2531,Cancelled
O04390,2/21/2020 0:00,C0615,P248,E132,B07,PAY04390,D04390,4,1118.51,0.07,4160.86,3481.91,678.95,4019,Cancelled
O04391,12/5/2021 0:00,C1004,P274,E002,B07,PAY04391,D04391,1,988.32,0.1,889.49,625.02,264.47,581,Pending
O04392,7/31/2020 0:00,C0096,P134,E051,B02,PAY04392,D04392,1,319.13,0.11,284.03,229.98,54.05,1069,Pending
O04393,9/25/2021 0:00,C0175,P203,E095,B09,PAY04393,D04393,4,497.82,0.01,1971.37,1476.9,494.47,4441,Delivered
O04394,5/3/2020 0:00,C1120,P147,E089,B10,PAY04394,D04394,2,1147.18,0,2294.36,1569.62,724.74,765,Pending
O04395,11/17/2021 0:00,C0864,P176,E092,B02,PAY04395,D04395,2,1164.36,0.14,2002.7,1488.21,514.49,2069,Cancelled
O04396,1/22/2025 0:00,C0354,P057,E128,B04,PAY04396,D04396,5,467.52,0.09,2127.22,1844.82,282.4,2260,Pending
O04397,12/12/2024 0:00,C0147,P259,E010,B01,PAY04397,D04397,3,1266.28,0.19,3077.06,2192.97,884.09,1770,Cancelled
O04398,10/22/2020 0:00,C0221,P265,E122,B02,PAY04398,D04398,5,52.43,0.09,238.56,202.93,35.63,4358,Pending
O04399,7/18/2025 0:00,C0537,P300,E048,B04,PAY04399,D04399,5,580.82,0.1,2613.69,2296.21,317.48,1953,Pending
O04400,1/15/2022 0:00,C1016,P098,E008,B10,PAY04400,D04400,1,243.28,0.15,206.79,124.44,82.35,705,Pending
O04401,5/11/2022 0:00,C0224,P216,E009,B06,PAY04401,D04401,1,738.99,0.02,724.21,505.26,218.95,3401,Cancelled
O04402,7/1/2023 0:00,C0540,P018,E034,B09,PAY04402,D04402,1,658.62,0.1,592.76,504.38,88.38,4686,Cancelled
O04403,11/16/2024 0:00,C0127,P191,E050,B15,PAY04403,D04403,2,165.16,0.11,293.98,198.96,95.02,2247,Delivered
O04404,12/26/2023 0:00,C1192,P206,E137,B09,PAY04404,D04404,5,30.69,0.13,133.5,89.76,43.74,2715,Cancelled
O04405,9/8/2025 0:00,C1196,P104,E077,B11,PAY04405,D04405,4,492.06,0.06,1850.15,1319.93,530.22,1006,Cancelled
O04406,12/7/2023 0:00,C1043,P056,E025,B05,PAY04406,D04406,3,83.21,0.15,212.19,168.53,43.66,799,Cancelled
O04407,10/23/2024 0:00,C0497,P164,E146,B13,PAY04407,D04407,4,545.77,0,2183.08,1442.69,740.39,2278,Pending
O04408,10/31/2020 0:00,C0685,P276,E096,B05,PAY04408,D04408,3,30.93,0.16,77.94,55.99,21.95,1119,Delivered
O04409,3/2/2023 0:00,C0916,P283,E003,B08,PAY04409,D04409,2,349.2,0.05,663.48,487.18,176.3,1166,Delivered
O04410,4/20/2023 0:00,C0093,P203,E093,B13,PAY04410,D04410,2,74.13,0.17,123.06,103.5,19.56,4655,Delivered
O04411,1/5/2021 0:00,C0933,P066,E012,B11,PAY04411,D04411,4,357.55,0.11,1272.88,977.99,294.89,4685,Pending
O04412,4/24/2021 0:00,C0833,P174,E011,B08,PAY04412,D04412,4,554.73,0.14,1908.27,1341.92,566.35,4029,Cancelled
O04413,11/14/2021 0:00,C0715,P108,E052,B12,PAY04413,D04413,3,1210.52,0.08,3341.04,2267.72,1073.32,3749,Pending
O04414,10/1/2020 0:00,C0687,P234,E028,B15,PAY04414,D04414,1,1437.69,0.19,1164.53,907.04,257.49,4978,Pending
O04415,6/1/2021 0:00,C0316,P068,E020,B01,PAY04415,D04415,2,372.49,0.17,618.33,418.41,199.92,1560,Pending
O04416,4/13/2022 0:00,C0452,P300,E031,B02,PAY04416,D04416,4,927.27,0.14,3189.81,1999.79,1190.02,2238,Pending
O04417,9/14/2024 0:00,C0293,P145,E071,B01,PAY04417,D04417,4,838.8,0.09,3053.23,2370.41,682.82,3677,Delivered
O04418,12/27/2020 0:00,C0336,P157,E048,B11,PAY04418,D04418,2,1316.6,0.04,2527.87,1765.2,762.67,4316,Pending
O04419,1/9/2023 0:00,C0640,P199,E062,B01,PAY04419,D04419,5,1466.31,0.15,6231.82,4447.96,1783.86,2000,Delivered
O04420,11/30/2024 0:00,C0122,P117,E116,B15,PAY04420,D04420,5,699.73,0.02,3428.68,2908.5,520.18,1030,Cancelled
O04421,3/21/2022 0:00,C0331,P119,E079,B12,PAY04421,D04421,1,339.19,0.1,305.27,196.42,108.85,1422,Pending
O04422,7/28/2022 0:00,C0787,P249,E084,B12,PAY04422,D04422,2,236.52,0.01,468.31,294.91,173.4,2670,Cancelled
O04423,3/15/2024 0:00,C0146,P143,E084,B09,PAY04423,D04423,4,949.98,0.19,3077.94,2270.29,807.65,3309,Pending
O04424,5/9/2024 0:00,C0970,P175,E009,B09,PAY04424,D04424,4,527,0.06,1981.52,1319.26,662.26,1278,Cancelled
O04425,12/6/2023 0:00,C0947,P077,E103,B12,PAY04425,D04425,1,1276.29,0.04,1225.24,803.23,422.01,3831,Cancelled
O04426,4/1/2020 0:00,C1191,P218,E116,B09,PAY04426,D04426,1,858.79,0.13,747.15,581.37,165.78,3460,Cancelled
O04427,2/8/2025 0:00,C0091,P104,E139,B06,PAY04427,D04427,4,530.21,0.12,1866.34,1395.26,471.08,4180,Cancelled
O04428,9/8/2022 0:00,C0593,P049,E056,B07,PAY04428,D04428,3,717.03,0.02,2108.07,1466.35,641.72,4918,Cancelled
O04429,6/26/2021 0:00,C0075,P155,E080,B08,PAY04429,D04429,3,396.12,0.12,1045.76,858.11,187.65,1966,Pending
O04430,10/25/2020 0:00,C0084,P121,E143,B11,PAY04430,D04430,2,1274.54,0.2,2039.26,1305.36,733.9,2708,Delivered
O04431,6/25/2020 0:00,C0455,P023,E122,B13,PAY04431,D04431,2,1497.38,0.17,2485.65,1881.58,604.07,1452,Delivered
O04432,8/20/2025 0:00,C1101,P286,E085,B03,PAY04432,D04432,5,910.04,0.12,4004.18,2882.24,1121.94,729,Cancelled
O04433,5/31/2022 0:00,C0381,P206,E027,B15,PAY04433,D04433,1,434.55,0.2,347.64,213.65,133.99,598,Cancelled
O04434,10/11/2023 0:00,C0443,P201,E035,B15,PAY04434,D04434,4,1123.9,0.03,4360.73,3214.48,1146.25,1877,Delivered
O04435,5/6/2024 0:00,C0716,P016,E039,B06,PAY04435,D04435,2,272.59,0.17,452.5,389.28,63.22,988,Cancelled
O04436,7/1/2024 0:00,C0244,P156,E004,B02,PAY04436,D04436,3,1122.07,0.19,2726.63,2085.92,640.71,4159,Delivered
O04437,2/5/2021 0:00,C0718,P165,E027,B08,PAY04437,D04437,3,1367.08,0.11,3650.1,2425.4,1224.7,1316,Cancelled
O04438,3/9/2022 0:00,C0834,P300,E111,B09,PAY04438,D04438,1,440.13,0.06,413.72,323.2,90.52,715,Delivered
O04439,8/21/2022 0:00,C0423,P039,E005,B02,PAY04439,D04439,1,1134.9,0.15,964.67,653.77,310.9,894,Delivered
O04440,5/3/2021 0:00,C0174,P070,E072,B09,PAY04440,D04440,1,63.46,0.1,57.11,39.64,17.47,2879,Cancelled
O04441,7/19/2021 0:00,C0033,P209,E106,B05,PAY04441,D04441,1,808.26,0.13,703.19,435.24,267.95,2692,Cancelled
O04442,11/9/2023 0:00,C0819,P148,E003,B02,PAY04442,D04442,1,1224.87,0.17,1016.64,845.43,171.21,2220,Cancelled
O04443,10/14/2025 0:00,C0343,P078,E101,B13,PAY04443,D04443,3,750.87,0.07,2094.93,1726.32,368.61,3008,Pending
O04444,4/1/2023 0:00,C1103,P145,E043,B09,PAY04444,D04444,1,239.67,0.02,234.88,190.95,43.93,3983,Delivered
O04445,10/15/2025 0:00,C0465,P057,E075,B07,PAY04445,D04445,1,1106.45,0.09,1006.87,784.34,222.53,2247,Cancelled
O04446,1/9/2022 0:00,C0347,P229,E066,B07,PAY04446,D04446,5,156.62,0.01,775.27,610.48,164.79,1596,Pending
O04447,1/30/2021 0:00,C0133,P175,E066,B06,PAY04447,D04447,2,1006,0.16,1690.08,1512.85,177.23,4391,Delivered
O04448,11/14/2021 0:00,C0814,P151,E129,B03,PAY04448,D04448,3,1371.77,0.19,3333.4,2165.66,1167.74,2071,Delivered
O04449,3/7/2024 0:00,C0405,P129,E099,B02,PAY04449,D04449,2,430.13,0.11,765.63,669.86,95.77,1539,Cancelled
O04450,9/28/2025 0:00,C0503,P048,E087,B14,PAY04450,D04450,1,818.33,0.07,761.05,594.84,166.21,4858,Cancelled
O04451,11/27/2021 0:00,C0578,P096,E066,B03,PAY04451,D04451,3,1111.91,0.13,2902.09,2029.18,872.91,3874,Pending
O04452,2/9/2021 0:00,C0422,P006,E020,B02,PAY04452,D04452,3,413.23,0.04,1190.1,767.66,422.44,4733,Pending
O04453,11/22/2023 0:00,C0484,P167,E120,B15,PAY04453,D04453,3,1302.59,0.04,3751.46,3032.34,719.12,1784,Delivered
O04454,3/10/2022 0:00,C1108,P025,E018,B08,PAY04454,D04454,2,588.21,0.1,1058.78,852.54,206.24,2395,Pending
O04455,10/22/2022 0:00,C0967,P247,E134,B06,PAY04455,D04455,3,244.27,0.05,696.17,445.34,250.83,4661,Delivered
O04456,12/18/2022 0:00,C0256,P072,E107,B01,PAY04456,D04456,1,681.22,0.16,572.22,479.41,92.81,1214,Delivered
O04457,2/29/2020 0:00,C0427,P011,E130,B12,PAY04457,D04457,3,1212.16,0.06,3418.29,2741.96,676.33,4284,Pending
O04458,10/7/2020 0:00,C1004,P127,E017,B04,PAY04458,D04458,3,1229.35,0.13,3208.6,2337.97,870.63,4633,Pending
O04459,3/23/2023 0:00,C1121,P205,E069,B10,PAY04459,D04459,5,201.19,0.04,965.71,739.81,225.9,1403,Cancelled
O04460,12/31/2022 0:00,C1143,P114,E025,B02,PAY04460,D04460,2,801.2,0.02,1570.35,1183.33,387.02,1070,Pending
O04461,1/7/2025 0:00,C1093,P289,E141,B09,PAY04461,D04461,3,944.44,0.18,2323.32,1870.68,452.64,1237,Pending
O04462,9/1/2023 0:00,C0182,P244,E061,B08,PAY04462,D04462,2,200.23,0.12,352.4,244.48,107.92,2528,Pending
O04463,4/8/2021 0:00,C1068,P056,E002,B07,PAY04463,D04463,4,1255.48,0.02,4921.48,2983.27,1938.21,3433,Delivered
O04464,10/9/2025 0:00,C1017,P007,E109,B10,PAY04464,D04464,5,1468.02,0.11,6532.69,5485.78,1046.91,951,Cancelled
O04465,4/23/2024 0:00,C0006,P285,E011,B10,PAY04465,D04465,4,218.56,0.06,821.79,507.35,314.44,4349,Cancelled
O04466,6/20/2021 0:00,C0457,P077,E131,B10,PAY04466,D04466,4,1475.18,0.13,5133.63,3140.18,1993.45,3371,Pending
O04467,11/30/2020 0:00,C0107,P294,E013,B09,PAY04467,D04467,2,326,0.08,599.84,362.19,237.65,2051,Delivered
O04468,11/21/2025 0:00,C0836,P248,E054,B15,PAY04468,D04468,4,684.94,0.06,2575.37,2046.48,528.89,1609,Delivered
O04469,12/7/2020 0:00,C0867,P287,E004,B13,PAY04469,D04469,1,1114.4,0.07,1036.39,761.16,275.23,2957,Cancelled
O04470,10/23/2021 0:00,C0301,P262,E018,B02,PAY04470,D04470,2,1499.47,0.03,2908.97,2575.33,333.64,1441,Delivered
O04471,5/16/2020 0:00,C0156,P008,E088,B12,PAY04471,D04471,2,936.83,0.05,1779.98,1389.01,390.97,3080,Delivered
O04472,8/29/2023 0:00,C0937,P016,E145,B07,PAY04472,D04472,1,335.7,0.05,318.91,250.25,68.66,4354,Delivered
O04473,10/11/2020 0:00,C0814,P229,E039,B03,PAY04473,D04473,5,947.94,0.11,4218.33,3437.2,781.13,4390,Delivered
O04474,7/2/2025 0:00,C1036,P128,E078,B07,PAY04474,D04474,4,404.84,0.11,1441.23,1208.12,233.11,3257,Cancelled
O04475,9/28/2023 0:00,C0166,P079,E073,B01,PAY04475,D04475,3,1470.25,0.04,4234.32,3620.03,614.29,4981,Delivered
O04476,3/12/2022 0:00,C1001,P115,E059,B06,PAY04476,D04476,1,494.11,0.17,410.11,316.73,93.38,3100,Pending
O04477,9/13/2021 0:00,C1112,P005,E120,B07,PAY04477,D04477,1,239.5,0.08,220.34,153.47,66.87,1680,Pending
O04478,3/29/2023 0:00,C0588,P124,E004,B07,PAY04478,D04478,2,1414.21,0.17,2347.59,1918.75,428.84,1458,Cancelled
O04479,6/17/2020 0:00,C0053,P113,E095,B06,PAY04479,D04479,5,593.57,0.12,2611.71,2003.7,608.01,2822,Cancelled
O04480,12/15/2021 0:00,C1012,P099,E083,B10,PAY04480,D04480,1,1441.49,0.01,1427.08,1223.5,203.58,3199,Delivered
O04481,11/18/2024 0:00,C0865,P021,E012,B05,PAY04481,D04481,5,1236.02,0.19,5005.88,3925.5,1080.38,2311,Cancelled
O04482,4/6/2020 0:00,C0409,P069,E017,B11,PAY04482,D04482,4,535.83,0.16,1800.39,1186.75,613.64,2159,Delivered
O04483,2/1/2020 0:00,C0094,P051,E011,B14,PAY04483,D04483,2,1230.29,0.08,2263.73,1440.17,823.56,960,Delivered
O04484,11/20/2024 0:00,C0985,P221,E084,B15,PAY04484,D04484,1,1456.15,0.08,1339.66,808.4,531.26,4225,Cancelled
O04485,10/24/2024 0:00,C0637,P059,E073,B14,PAY04485,D04485,4,836.8,0.03,3246.78,2813.28,433.5,3856,Delivered
O04486,4/11/2021 0:00,C0925,P132,E091,B01,PAY04486,D04486,3,875.8,0.02,2574.85,1969.93,604.92,1302,Cancelled
O04487,12/26/2022 0:00,C0724,P033,E020,B06,PAY04487,D04487,4,992.68,0.03,3851.6,2523.07,1328.53,1413,Cancelled
O04488,7/4/2022 0:00,C0243,P010,E084,B15,PAY04488,D04488,1,563.04,0.14,484.21,343.88,140.33,3021,Pending
O04489,1/29/2025 0:00,C0437,P001,E065,B10,PAY04489,D04489,4,888.24,0.16,2984.49,2257.79,726.7,1974,Cancelled
O04490,1/8/2024 0:00,C0319,P260,E105,B05,PAY04490,D04490,2,489.94,0.18,803.5,667.32,136.18,1828,Pending
O04491,11/28/2020 0:00,C0613,P237,E143,B05,PAY04491,D04491,4,1079.11,0.02,4230.11,3275.72,954.39,979,Delivered
O04492,2/3/2025 0:00,C0257,P053,E020,B05,PAY04492,D04492,3,465.74,0.11,1243.53,866.64,376.89,793,Pending
O04493,10/28/2025 0:00,C0984,P035,E002,B04,PAY04493,D04493,2,914.58,0.08,1682.83,1294.85,387.98,2980,Pending
O04494,10/14/2021 0:00,C0587,P114,E146,B06,PAY04494,D04494,2,508.98,0.19,824.55,591.8,232.75,1132,Delivered
O04495,3/6/2021 0:00,C0234,P231,E100,B09,PAY04495,D04495,5,158.59,0.1,713.66,587.55,126.11,1042,Cancelled
O04496,10/31/2021 0:00,C0923,P280,E093,B06,PAY04496,D04496,4,242.05,0.03,939.15,779.94,159.21,2169,Delivered
O04497,8/9/2023 0:00,C0576,P245,E101,B13,PAY04497,D04497,5,1498.59,0.1,6743.65,5555.91,1187.74,4136,Pending
O04498,4/27/2021 0:00,C1182,P294,E150,B04,PAY04498,D04498,1,151.54,0.15,128.81,80.4,48.41,2930,Pending
O04499,8/11/2023 0:00,C0695,P070,E079,B15,PAY04499,D04499,4,456.41,0.16,1533.54,951.65,581.89,591,Pending
O04500,8/9/2023 0:00,C0350,P039,E091,B02,PAY04500,D04500,5,608.02,0.01,3009.7,2667.58,342.12,1708,Pending
O04501,11/3/2021 0:00,C0343,P170,E052,B04,PAY04501,D04501,1,257.82,0,257.82,191.86,65.96,4903,Delivered
O04502,9/19/2024 0:00,C0916,P264,E081,B02,PAY04502,D04502,2,308.08,0.09,560.71,367.09,193.62,4236,Delivered
O04503,11/30/2023 0:00,C0241,P293,E139,B04,PAY04503,D04503,5,432.72,0.11,1925.6,1215.41,710.19,1456,Pending
O04504,11/28/2025 0:00,C0275,P154,E139,B06,PAY04504,D04504,2,1312.6,0.1,2362.68,1436.41,926.27,3192,Pending
O04505,1/30/2022 0:00,C0241,P245,E078,B08,PAY04505,D04505,4,994.8,0.19,3223.15,2612.96,610.19,1978,Delivered
O04506,10/1/2020 0:00,C0736,P288,E075,B09,PAY04506,D04506,3,1054.44,0.08,2910.25,2046.22,864.03,2955,Cancelled
O04507,3/28/2021 0:00,C1149,P223,E060,B11,PAY04507,D04507,5,588.76,0.05,2796.61,2021.5,775.11,3745,Pending
O04508,7/2/2025 0:00,C0721,P284,E136,B15,PAY04508,D04508,1,907.25,0.18,743.95,456.3,287.65,803,Pending
O04509,11/18/2020 0:00,C0936,P001,E073,B01,PAY04509,D04509,2,164.14,0.17,272.47,187.23,85.24,3846,Pending
O04510,7/29/2021 0:00,C0349,P004,E032,B08,PAY04510,D04510,5,37.53,0.12,165.13,128.26,36.87,561,Cancelled
O04511,11/8/2021 0:00,C0825,P196,E091,B07,PAY04511,D04511,4,683.56,0.12,2406.13,1884.35,521.78,3780,Cancelled
O04512,9/21/2021 0:00,C0038,P108,E073,B12,PAY04512,D04512,1,741.16,0.05,704.1,548.33,155.77,2395,Delivered
O04513,9/23/2025 0:00,C0450,P216,E023,B01,PAY04513,D04513,1,620.29,0.04,595.48,403.41,192.07,4938,Pending
O04514,6/20/2023 0:00,C0046,P062,E030,B04,PAY04514,D04514,3,1116.85,0.12,2948.48,2299.55,648.93,3739,Delivered
O04515,11/4/2025 0:00,C0426,P142,E007,B05,PAY04515,D04515,3,911,0.09,2487.03,1602.16,884.87,3554,Cancelled
O04516,11/6/2022 0:00,C1033,P148,E149,B12,PAY04516,D04516,2,803.53,0.02,1574.92,1408.13,166.79,4683,Pending
O04517,8/10/2022 0:00,C0984,P199,E088,B03,PAY04517,D04517,2,1030.69,0.12,1814.01,1498.66,315.35,3506,Delivered
O04518,7/2/2024 0:00,C0313,P149,E003,B12,PAY04518,D04518,3,434.57,0.11,1160.3,852.93,307.37,636,Cancelled
O04519,2/20/2024 0:00,C1142,P268,E006,B09,PAY04519,D04519,1,462.9,0.18,379.58,258.3,121.28,1878,Cancelled
O04520,11/14/2020 0:00,C0167,P116,E033,B06,PAY04520,D04520,3,1021.93,0.05,2912.5,2184.92,727.58,3613,Pending
O04521,3/16/2024 0:00,C0422,P142,E046,B01,PAY04521,D04521,4,1307.67,0.13,4550.69,2820.8,1729.89,4686,Cancelled
O04522,9/20/2023 0:00,C0025,P059,E117,B14,PAY04522,D04522,2,672.41,0.19,1089.3,736.33,352.97,4919,Cancelled
O04523,12/6/2025 0:00,C0764,P268,E062,B06,PAY04523,D04523,2,791.08,0.16,1329.01,1150.84,178.17,3954,Pending
O04524,4/5/2022 0:00,C0003,P226,E055,B15,PAY04524,D04524,3,1495.43,0.19,3633.89,2916.05,717.84,2715,Pending
O04525,9/22/2024 0:00,C0364,P043,E059,B01,PAY04525,D04525,4,724.32,0.03,2810.36,2528.65,281.71,2757,Cancelled
O04526,4/8/2020 0:00,C1039,P018,E065,B08,PAY04526,D04526,3,1399.55,0.1,3778.78,3167.54,611.24,3268,Delivered
O04527,6/18/2025 0:00,C0383,P118,E086,B01,PAY04527,D04527,4,1403.76,0.08,5165.84,4519.42,646.42,1216,Pending
O04528,10/9/2020 0:00,C0797,P102,E029,B07,PAY04528,D04528,4,808.58,0.03,3137.29,2066.59,1070.7,2184,Pending
O04529,3/8/2023 0:00,C0995,P296,E137,B09,PAY04529,D04529,3,49.74,0.03,144.74,106.95,37.79,2150,Cancelled
O04530,6/16/2020 0:00,C0511,P197,E082,B12,PAY04530,D04530,5,889.88,0.18,3648.51,2435.65,1212.86,3531,Delivered
O04531,1/26/2022 0:00,C0337,P268,E045,B15,PAY04531,D04531,5,207.99,0.08,956.75,770.46,186.29,2631,Cancelled
O04532,6/14/2023 0:00,C1112,P220,E127,B04,PAY04532,D04532,4,1001.72,0.02,3926.74,2812.08,1114.66,1418,Cancelled
O04533,5/5/2023 0:00,C1171,P174,E100,B07,PAY04533,D04533,1,554.82,0.1,499.34,437.26,62.08,4125,Cancelled
O04534,6/17/2024 0:00,C0164,P108,E130,B01,PAY04534,D04534,5,430.61,0.1,1937.75,1546.33,391.42,3177,Delivered
O04535,3/23/2023 0:00,C0601,P074,E089,B13,PAY04535,D04535,5,1398.54,0.15,5943.8,4842.28,1101.52,3582,Cancelled
O04536,5/6/2023 0:00,C0443,P068,E103,B02,PAY04536,D04536,1,1117.27,0.12,983.2,599.75,383.45,4761,Cancelled
O04537,12/27/2022 0:00,C0696,P290,E070,B09,PAY04537,D04537,3,227.56,0.19,552.97,352.72,200.25,4708,Delivered
O04538,12/30/2021 0:00,C0974,P082,E034,B07,PAY04538,D04538,5,511.86,0.01,2533.71,1563.33,970.38,885,Delivered
O04539,10/25/2022 0:00,C0131,P125,E007,B08,PAY04539,D04539,5,936.45,0.04,4494.96,4008.87,486.09,947,Pending
O04540,3/2/2024 0:00,C0456,P202,E136,B02,PAY04540,D04540,5,1392.34,0.18,5708.59,4675.22,1033.37,2947,Pending
O04541,12/11/2021 0:00,C0969,P156,E122,B12,PAY04541,D04541,5,1018.89,0.05,4839.73,3882.02,957.71,2975,Delivered
O04542,10/21/2025 0:00,C1190,P277,E061,B06,PAY04542,D04542,4,384.2,0.07,1429.22,1244.73,184.49,4802,Pending
O04543,5/15/2024 0:00,C0758,P041,E097,B13,PAY04543,D04543,1,862.44,0.16,724.45,449.44,275.01,4975,Cancelled
O04544,12/3/2024 0:00,C0539,P087,E041,B13,PAY04544,D04544,4,365.91,0.17,1214.82,1006.72,208.1,4633,Delivered
O04545,1/7/2023 0:00,C0020,P277,E043,B10,PAY04545,D04545,3,565.52,0.09,1543.87,1298.83,245.04,4551,Pending
O04546,7/19/2022 0:00,C0646,P267,E150,B04,PAY04546,D04546,4,1358.62,0.08,4999.72,3063.99,1935.73,4504,Cancelled
O04547,9/18/2022 0:00,C0044,P058,E136,B15,PAY04547,D04547,5,389.26,0.04,1868.45,1422.63,445.82,1962,Delivered
O04548,9/5/2022 0:00,C0357,P235,E046,B06,PAY04548,D04548,2,1114.18,0.1,2005.52,1321.84,683.68,3897,Pending
O04549,11/7/2023 0:00,C0999,P204,E021,B04,PAY04549,D04549,3,852.51,0.17,2122.75,1638.73,484.02,1872,Delivered
O04550,7/4/2021 0:00,C0708,P056,E013,B13,PAY04550,D04550,5,1214.81,0.04,5831.09,4768.48,1062.61,3379,Delivered
O04551,3/2/2022 0:00,C0119,P262,E049,B03,PAY04551,D04551,4,231.88,0.19,751.29,520,231.29,2546,Pending
O04552,1/4/2025 0:00,C0846,P032,E086,B02,PAY04552,D04552,4,29.38,0.04,112.82,81.68,31.14,736,Cancelled
O04553,11/15/2022 0:00,C0302,P042,E001,B07,PAY04553,D04553,3,1358.98,0.17,3383.86,2996.55,387.31,2871,Delivered
O04554,10/14/2020 0:00,C0931,P298,E003,B07,PAY04554,D04554,1,1102.75,0.14,948.37,670.54,277.83,3998,Pending
O04555,2/11/2022 0:00,C0837,P072,E037,B15,PAY04555,D04555,1,827.26,0.19,670.08,553.16,116.92,2784,Delivered
O04556,11/21/2024 0:00,C0986,P232,E138,B10,PAY04556,D04556,1,1123.43,0.13,977.38,815.06,162.32,4000,Delivered
O04557,5/5/2023 0:00,C0524,P112,E018,B08,PAY04557,D04557,2,204.53,0.13,355.88,229.14,126.74,1146,Cancelled
O04558,6/15/2024 0:00,C1181,P061,E014,B07,PAY04558,D04558,5,1232.46,0.17,5114.71,3741.09,1373.62,2429,Pending
O04559,8/24/2020 0:00,C0578,P232,E040,B02,PAY04559,D04559,1,332.92,0.09,302.96,267.54,35.42,2779,Delivered
O04560,7/26/2025 0:00,C1106,P131,E035,B13,PAY04560,D04560,5,1047.35,0.02,5132.02,3404.53,1727.49,4701,Cancelled
O04561,4/1/2022 0:00,C1061,P158,E013,B05,PAY04561,D04561,4,21.62,0.05,82.16,70.21,11.95,995,Delivered
O04562,3/14/2020 0:00,C1020,P036,E044,B01,PAY04562,D04562,2,820.93,0.1,1477.67,933.99,543.68,3894,Cancelled
O04563,12/31/2020 0:00,C0295,P118,E069,B09,PAY04563,D04563,4,1168,0.17,3877.76,3451.34,426.42,1786,Pending
O04564,3/23/2020 0:00,C0529,P133,E107,B05,PAY04564,D04564,2,1035.81,0.1,1864.46,1137.66,726.8,972,Pending
O04565,10/2/2023 0:00,C0594,P095,E140,B02,PAY04565,D04565,2,345.62,0.09,629.03,441.02,188.01,3795,Cancelled
O04566,7/18/2025 0:00,C1190,P163,E141,B06,PAY04566,D04566,5,212.7,0.11,946.51,705.42,241.09,1689,Pending
O04567,8/30/2021 0:00,C0011,P097,E094,B12,PAY04567,D04567,4,1492.41,0.04,5730.85,5058.97,671.88,3813,Cancelled
O04568,7/19/2024 0:00,C0444,P032,E083,B05,PAY04568,D04568,1,264.6,0.12,232.85,141.42,91.43,2381,Cancelled
O04569,6/30/2024 0:00,C0521,P179,E001,B07,PAY04569,D04569,3,1172.81,0.06,3307.32,2708.89,598.43,1718,Delivered
O04570,4/4/2024 0:00,C0601,P046,E017,B04,PAY04570,D04570,1,265.65,0.02,260.34,231.87,28.47,4779,Cancelled
O04571,9/19/2022 0:00,C1049,P287,E058,B14,PAY04571,D04571,2,1014.14,0.06,1906.58,1215.33,691.25,1173,Cancelled
O04572,6/21/2023 0:00,C0004,P022,E039,B12,PAY04572,D04572,5,1120.36,0.1,5041.62,3797.49,1244.13,848,Pending
O04573,12/19/2020 0:00,C0152,P052,E055,B14,PAY04573,D04573,3,1198.48,0.11,3199.94,1989.7,1210.24,3052,Pending
O04574,12/16/2020 0:00,C0009,P091,E129,B15,PAY04574,D04574,4,795.73,0.09,2896.46,1889.27,1007.19,3255,Pending
O04575,9/10/2024 0:00,C0705,P242,E096,B07,PAY04575,D04575,5,1463.06,0.17,6071.7,4312.12,1759.58,1199,Cancelled
O04576,3/8/2020 0:00,C0707,P092,E007,B11,PAY04576,D04576,1,654.19,0.13,569.15,383.8,185.35,3007,Cancelled
O04577,1/10/2021 0:00,C1185,P035,E075,B14,PAY04577,D04577,3,403.32,0.16,1016.37,736.35,280.02,4727,Delivered
O04578,12/12/2023 0:00,C0149,P141,E053,B14,PAY04578,D04578,5,490.44,0.04,2354.11,1745.96,608.15,4796,Pending
O04579,5/31/2024 0:00,C0319,P019,E123,B09,PAY04579,D04579,3,1258.44,0.03,3662.06,2490.61,1171.45,3546,Cancelled
O04580,3/11/2020 0:00,C0216,P176,E132,B10,PAY04580,D04580,4,976.93,0.13,3399.72,2044.64,1355.08,2339,Pending
O04581,11/15/2024 0:00,C0154,P045,E033,B06,PAY04581,D04581,1,895.2,0.02,877.3,771.89,105.41,1910,Pending
O04582,5/17/2024 0:00,C0901,P053,E070,B15,PAY04582,D04582,5,397.32,0.16,1668.74,1332.04,336.7,4262,Delivered
O04583,6/25/2023 0:00,C0147,P157,E114,B14,PAY04583,D04583,2,1396.98,0.14,2402.81,2089.67,313.14,3887,Cancelled
O04584,12/22/2025 0:00,C1154,P218,E063,B03,PAY04584,D04584,5,340.31,0.17,1412.29,1203.3,208.99,994,Delivered
O04585,1/23/2022 0:00,C0091,P291,E144,B08,PAY04585,D04585,2,1449.76,0.19,2348.61,2073.83,274.78,597,Cancelled
O04586,1/11/2020 0:00,C0684,P069,E072,B11,PAY04586,D04586,1,954,0.1,858.6,715.41,143.19,804,Cancelled
O04587,4/22/2022 0:00,C0213,P267,E045,B12,PAY04587,D04587,1,349.65,0.12,307.69,265.81,41.88,1338,Cancelled
O04588,7/26/2021 0:00,C1031,P044,E029,B13,PAY04588,D04588,5,144.46,0.08,664.52,544.76,119.76,4765,Pending
O04589,9/28/2023 0:00,C0030,P292,E046,B01,PAY04589,D04589,1,352.16,0.12,309.9,257.21,52.69,2077,Cancelled
O04590,2/18/2024 0:00,C0921,P072,E126,B09,PAY04590,D04590,4,697.36,0.18,2287.34,1955.5,331.84,3910,Delivered
O04591,12/23/2025 0:00,C0112,P141,E129,B03,PAY04591,D04591,1,1208.63,0.09,1099.85,729.97,369.88,1243,Cancelled
O04592,1/26/2022 0:00,C1140,P037,E042,B08,PAY04592,D04592,2,1028.09,0.17,1706.63,1502.27,204.36,712,Delivered
O04593,4/26/2021 0:00,C0718,P024,E028,B08,PAY04593,D04593,1,582.72,0.07,541.93,353.76,188.17,2253,Pending
O04594,12/14/2021 0:00,C0915,P213,E134,B13,PAY04594,D04594,4,502.5,0.07,1869.3,1287.77,581.53,774,Pending
O04595,7/13/2025 0:00,C0317,P030,E023,B07,PAY04595,D04595,2,1439.28,0.09,2619.49,1738.06,881.43,954,Pending
O04596,2/19/2021 0:00,C0985,P300,E142,B04,PAY04596,D04596,2,342.1,0.08,629.46,557.4,72.06,3626,Pending
O04597,6/25/2025 0:00,C0871,P240,E068,B10,PAY04597,D04597,2,422.31,0.18,692.59,528.82,163.77,1663,Pending
O04598,2/8/2025 0:00,C0040,P235,E068,B05,PAY04598,D04598,4,452.08,0.16,1518.99,1173.57,345.42,928,Pending
O04599,3/21/2022 0:00,C0092,P096,E121,B11,PAY04599,D04599,1,1174.77,0.08,1080.79,785.48,295.31,830,Pending
O04600,12/8/2020 0:00,C0031,P057,E072,B03,PAY04600,D04600,5,33.61,0.12,147.88,120.9,26.98,3404,Delivered
O04601,5/4/2023 0:00,C0801,P086,E085,B03,PAY04601,D04601,5,500.53,0.17,2077.2,1585.59,491.61,4246,Pending
O04602,2/9/2021 0:00,C0787,P032,E099,B06,PAY04602,D04602,5,1014.82,0.06,4769.65,3360.58,1409.07,4933,Cancelled
O04603,11/18/2024 0:00,C1066,P020,E105,B14,PAY04603,D04603,5,1078.94,0.16,4531.55,3684.23,847.32,4811,Delivered
O04604,12/4/2024 0:00,C0095,P280,E132,B01,PAY04604,D04604,3,978.12,0.14,2523.55,1949.81,573.74,2671,Delivered
O04605,8/13/2023 0:00,C1036,P004,E001,B14,PAY04605,D04605,2,109.89,0.03,213.19,177.16,36.03,4447,Cancelled
O04606,6/17/2025 0:00,C0608,P182,E101,B10,PAY04606,D04606,1,708.18,0.08,651.53,426.02,225.51,2310,Delivered
O04607,5/12/2020 0:00,C1177,P233,E141,B05,PAY04607,D04607,2,131.95,0.05,250.7,182.32,68.38,4366,Delivered
O04608,3/22/2024 0:00,C0207,P283,E020,B14,PAY04608,D04608,4,1025.08,0.11,3649.28,2639.38,1009.9,914,Delivered
O04609,12/31/2023 0:00,C0299,P176,E146,B05,PAY04609,D04609,5,360.09,0.17,1494.37,1279.12,215.25,4437,Delivered
O04610,9/18/2020 0:00,C0715,P289,E076,B06,PAY04610,D04610,3,901.7,0.08,2488.69,2202.9,285.79,1839,Cancelled
O04611,12/4/2020 0:00,C1075,P054,E088,B04,PAY04611,D04611,1,1137.69,0.05,1080.81,759.63,321.18,4982,Pending
O04612,9/14/2020 0:00,C0022,P008,E129,B04,PAY04612,D04612,1,1350.95,0.16,1134.8,734.81,399.99,1541,Cancelled
O04613,12/26/2023 0:00,C0274,P050,E097,B14,PAY04613,D04613,5,73.16,0.16,307.27,216.77,90.5,1143,Pending
O04614,10/19/2022 0:00,C1066,P044,E006,B05,PAY04614,D04614,2,1076.33,0.08,1980.45,1279.64,700.81,2432,Pending
O04615,7/5/2023 0:00,C0328,P175,E039,B05,PAY04615,D04615,2,613.84,0.18,1006.7,693.88,312.82,1070,Delivered
O04616,6/20/2021 0:00,C0511,P284,E133,B05,PAY04616,D04616,2,509.21,0.15,865.66,654.71,210.95,3728,Delivered
O04617,11/14/2022 0:00,C0636,P147,E037,B13,PAY04617,D04617,5,425.22,0.13,1849.71,1148.76,700.95,3609,Delivered
O04618,10/16/2022 0:00,C0233,P016,E054,B11,PAY04618,D04618,4,737.38,0.16,2477.6,1602.49,875.11,4990,Pending
O04619,9/14/2020 0:00,C0625,P171,E116,B13,PAY04619,D04619,5,304.6,0.16,1279.32,872.72,406.6,3143,Delivered
O04620,2/26/2024 0:00,C0283,P064,E037,B09,PAY04620,D04620,1,385.54,0.03,373.97,307.91,66.06,2781,Pending
O04621,9/30/2025 0:00,C0458,P137,E011,B08,PAY04621,D04621,4,750.68,0.09,2732.48,2139.67,592.81,4112,Delivered
O04622,1/4/2021 0:00,C0017,P002,E083,B07,PAY04622,D04622,5,287.24,0.06,1350.03,1048.3,301.73,3208,Cancelled
O04623,10/16/2024 0:00,C1014,P290,E040,B08,PAY04623,D04623,1,337.29,0.12,296.82,218.78,78.04,4472,Delivered
O04624,1/17/2023 0:00,C0119,P132,E086,B06,PAY04624,D04624,5,1218.62,0.03,5910.31,5276.19,634.12,4653,Cancelled
O04625,10/17/2022 0:00,C0262,P276,E098,B06,PAY04625,D04625,2,886.11,0.12,1559.55,1052.91,506.64,3381,Pending
O04626,9/4/2025 0:00,C0959,P238,E122,B01,PAY04626,D04626,2,143.51,0.2,229.62,159.04,70.58,3046,Delivered
O04627,12/4/2025 0:00,C0802,P256,E085,B14,PAY04627,D04627,3,169.29,0.12,446.93,340.07,106.86,2197,Delivered
O04628,4/27/2025 0:00,C0823,P045,E132,B09,PAY04628,D04628,1,1257.97,0.15,1069.27,860.83,208.44,1185,Pending
O04629,6/18/2020 0:00,C1045,P165,E118,B09,PAY04629,D04629,5,315.09,0.04,1512.43,1068.18,444.25,1221,Delivered
O04630,8/27/2020 0:00,C1126,P265,E083,B05,PAY04630,D04630,1,406.09,0.03,393.91,324.95,68.96,2550,Delivered
O04631,10/21/2020 0:00,C0307,P016,E075,B04,PAY04631,D04631,3,553.4,0.19,1344.76,988.35,356.41,666,Cancelled
O04632,9/13/2020 0:00,C1001,P256,E066,B10,PAY04632,D04632,1,788.97,0.03,765.3,601.45,163.85,2590,Delivered
O04633,9/29/2025 0:00,C0040,P068,E015,B03,PAY04633,D04633,5,1087.31,0.1,4892.89,4241.3,651.59,1471,Delivered
O04634,3/19/2022 0:00,C1102,P125,E086,B15,PAY04634,D04634,2,161.11,0,322.22,197.7,124.52,3946,Cancelled
O04635,11/14/2023 0:00,C0299,P082,E010,B15,PAY04635,D04635,5,1460.63,0.04,7011.02,5309.28,1701.74,1853,Delivered
O04636,6/9/2023 0:00,C0731,P144,E016,B03,PAY04636,D04636,3,1355.1,0.01,4024.65,3043.1,981.55,1434,Delivered
O04637,8/31/2020 0:00,C0483,P016,E007,B07,PAY04637,D04637,2,381.91,0.17,633.97,474.77,159.2,1212,Delivered
O04638,5/15/2025 0:00,C0593,P013,E107,B04,PAY04638,D04638,1,698.82,0.01,691.83,569.64,122.19,4652,Delivered
O04639,6/29/2023 0:00,C0384,P048,E064,B08,PAY04639,D04639,3,1173.72,0.15,2992.99,2307.46,685.53,1416,Pending
O04640,5/10/2020 0:00,C0638,P022,E116,B01,PAY04640,D04640,3,880.25,0.05,2508.71,2015.3,493.41,2287,Pending
O04641,5/23/2022 0:00,C0921,P059,E020,B05,PAY04641,D04641,1,133.89,0.09,121.84,102.73,19.11,4189,Pending
O04642,10/17/2021 0:00,C0070,P100,E103,B14,PAY04642,D04642,4,476.2,0,1904.8,1225.69,679.11,1164,Delivered
O04643,9/20/2022 0:00,C0765,P226,E033,B04,PAY04643,D04643,2,754.58,0.09,1373.34,1083.84,289.5,3388,Pending
O04644,2/18/2021 0:00,C0922,P243,E143,B08,PAY04644,D04644,2,490,0.06,921.2,823.06,98.14,4331,Pending
O04645,10/4/2021 0:00,C0554,P186,E024,B05,PAY04645,D04645,2,108.07,0.01,213.98,147.54,66.44,2139,Cancelled
O04646,3/20/2021 0:00,C0846,P103,E029,B08,PAY04646,D04646,5,914.25,0.01,4525.54,2970.39,1555.15,1212,Delivered
O04647,8/10/2024 0:00,C0316,P064,E137,B10,PAY04647,D04647,4,855.2,0.16,2873.47,2120.97,752.5,2578,Delivered
O04648,2/1/2024 0:00,C1167,P246,E018,B09,PAY04648,D04648,1,189.12,0.19,153.19,94.15,59.04,4545,Delivered
O04649,5/19/2024 0:00,C0165,P204,E019,B07,PAY04649,D04649,4,266.04,0.01,1053.52,866.95,186.57,1787,Pending
O04650,1/3/2024 0:00,C0739,P176,E019,B07,PAY04650,D04650,5,89.76,0.12,394.94,261.16,133.78,4119,Cancelled
O04651,10/15/2021 0:00,C0034,P249,E045,B02,PAY04651,D04651,5,141.52,0.06,665.14,466.73,198.41,2695,Pending
O04652,1/22/2020 0:00,C0300,P230,E109,B13,PAY04652,D04652,3,1093.11,0.04,3148.16,1915,1233.16,4785,Pending
O04653,1/28/2025 0:00,C0913,P093,E128,B10,PAY04653,D04653,3,1090.83,0.04,3141.59,1950.36,1191.23,4952,Pending
O04654,10/8/2022 0:00,C1008,P146,E055,B03,PAY04654,D04654,4,236.19,0.08,869.18,759.52,109.66,1650,Pending
O04655,6/10/2024 0:00,C0522,P054,E124,B12,PAY04655,D04655,4,596.75,0.06,2243.78,1785.51,458.27,2070,Cancelled
O04656,5/18/2021 0:00,C0145,P170,E074,B12,PAY04656,D04656,4,1384.68,0.17,4597.14,2938.57,1658.57,4150,Pending
O04657,11/5/2020 0:00,C1088,P276,E080,B06,PAY04657,D04657,5,183.14,0.01,906.54,600.25,306.29,3961,Cancelled
O04658,11/6/2022 0:00,C0088,P044,E148,B05,PAY04658,D04658,4,607.43,0.04,2332.53,1716.45,616.08,1377,Delivered
O04659,1/7/2021 0:00,C1171,P242,E062,B11,PAY04659,D04659,3,1027.12,0.01,3050.55,2703.88,346.67,1659,Pending
O04660,12/25/2023 0:00,C0345,P240,E116,B07,PAY04660,D04660,2,499.01,0.04,958.1,711.11,246.99,3206,Cancelled
O04661,8/24/2024 0:00,C0411,P134,E004,B09,PAY04661,D04661,3,410.18,0.14,1058.26,916.1,142.16,4668,Cancelled
O04662,9/19/2023 0:00,C0503,P066,E091,B08,PAY04662,D04662,4,1198.21,0.02,4696.98,4051.52,645.46,4565,Delivered
O04663,5/16/2021 0:00,C0815,P187,E080,B11,PAY04663,D04663,2,1272.24,0.18,2086.47,1541.81,544.66,1611,Pending
O04664,10/1/2020 0:00,C1135,P283,E059,B01,PAY04664,D04664,3,188.88,0.12,498.64,382.06,116.58,2850,Cancelled
O04665,5/12/2024 0:00,C0478,P146,E081,B03,PAY04665,D04665,4,1104.49,0.06,4152.88,2902.15,1250.73,3269,Pending
O04666,11/19/2022 0:00,C0294,P193,E014,B07,PAY04666,D04666,3,84.86,0.13,221.48,171.62,49.86,4664,Cancelled
O04667,4/18/2023 0:00,C0286,P281,E116,B12,PAY04667,D04667,5,237.69,0.04,1140.91,761.05,379.86,3061,Pending
O04668,4/29/2023 0:00,C0664,P012,E110,B14,PAY04668,D04668,4,1073.54,0.14,3692.98,2513.97,1179.01,1821,Pending
O04669,10/9/2024 0:00,C0634,P038,E029,B13,PAY04669,D04669,3,403.3,0.12,1064.71,729.77,334.94,1275,Delivered
O04670,3/10/2021 0:00,C0899,P115,E003,B01,PAY04670,D04670,4,442.77,0.11,1576.26,1342.48,233.78,4736,Pending
O04671,9/15/2020 0:00,C0046,P092,E137,B13,PAY04671,D04671,3,224.92,0.17,560.05,446.27,113.78,3141,Cancelled
O04672,10/8/2022 0:00,C0286,P270,E018,B05,PAY04672,D04672,5,1295.43,0.16,5440.81,4616.97,823.84,4867,Delivered
O04673,10/28/2021 0:00,C0022,P299,E128,B08,PAY04673,D04673,5,181.13,0.04,869.42,621.35,248.07,3268,Pending
O04674,9/28/2025 0:00,C0302,P079,E031,B07,PAY04674,D04674,5,1401.5,0.19,5676.08,4143.01,1533.07,3653,Cancelled
O04675,10/21/2022 0:00,C0840,P099,E014,B05,PAY04675,D04675,2,882.74,0.17,1465.35,1000.41,464.94,736,Cancelled
O04676,7/23/2023 0:00,C0784,P079,E051,B05,PAY04676,D04676,5,492.34,0.12,2166.3,1570.53,595.77,4883,Delivered
O04677,4/3/2022 0:00,C0944,P016,E069,B01,PAY04677,D04677,5,759.02,0.03,3681.25,2912.64,768.61,3166,Delivered
O04678,2/26/2024 0:00,C1120,P228,E091,B14,PAY04678,D04678,4,1412,0.06,5309.12,4217.18,1091.94,1941,Cancelled
O04679,6/29/2023 0:00,C0036,P250,E097,B02,PAY04679,D04679,1,1418.34,0.14,1219.77,967.35,252.42,3827,Delivered
O04680,2/1/2024 0:00,C0203,P089,E122,B14,PAY04680,D04680,5,1049.6,0.16,4408.32,2894.25,1514.07,1045,Pending
O04681,11/14/2021 0:00,C0627,P159,E070,B03,PAY04681,D04681,4,710.46,0.17,2358.73,1839.73,519,4487,Cancelled
O04682,3/21/2021 0:00,C0265,P218,E025,B02,PAY04682,D04682,1,627.89,0.04,602.77,486.26,116.51,2091,Pending
O04683,5/3/2025 0:00,C0168,P227,E122,B03,PAY04683,D04683,2,120.3,0.05,228.57,145.46,83.11,2772,Pending
O04684,6/20/2024 0:00,C0874,P066,E074,B06,PAY04684,D04684,5,190.83,0.17,791.94,707.83,84.11,1779,Pending
O04685,2/20/2025 0:00,C0343,P001,E076,B08,PAY04685,D04685,1,304.36,0,304.36,202.06,102.3,4463,Cancelled
O04686,2/13/2020 0:00,C1170,P201,E071,B01,PAY04686,D04686,3,304.56,0.01,904.54,549.42,355.12,1473,Delivered
O04687,2/6/2020 0:00,C0410,P239,E073,B13,PAY04687,D04687,1,1341.33,0.12,1180.37,780.15,400.22,3496,Delivered
O04688,5/9/2022 0:00,C0626,P225,E094,B11,PAY04688,D04688,4,52.81,0.06,198.57,142.8,55.77,1470,Delivered
O04689,8/9/2021 0:00,C0939,P136,E118,B05,PAY04689,D04689,2,938.97,0.12,1652.59,1108.66,543.93,2458,Delivered
O04690,3/24/2021 0:00,C0300,P126,E068,B09,PAY04690,D04690,4,262.49,0.03,1018.46,821.3,197.16,4171,Delivered
O04691,9/30/2023 0:00,C0053,P142,E038,B09,PAY04691,D04691,1,791.44,0.04,759.78,648.8,110.98,4516,Cancelled
O04692,10/19/2025 0:00,C0963,P096,E088,B01,PAY04692,D04692,1,50.76,0.03,49.24,38.86,10.38,1857,Cancelled
O04693,11/5/2024 0:00,C0639,P025,E024,B14,PAY04693,D04693,1,1114.56,0.06,1047.69,893.97,153.72,4001,Pending
O04694,8/3/2023 0:00,C0572,P137,E058,B09,PAY04694,D04694,5,1034.09,0.2,4136.36,3102.42,1033.94,1772,Delivered
O04695,3/20/2023 0:00,C0171,P237,E113,B09,PAY04695,D04695,5,428.23,0.01,2119.74,1601.2,518.54,4731,Cancelled
O04696,7/19/2022 0:00,C0368,P221,E116,B05,PAY04696,D04696,5,669.67,0.11,2980.03,2372.61,607.42,4818,Pending
O04697,7/8/2023 0:00,C0988,P063,E063,B09,PAY04697,D04697,1,91.11,0.03,88.38,70.62,17.76,1924,Delivered
O04698,5/5/2023 0:00,C0862,P274,E140,B04,PAY04698,D04698,5,502.24,0.2,2008.96,1334.4,674.56,4890,Cancelled
O04699,2/6/2025 0:00,C0444,P147,E105,B11,PAY04699,D04699,4,760.83,0.12,2678.12,1886.52,791.6,2689,Pending
O04700,8/10/2025 0:00,C0890,P232,E020,B09,PAY04700,D04700,5,636,0.05,3021,1855.77,1165.23,4383,Pending
O04701,8/17/2020 0:00,C1078,P265,E120,B08,PAY04701,D04701,3,172.63,0.1,466.1,339.99,126.11,3954,Delivered
O04702,2/15/2024 0:00,C0962,P025,E148,B04,PAY04702,D04702,5,949.53,0.08,4367.84,2860.86,1506.98,1376,Cancelled
O04703,12/10/2021 0:00,C0036,P026,E098,B08,PAY04703,D04703,2,1127.41,0.02,2209.72,1503.65,706.07,2701,Delivered
O04704,4/30/2023 0:00,C0205,P247,E019,B04,PAY04704,D04704,4,527.58,0.13,1835.98,1440.83,395.15,2398,Cancelled
O04705,3/17/2020 0:00,C0376,P288,E150,B02,PAY04705,D04705,1,1150.94,0.12,1012.83,751.63,261.2,2311,Cancelled
O04706,3/27/2025 0:00,C0711,P230,E105,B07,PAY04706,D04706,3,1208.21,0.11,3225.92,2360.2,865.72,3701,Delivered
O04707,6/20/2024 0:00,C0033,P233,E092,B10,PAY04707,D04707,1,1150.78,0.13,1001.18,706.77,294.41,4799,Pending
O04708,3/31/2020 0:00,C0970,P154,E133,B13,PAY04708,D04708,4,455.59,0.13,1585.45,1168.71,416.74,2169,Cancelled
O04709,5/8/2023 0:00,C0466,P015,E150,B12,PAY04709,D04709,5,123.82,0,619.1,394.66,224.44,868,Delivered
O04710,4/23/2025 0:00,C0712,P263,E066,B01,PAY04710,D04710,2,1477.83,0.17,2453.2,1567.21,885.99,1239,Cancelled
O04711,12/5/2022 0:00,C0135,P039,E073,B14,PAY04711,D04711,4,1393.09,0.15,4736.51,2980.46,1756.05,2144,Delivered
O04712,4/27/2024 0:00,C1075,P065,E018,B09,PAY04712,D04712,3,875.32,0.16,2205.81,1781.09,424.72,1413,Delivered
O04713,1/15/2020 0:00,C0380,P088,E001,B01,PAY04713,D04713,5,942.85,0.06,4431.39,2877.99,1553.4,3504,Delivered
O04714,10/30/2024 0:00,C0156,P215,E015,B14,PAY04714,D04714,2,1391.46,0.06,2615.94,1862.01,753.93,641,Cancelled
O04715,8/10/2025 0:00,C0268,P075,E002,B13,PAY04715,D04715,4,95.69,0.03,371.28,320.59,50.69,4002,Delivered
O04716,6/29/2025 0:00,C0646,P127,E062,B02,PAY04716,D04716,1,909.78,0.02,891.58,621.52,270.06,565,Delivered
O04717,4/17/2024 0:00,C0872,P069,E110,B13,PAY04717,D04717,4,143.93,0.11,512.39,394.98,117.41,1589,Delivered
O04718,2/9/2021 0:00,C0944,P132,E045,B02,PAY04718,D04718,5,1159.96,0.11,5161.82,3363.75,1798.07,1384,Pending
O04719,11/12/2024 0:00,C0297,P164,E141,B14,PAY04719,D04719,4,145.06,0.1,522.22,340.66,181.56,1761,Pending
O04720,7/7/2025 0:00,C0391,P218,E026,B01,PAY04720,D04720,4,1111.03,0.12,3910.83,3029.48,881.35,2223,Pending
O04721,4/7/2022 0:00,C0079,P022,E025,B11,PAY04721,D04721,3,1177.32,0.03,3426,2346.4,1079.6,2457,Cancelled
O04722,3/18/2023 0:00,C1164,P286,E089,B07,PAY04722,D04722,2,28.31,0.02,55.49,46.28,9.21,902,Pending
O04723,2/14/2025 0:00,C0098,P195,E104,B06,PAY04723,D04723,3,168.43,0.05,480.03,406.65,73.38,1162,Pending
O04724,7/23/2023 0:00,C0029,P057,E139,B07,PAY04724,D04724,2,1235.32,0.01,2445.93,1894.94,550.99,4753,Cancelled
O04725,7/10/2024 0:00,C0547,P083,E034,B07,PAY04725,D04725,3,1260.38,0.06,3554.27,3054.55,499.72,2231,Cancelled
O04726,5/4/2025 0:00,C0854,P153,E061,B13,PAY04726,D04726,1,931.33,0.2,745.06,509.12,235.94,1904,Pending
O04727,4/16/2020 0:00,C0831,P135,E050,B08,PAY04727,D04727,3,1202.76,0.07,3355.7,2148.74,1206.96,4876,Delivered
O04728,2/12/2024 0:00,C0328,P010,E082,B03,PAY04728,D04728,1,447.93,0.13,389.7,339.56,50.14,4295,Delivered
O04729,4/11/2023 0:00,C0624,P103,E027,B08,PAY04729,D04729,4,552.43,0.02,2165.53,1330.75,834.78,1654,Cancelled
O04730,7/18/2023 0:00,C1127,P255,E088,B10,PAY04730,D04730,3,1356.53,0.18,3337.06,2793.69,543.37,796,Delivered
O04731,9/18/2025 0:00,C0921,P199,E074,B14,PAY04731,D04731,4,1087.44,0.16,3653.8,2792.14,861.66,934,Delivered
O04732,3/4/2022 0:00,C1165,P190,E129,B04,PAY04732,D04732,2,423.79,0.09,771.3,508.55,262.75,3619,Pending
O04733,6/14/2023 0:00,C0595,P060,E130,B02,PAY04733,D04733,4,688.66,0.13,2396.54,1535.09,861.45,4009,Pending
O04734,4/18/2023 0:00,C0576,P048,E091,B05,PAY04734,D04734,3,867.66,0.16,2186.5,1767.71,418.79,2832,Cancelled
O04735,6/18/2025 0:00,C0576,P134,E098,B12,PAY04735,D04735,4,1153.53,0.13,4014.28,3372.23,642.05,718,Pending
O04736,10/22/2025 0:00,C0192,P052,E119,B02,PAY04736,D04736,1,954.27,0.04,916.1,638.68,277.42,1325,Delivered
O04737,10/25/2020 0:00,C1176,P202,E095,B09,PAY04737,D04737,2,108.52,0.14,186.65,162.97,23.68,4107,Cancelled
O04738,2/19/2025 0:00,C0651,P267,E072,B07,PAY04738,D04738,2,94.94,0.17,157.6,115.4,42.2,2779,Delivered
O04739,5/31/2024 0:00,C0540,P176,E118,B03,PAY04739,D04739,5,1162.67,0.19,4708.81,3311.12,1397.69,4141,Pending
O04740,10/25/2025 0:00,C1195,P194,E090,B15,PAY04740,D04740,1,743.53,0.12,654.31,526.09,128.22,4090,Cancelled
O04741,3/8/2022 0:00,C0743,P008,E054,B15,PAY04741,D04741,1,816.91,0.03,792.4,563.47,228.93,2035,Delivered
O04742,9/1/2023 0:00,C1034,P284,E110,B10,PAY04742,D04742,1,593.17,0.12,521.99,358.98,163.01,2197,Pending
O04743,7/10/2021 0:00,C0602,P151,E054,B13,PAY04743,D04743,3,172.82,0.1,466.61,356.65,109.96,1603,Cancelled
O04744,11/11/2024 0:00,C0588,P098,E093,B05,PAY04744,D04744,4,952.29,0.1,3428.24,3011.85,416.39,4204,Cancelled
O04745,7/21/2021 0:00,C0735,P068,E137,B15,PAY04745,D04745,5,593.93,0.13,2583.6,1717.43,866.17,2265,Delivered
O04746,7/11/2022 0:00,C1184,P210,E030,B14,PAY04746,D04746,4,1041.66,0.13,3624.98,2344.89,1280.09,4105,Delivered
O04747,8/30/2024 0:00,C1019,P039,E042,B03,PAY04747,D04747,1,898.49,0.18,736.76,449.06,287.7,4481,Cancelled
O04748,12/2/2020 0:00,C0120,P261,E091,B10,PAY04748,D04748,1,645.33,0.01,638.88,493.68,145.2,1719,Delivered
O04749,12/6/2021 0:00,C0900,P081,E125,B04,PAY04749,D04749,4,301.98,0.17,1002.57,862.78,139.79,2514,Cancelled
O04750,7/31/2021 0:00,C0014,P233,E083,B14,PAY04750,D04750,4,1171.84,0,4687.36,3433.91,1253.45,4240,Pending
O04751,10/8/2022 0:00,C0874,P135,E115,B03,PAY04751,D04751,1,1309.98,0.05,1244.48,784.82,459.66,1158,Delivered
O04752,9/25/2023 0:00,C0897,P020,E128,B08,PAY04752,D04752,1,704.18,0.16,591.51,488.5,103.01,3848,Delivered
O04753,4/24/2021 0:00,C0100,P129,E120,B10,PAY04753,D04753,4,843.3,0.18,2766.02,2174.66,591.36,1108,Delivered
O04754,6/6/2024 0:00,C0383,P030,E115,B05,PAY04754,D04754,4,1287.43,0.01,5098.22,3813.77,1284.45,736,Delivered
O04755,8/6/2023 0:00,C0794,P245,E098,B04,PAY04755,D04755,4,196.44,0.04,754.33,644.75,109.58,1108,Pending
O04756,5/23/2023 0:00,C0463,P060,E049,B04,PAY04756,D04756,2,1334.29,0.04,2561.84,1572.16,989.68,3537,Pending
O04757,11/1/2025 0:00,C0502,P168,E070,B12,PAY04757,D04757,2,1142.6,0.08,2102.38,1686.22,416.16,719,Cancelled
O04758,10/12/2025 0:00,C0320,P086,E013,B12,PAY04758,D04758,4,351.68,0.14,1209.78,1082.53,127.25,2733,Pending
O04759,7/13/2022 0:00,C0225,P027,E076,B13,PAY04759,D04759,1,451.43,0.12,397.26,300.86,96.4,4504,Delivered
O04760,8/24/2025 0:00,C0610,P032,E123,B04,PAY04760,D04760,1,80.91,0.03,78.48,64.53,13.95,1273,Cancelled
O04761,8/10/2024 0:00,C0763,P012,E080,B08,PAY04761,D04761,4,581.03,0.07,2161.43,1395.24,766.19,4504,Cancelled
O04762,10/9/2022 0:00,C0022,P230,E144,B03,PAY04762,D04762,1,409.84,0.1,368.86,307.09,61.77,4474,Delivered
O04763,9/18/2024 0:00,C0095,P047,E121,B08,PAY04763,D04763,3,1481.62,0.13,3867.03,2548.3,1318.73,676,Pending
O04764,7/26/2025 0:00,C0939,P056,E027,B11,PAY04764,D04764,1,349.84,0.12,307.86,227.28,80.58,1497,Delivered
O04765,10/10/2024 0:00,C0301,P092,E138,B14,PAY04765,D04765,3,1302.52,0.04,3751.26,2301.28,1449.98,1463,Pending
O04766,12/24/2023 0:00,C1142,P202,E075,B14,PAY04766,D04766,2,123.66,0.15,210.22,161.11,49.11,3402,Delivered
O04767,8/17/2024 0:00,C0862,P132,E116,B09,PAY04767,D04767,5,839.86,0.12,3695.38,3016.93,678.45,1892,Cancelled
O04768,6/10/2023 0:00,C0587,P057,E107,B05,PAY04768,D04768,4,573.74,0.17,1904.82,1257.77,647.05,820,Delivered
O04769,7/17/2025 0:00,C0560,P176,E073,B01,PAY04769,D04769,1,789.52,0.17,655.3,471.78,183.52,1619,Delivered
O04770,3/29/2023 0:00,C0464,P281,E005,B14,PAY04770,D04770,2,1285.09,0.11,2287.46,1700.77,586.69,4887,Cancelled
O04771,3/27/2022 0:00,C0380,P038,E064,B02,PAY04771,D04771,5,1199.2,0.06,5636.24,3537.74,2098.5,931,Cancelled
O04772,11/30/2020 0:00,C0591,P263,E032,B07,PAY04772,D04772,5,1289.66,0.01,6383.82,3933.56,2450.26,3380,Delivered
O04773,7/8/2021 0:00,C0462,P010,E019,B15,PAY04773,D04773,3,370.04,0.1,999.11,856.83,142.28,1432,Pending
O04774,3/8/2024 0:00,C0663,P141,E016,B10,PAY04774,D04774,1,1068.09,0.14,918.56,722.61,195.95,3186,Delivered
O04775,3/22/2022 0:00,C0582,P282,E014,B05,PAY04775,D04775,1,727.34,0.07,676.43,452.54,223.89,2007,Pending
O04776,8/1/2023 0:00,C0850,P059,E022,B04,PAY04776,D04776,2,1238.15,0.01,2451.54,2170.93,280.61,3825,Pending
O04777,12/8/2022 0:00,C0900,P066,E078,B11,PAY04777,D04777,1,1174.4,0.16,986.5,593.12,393.38,708,Cancelled
O04778,10/21/2020 0:00,C0611,P181,E099,B15,PAY04778,D04778,2,490.61,0.13,853.66,559.25,294.41,4847,Pending
O04779,7/10/2021 0:00,C0704,P093,E068,B01,PAY04779,D04779,5,126.99,0.09,577.8,488.92,88.88,1612,Pending
O04780,8/25/2022 0:00,C0946,P181,E107,B02,PAY04780,D04780,2,76.46,0.15,129.98,112.39,17.59,2636,Cancelled
O04781,9/1/2021 0:00,C0482,P165,E058,B08,PAY04781,D04781,1,177.88,0.04,170.76,107.45,63.31,4682,Pending
O04782,2/15/2024 0:00,C1016,P126,E019,B03,PAY04782,D04782,3,331.89,0.12,876.19,752.01,124.18,572,Cancelled
O04783,4/3/2020 0:00,C0941,P178,E023,B07,PAY04783,D04783,2,735.38,0.13,1279.56,965.6,313.96,4408,Cancelled
O04784,9/21/2021 0:00,C1118,P294,E016,B02,PAY04784,D04784,4,278.13,0.11,990.14,873.56,116.58,4732,Delivered
O04785,4/13/2021 0:00,C0113,P057,E014,B08,PAY04785,D04785,2,87.39,0.18,143.32,102.67,40.65,1734,Delivered
O04786,7/21/2025 0:00,C0042,P021,E082,B01,PAY04786,D04786,2,113.8,0.15,193.46,168.68,24.78,3143,Pending
O04787,3/18/2022 0:00,C0610,P161,E077,B03,PAY04787,D04787,1,47.02,0.09,42.79,38.05,4.74,2119,Pending
O04788,3/17/2025 0:00,C0076,P229,E030,B15,PAY04788,D04788,5,238,0.11,1059.1,749.01,310.09,2645,Delivered
O04789,9/27/2021 0:00,C0259,P036,E123,B11,PAY04789,D04789,3,1183.78,0.12,3125.18,2300.31,824.87,4706,Delivered
O04790,3/24/2022 0:00,C0352,P042,E138,B11,PAY04790,D04790,2,267.61,0.13,465.64,362.7,102.94,1524,Delivered
O04791,12/17/2020 0:00,C0826,P151,E128,B03,PAY04791,D04791,3,555.07,0.1,1498.69,933.97,564.72,3031,Cancelled
O04792,2/27/2021 0:00,C0498,P056,E143,B05,PAY04792,D04792,2,88.82,0.06,166.98,133.61,33.37,4685,Cancelled
O04793,6/29/2025 0:00,C0770,P277,E004,B04,PAY04793,D04793,5,1023.94,0.07,4761.32,2887.66,1873.66,791,Delivered
O04794,4/7/2020 0:00,C0950,P056,E033,B07,PAY04794,D04794,4,505.11,0.1,1818.4,1158.69,659.71,3901,Pending
O04795,10/17/2023 0:00,C0367,P094,E121,B03,PAY04795,D04795,5,205.46,0.15,873.2,648.8,224.4,1531,Cancelled
O04796,6/27/2021 0:00,C0617,P235,E116,B04,PAY04796,D04796,4,786.08,0.02,3081.43,1931.46,1149.97,2641,Cancelled
O04797,12/27/2020 0:00,C0259,P175,E145,B15,PAY04797,D04797,3,756.66,0.18,1861.38,1506.51,354.87,4636,Cancelled
O04798,11/7/2021 0:00,C1039,P105,E139,B04,PAY04798,D04798,4,793.79,0.01,3143.41,2752.11,391.3,3670,Delivered
O04799,11/12/2023 0:00,C1113,P001,E042,B11,PAY04799,D04799,1,583.43,0.02,571.76,343.24,228.52,2963,Pending
O04800,1/21/2025 0:00,C0399,P281,E135,B10,PAY04800,D04800,2,1077.82,0.1,1940.08,1433.9,506.18,4285,Cancelled
O04801,4/27/2022 0:00,C0312,P059,E142,B13,PAY04801,D04801,5,785.36,0.11,3494.85,2565.47,929.38,3781,Cancelled
O04802,1/3/2024 0:00,C0322,P161,E012,B12,PAY04802,D04802,3,1068.07,0.02,3140.13,2420.94,719.19,636,Delivered
O04803,1/8/2025 0:00,C1130,P231,E134,B13,PAY04803,D04803,5,1364.78,0.18,5595.6,3499.47,2096.13,3698,Delivered
O04804,9/21/2023 0:00,C0171,P240,E058,B02,PAY04804,D04804,2,1335.15,0.09,2429.97,1672.37,757.6,1243,Delivered
O04805,7/31/2023 0:00,C0318,P078,E028,B04,PAY04805,D04805,4,1359.54,0.14,4676.82,3155.46,1521.36,1836,Delivered
O04806,9/2/2021 0:00,C0383,P257,E092,B07,PAY04806,D04806,4,1091.37,0.1,3928.93,3004.35,924.58,3538,Pending
O04807,11/12/2021 0:00,C1196,P232,E046,B03,PAY04807,D04807,4,1418.2,0.09,5162.25,3996.92,1165.33,4433,Delivered
O04808,6/5/2020 0:00,C0467,P290,E139,B06,PAY04808,D04808,1,138.25,0.09,125.81,76,49.81,1158,Pending
O04809,1/7/2021 0:00,C0185,P258,E076,B06,PAY04809,D04809,5,165.73,0.16,696.07,426.83,269.24,2348,Delivered
O04810,5/11/2023 0:00,C0315,P278,E057,B12,PAY04810,D04810,5,391.47,0.09,1781.19,1260.74,520.45,3205,Pending
O04811,8/22/2021 0:00,C0488,P025,E094,B08,PAY04811,D04811,4,896.49,0.11,3191.5,2663.98,527.52,1575,Pending
O04812,1/24/2022 0:00,C0622,P296,E123,B01,PAY04812,D04812,3,935.7,0.03,2722.89,2102.65,620.24,3075,Pending
O04813,10/29/2025 0:00,C0956,P192,E126,B05,PAY04813,D04813,4,672.33,0.19,2178.35,1781.54,396.81,3463,Cancelled
O04814,4/12/2025 0:00,C0319,P298,E047,B11,PAY04814,D04814,4,1190.9,0.09,4334.88,2920.27,1414.61,4478,Cancelled
O04815,4/3/2025 0:00,C0920,P198,E085,B04,PAY04815,D04815,4,1050.35,0.08,3865.29,2631.73,1233.56,4500,Pending
O04816,2/8/2020 0:00,C0139,P257,E012,B06,PAY04816,D04816,3,781.88,0.19,1899.97,1150.88,749.09,1105,Delivered
O04817,7/27/2021 0:00,C0625,P083,E134,B11,PAY04817,D04817,4,326.15,0.15,1108.91,960.71,148.2,1504,Cancelled
O04818,10/15/2024 0:00,C0119,P021,E149,B02,PAY04818,D04818,3,87.36,0.11,233.25,158.57,74.68,2567,Pending
O04819,2/10/2025 0:00,C0276,P246,E008,B10,PAY04819,D04819,2,257.87,0.08,474.48,334.77,139.71,3595,Pending
O04820,5/23/2020 0:00,C0989,P233,E076,B07,PAY04820,D04820,4,299.67,0.07,1114.77,960.48,154.29,1784,Pending
O04821,3/16/2020 0:00,C0358,P228,E056,B13,PAY04821,D04821,1,533.51,0.15,453.48,377.03,76.45,2509,Pending
O04822,8/8/2024 0:00,C0479,P117,E061,B04,PAY04822,D04822,3,350.74,0.17,873.34,551.92,321.42,3815,Pending
O04823,9/28/2023 0:00,C0282,P128,E117,B14,PAY04823,D04823,4,1422.52,0.06,5348.68,4666.17,682.51,920,Pending
O04824,10/9/2025 0:00,C1188,P045,E066,B05,PAY04824,D04824,3,56.48,0.01,167.75,128.16,39.59,986,Delivered
O04825,6/21/2022 0:00,C0746,P092,E134,B12,PAY04825,D04825,2,20.44,0.05,38.84,29.08,9.76,2844,Pending
O04826,9/15/2024 0:00,C0576,P063,E007,B01,PAY04826,D04826,5,1440.86,0.14,6195.7,5294.16,901.54,1760,Cancelled
O04827,10/10/2020 0:00,C0379,P125,E144,B06,PAY04827,D04827,4,208.38,0.11,741.83,553.72,188.11,2089,Delivered
O04828,9/21/2025 0:00,C0639,P081,E149,B13,PAY04828,D04828,3,849.45,0.16,2140.61,1742.13,398.48,3386,Pending
O04829,1/2/2022 0:00,C1081,P200,E147,B03,PAY04829,D04829,4,139.48,0.19,451.92,338.04,113.88,4750,Delivered
O04830,3/11/2023 0:00,C0693,P273,E076,B03,PAY04830,D04830,2,1142.33,0.09,2079.04,1696.02,383.02,2826,Pending
O04831,10/2/2020 0:00,C0742,P275,E045,B10,PAY04831,D04831,1,1062.24,0.04,1019.75,810.7,209.05,1522,Delivered
O04832,2/29/2024 0:00,C0522,P118,E030,B05,PAY04832,D04832,2,1426.1,0.01,2823.68,2515.6,308.08,628,Cancelled
O04833,8/31/2022 0:00,C0826,P211,E084,B03,PAY04833,D04833,5,180.01,0.04,864.05,630.29,233.76,2111,Pending
O04834,1/17/2024 0:00,C1167,P056,E051,B11,PAY04834,D04834,1,1483.61,0.12,1305.58,1055.55,250.03,3086,Delivered
O04835,6/22/2022 0:00,C0850,P238,E116,B15,PAY04835,D04835,4,49.31,0.16,165.68,132.47,33.21,2591,Cancelled
O04836,5/23/2024 0:00,C1009,P196,E009,B03,PAY04836,D04836,1,1275.02,0.08,1173.02,869.38,303.64,4270,Pending
O04837,1/22/2020 0:00,C1192,P080,E110,B09,PAY04837,D04837,3,811.05,0.15,2068.18,1715.8,352.38,3930,Pending
O04838,7/7/2024 0:00,C0636,P082,E015,B09,PAY04838,D04838,3,270.52,0.05,770.98,528.6,242.38,1763,Delivered
O04839,10/30/2021 0:00,C0518,P182,E058,B03,PAY04839,D04839,1,427.79,0.07,397.84,337.11,60.73,1438,Delivered
O04840,4/7/2020 0:00,C0609,P033,E103,B02,PAY04840,D04840,1,1404.55,0.14,1207.91,938.25,269.66,4981,Cancelled
O04841,5/20/2023 0:00,C0194,P004,E015,B08,PAY04841,D04841,3,130.67,0.13,341.05,276.58,64.47,3188,Pending
O04842,12/16/2021 0:00,C0022,P163,E012,B05,PAY04842,D04842,5,842.36,0.03,4085.45,2595.31,1490.14,3362,Delivered
O04843,12/24/2024 0:00,C0410,P106,E008,B11,PAY04843,D04843,1,946.94,0.06,890.12,557.01,333.11,2241,Cancelled
O04844,12/23/2020 0:00,C0213,P143,E010,B03,PAY04844,D04844,2,926.74,0.09,1686.67,1490.99,195.68,4929,Pending
O04845,2/28/2022 0:00,C0545,P132,E069,B06,PAY04845,D04845,3,538.61,0.15,1373.46,1024.28,349.18,2921,Pending
O04846,12/22/2021 0:00,C0575,P074,E091,B03,PAY04846,D04846,3,440.29,0.07,1228.41,1102.79,125.62,1377,Pending
O04847,6/16/2022 0:00,C0967,P194,E046,B15,PAY04847,D04847,2,542.84,0.06,1020.54,912.71,107.83,1959,Delivered
O04848,10/18/2021 0:00,C0960,P067,E083,B11,PAY04848,D04848,3,172.08,0.14,443.97,378.21,65.76,4016,Cancelled
O04849,6/28/2023 0:00,C0327,P215,E049,B02,PAY04849,D04849,5,1071.66,0.1,4822.47,3924.47,898,3259,Delivered
O04850,2/5/2021 0:00,C1064,P026,E022,B14,PAY04850,D04850,5,483.42,0.02,2368.76,1951.22,417.54,3036,Cancelled
O04851,8/9/2023 0:00,C0706,P131,E134,B11,PAY04851,D04851,3,686.41,0.17,1709.16,1188.7,520.46,2490,Pending
O04852,11/29/2021 0:00,C0928,P006,E040,B06,PAY04852,D04852,1,383.17,0.17,318.03,197.48,120.55,2369,Delivered
O04853,8/11/2024 0:00,C0240,P110,E018,B05,PAY04853,D04853,3,518.87,0.1,1400.95,1045.49,355.46,4820,Cancelled
O04854,9/26/2020 0:00,C1198,P116,E141,B03,PAY04854,D04854,4,875.14,0.04,3360.54,2985.63,374.91,3421,Delivered
O04855,6/18/2025 0:00,C0118,P028,E077,B13,PAY04855,D04855,3,529.59,0.01,1572.88,1016.04,556.84,1549,Pending
O04856,3/31/2025 0:00,C0900,P290,E074,B03,PAY04856,D04856,3,1134.04,0.15,2891.8,1871.53,1020.27,3582,Delivered
O04857,3/12/2024 0:00,C1040,P216,E100,B03,PAY04857,D04857,2,833.49,0.1,1500.28,1343.99,156.29,4244,Pending
O04858,2/19/2021 0:00,C0914,P202,E116,B02,PAY04858,D04858,3,228.32,0.11,609.61,428.76,180.85,920,Delivered
O04859,11/5/2021 0:00,C1088,P030,E150,B11,PAY04859,D04859,4,788.6,0.07,2933.59,2244.72,688.87,2282,Cancelled
O04860,3/23/2025 0:00,C0298,P253,E035,B15,PAY04860,D04860,2,1105.68,0.02,2167.13,1595.07,572.06,2558,Pending
O04861,9/26/2021 0:00,C0334,P282,E125,B14,PAY04861,D04861,1,1250.23,0.04,1200.22,828.3,371.92,4338,Cancelled
O04862,1/5/2020 0:00,C0046,P185,E028,B07,PAY04862,D04862,1,1325,0.17,1099.75,878.95,220.8,2237,Delivered
O04863,12/8/2025 0:00,C0011,P035,E149,B07,PAY04863,D04863,4,762.59,0.16,2562.3,2172.46,389.84,3840,Delivered
O04864,9/15/2020 0:00,C0176,P182,E119,B13,PAY04864,D04864,3,222.99,0.09,608.76,440.49,168.27,2658,Cancelled
O04865,3/31/2022 0:00,C0296,P245,E004,B14,PAY04865,D04865,1,1002.99,0.05,952.84,607.85,344.99,2618,Cancelled
O04866,10/12/2022 0:00,C0670,P065,E086,B11,PAY04866,D04866,2,629.21,0.1,1132.58,933.83,198.75,4295,Delivered
O04867,11/17/2022 0:00,C0872,P193,E077,B06,PAY04867,D04867,4,949.08,0.04,3644.47,2861.37,783.1,3652,Pending
O04868,11/24/2022 0:00,C0126,P108,E086,B05,PAY04868,D04868,2,197.7,0.15,336.09,226.55,109.54,2953,Delivered
O04869,8/11/2024 0:00,C1092,P254,E035,B06,PAY04869,D04869,1,1079.96,0.17,896.37,701.11,195.26,4889,Cancelled
O04870,6/19/2023 0:00,C1024,P243,E134,B14,PAY04870,D04870,2,427.55,0.2,684.08,598.19,85.89,900,Pending
O04871,7/18/2022 0:00,C0836,P162,E107,B10,PAY04871,D04871,5,1157.61,0.08,5325.01,4368.43,956.58,4226,Delivered
O04872,10/9/2025 0:00,C0950,P036,E056,B07,PAY04872,D04872,2,1462.38,0.03,2837.02,2551.18,285.84,1493,Delivered
O04873,1/8/2025 0:00,C0713,P090,E061,B01,PAY04873,D04873,5,303.79,0.19,1230.35,773.57,456.78,2803,Pending
O04874,5/29/2025 0:00,C0671,P007,E074,B12,PAY04874,D04874,4,1167.17,0.06,4388.56,3531.69,856.87,3701,Cancelled
O04875,12/11/2023 0:00,C0796,P004,E044,B15,PAY04875,D04875,4,1174.07,0.05,4461.47,3254.36,1207.11,4714,Delivered
O04876,11/28/2021 0:00,C1056,P265,E060,B05,PAY04876,D04876,4,1030.12,0.13,3584.82,2398.08,1186.74,2045,Pending
O04877,10/13/2024 0:00,C1037,P250,E095,B11,PAY04877,D04877,5,918.91,0.07,4272.93,3583.42,689.51,2697,Delivered
O04878,2/24/2020 0:00,C0601,P163,E045,B11,PAY04878,D04878,4,275.37,0.17,914.23,662.28,251.95,1701,Delivered
O04879,2/12/2025 0:00,C0403,P010,E013,B07,PAY04879,D04879,3,637.04,0.11,1700.9,1059.06,641.84,1088,Cancelled
O04880,7/14/2022 0:00,C0613,P071,E063,B07,PAY04880,D04880,3,1431.93,0.02,4209.87,3464.54,745.33,3321,Delivered
O04881,10/2/2023 0:00,C0080,P093,E115,B09,PAY04881,D04881,1,969.15,0.15,823.78,509.61,314.17,582,Cancelled
O04882,9/23/2025 0:00,C0993,P014,E123,B12,PAY04882,D04882,2,552.5,0.01,1093.95,961.16,132.79,4046,Pending
O04883,11/14/2021 0:00,C0521,P092,E046,B12,PAY04883,D04883,4,973.22,0.19,3153.23,2044.05,1109.18,3977,Cancelled
O04884,7/1/2022 0:00,C0844,P127,E122,B08,PAY04884,D04884,5,1314.56,0.19,5323.97,3610.25,1713.72,2680,Delivered
O04885,3/29/2023 0:00,C0452,P144,E008,B07,PAY04885,D04885,2,1331.94,0.17,2211.02,1517.62,693.4,1466,Delivered
O04886,1/12/2024 0:00,C0252,P287,E074,B04,PAY04886,D04886,1,185.12,0.14,159.2,119.15,40.05,2634,Pending
O04887,5/28/2024 0:00,C0184,P293,E004,B15,PAY04887,D04887,3,78.36,0.03,228.03,165.29,62.74,4543,Pending
O04888,7/1/2020 0:00,C0365,P061,E140,B07,PAY04888,D04888,1,39.31,0.15,33.41,27.2,6.21,1465,Delivered
O04889,6/26/2020 0:00,C0813,P018,E060,B13,PAY04889,D04889,2,590.5,0.05,1121.95,993.09,128.86,2509,Cancelled
O04890,4/4/2021 0:00,C0440,P206,E012,B04,PAY04890,D04890,4,71.08,0.06,267.26,213.21,54.05,1945,Delivered
O04891,5/13/2025 0:00,C0999,P240,E021,B05,PAY04891,D04891,5,960.1,0.09,4368.45,3129.34,1239.11,3203,Pending
O04892,11/5/2022 0:00,C0515,P163,E112,B03,PAY04892,D04892,1,1412.96,0.18,1158.63,834.48,324.15,1746,Delivered
O04893,8/29/2025 0:00,C0184,P232,E064,B09,PAY04893,D04893,4,736.82,0.08,2711.5,1971.97,739.53,1154,Delivered
O04894,1/9/2023 0:00,C0368,P152,E122,B02,PAY04894,D04894,1,46.85,0.05,44.51,31.42,13.09,3325,Cancelled
O04895,8/6/2020 0:00,C1159,P203,E014,B01,PAY04895,D04895,2,430.3,0.2,688.48,598.53,89.95,931,Cancelled
O04896,12/11/2021 0:00,C0728,P088,E012,B05,PAY04896,D04896,4,936.81,0.09,3409.99,2981,428.99,3458,Cancelled
O04897,8/4/2021 0:00,C0922,P227,E077,B12,PAY04897,D04897,2,504.01,0.18,826.58,638.33,188.25,3749,Delivered
O04898,11/11/2023 0:00,C0858,P078,E075,B07,PAY04898,D04898,1,1015.17,0.11,903.5,596.5,307,531,Cancelled
O04899,1/22/2021 0:00,C0611,P254,E068,B04,PAY04899,D04899,5,81.65,0.06,383.75,310.07,73.68,1810,Pending
O04900,7/10/2020 0:00,C0624,P027,E136,B14,PAY04900,D04900,3,111.77,0.11,298.43,180.67,117.76,1650,Cancelled
O04901,6/9/2023 0:00,C1034,P024,E083,B03,PAY04901,D04901,1,585.85,0.19,474.54,386.01,88.53,778,Delivered
O04902,2/17/2025 0:00,C0245,P127,E087,B10,PAY04902,D04902,1,924.77,0.04,887.78,546.8,340.98,4308,Pending
O04903,1/24/2024 0:00,C0876,P007,E080,B10,PAY04903,D04903,1,279.19,0.17,231.73,194.84,36.89,3163,Cancelled
O04904,8/1/2021 0:00,C0354,P036,E012,B14,PAY04904,D04904,2,1296.61,0.1,2333.9,1513.73,820.17,1715,Delivered
O04905,1/31/2022 0:00,C0388,P092,E042,B14,PAY04905,D04905,2,1403.08,0.19,2272.99,1709.97,563.02,2063,Cancelled
O04906,3/11/2024 0:00,C0202,P010,E039,B09,PAY04906,D04906,3,958.93,0.01,2848.02,1941.57,906.45,4958,Delivered
O04907,11/15/2023 0:00,C0441,P188,E134,B03,PAY04907,D04907,4,1331.97,0.11,4741.81,3835,906.81,3959,Delivered
O04908,3/16/2023 0:00,C0143,P292,E039,B08,PAY04908,D04908,3,742.28,0.1,2004.16,1594.68,409.48,3221,Pending
O04909,9/29/2024 0:00,C0719,P262,E125,B12,PAY04909,D04909,1,1073.27,0.08,987.41,638.56,348.85,728,Cancelled
O04910,7/12/2021 0:00,C0283,P056,E043,B15,PAY04910,D04910,4,1308.66,0.14,4501.79,3775.91,725.88,1272,Pending
O04911,8/13/2025 0:00,C0416,P082,E072,B09,PAY04911,D04911,1,1386.44,0,1386.44,1064.62,321.82,1826,Delivered
O04912,7/20/2020 0:00,C0452,P158,E065,B10,PAY04912,D04912,2,986.45,0.11,1755.88,1450.44,305.44,3971,Cancelled
O04913,9/14/2023 0:00,C0925,P158,E116,B03,PAY04913,D04913,3,1188.31,0.16,2994.54,1812.68,1181.86,1335,Cancelled
O04914,8/10/2025 0:00,C0408,P052,E009,B03,PAY04914,D04914,4,412.63,0.03,1601,1227.39,373.61,616,Delivered
O04915,9/16/2021 0:00,C0682,P163,E050,B07,PAY04915,D04915,2,1247.66,0.16,2096.07,1714.7,381.37,1983,Cancelled
O04916,5/17/2022 0:00,C0786,P101,E054,B07,PAY04916,D04916,2,652.77,0.07,1214.15,847.29,366.86,1550,Pending
O04917,10/4/2025 0:00,C0785,P068,E017,B10,PAY04917,D04917,2,1089.51,0.12,1917.54,1461.73,455.81,3178,Delivered
O04918,9/12/2023 0:00,C0586,P222,E049,B09,PAY04918,D04918,2,68.96,0.09,125.51,86.27,39.24,934,Cancelled
O04919,11/17/2025 0:00,C0506,P116,E083,B06,PAY04919,D04919,3,1405.22,0.03,4089.19,2740.95,1348.24,2374,Cancelled
O04920,8/5/2020 0:00,C1111,P028,E108,B06,PAY04920,D04920,4,586.32,0.16,1970.04,1772.15,197.89,2058,Pending
O04921,4/2/2024 0:00,C0909,P287,E109,B08,PAY04921,D04921,1,925.55,0.19,749.7,669.73,79.97,3751,Delivered
O04922,3/10/2025 0:00,C0523,P245,E087,B02,PAY04922,D04922,3,477.36,0.08,1317.51,867.67,449.84,3159,Delivered
O04923,3/5/2021 0:00,C0355,P195,E105,B03,PAY04923,D04923,2,823.97,0.04,1582.02,1211.05,370.97,2030,Delivered
O04924,8/9/2023 0:00,C0767,P022,E102,B07,PAY04924,D04924,1,622.05,0.04,597.17,381.91,215.26,3373,Delivered
O04925,7/15/2020 0:00,C0098,P155,E027,B07,PAY04925,D04925,2,376.94,0.11,670.95,422.82,248.13,2690,Pending
O04926,8/2/2023 0:00,C0514,P073,E098,B02,PAY04926,D04926,4,893.08,0.19,2893.58,2001.6,891.98,2009,Pending
O04927,1/12/2021 0:00,C0330,P295,E040,B05,PAY04927,D04927,5,1180.73,0.13,5136.18,3176.6,1959.58,1768,Cancelled
O04928,9/9/2022 0:00,C1068,P007,E004,B13,PAY04928,D04928,1,1483.06,0.12,1305.09,808.99,496.1,4223,Pending
O04929,1/31/2025 0:00,C0373,P072,E122,B08,PAY04929,D04929,3,1259.07,0.12,3323.94,2788.24,535.7,3805,Cancelled
O04930,7/26/2021 0:00,C0597,P169,E040,B13,PAY04930,D04930,3,747.06,0.14,1927.41,1160.92,766.49,2530,Cancelled
O04931,3/12/2021 0:00,C1028,P165,E015,B13,PAY04931,D04931,1,1431.96,0.2,1145.57,743.45,402.12,1768,Pending
O04932,5/29/2023 0:00,C0351,P093,E070,B06,PAY04932,D04932,2,1341.2,0.01,2655.58,2104.52,551.06,4498,Pending
O04933,9/2/2025 0:00,C0768,P300,E120,B15,PAY04933,D04933,3,1355.31,0.05,3862.63,2699.79,1162.84,4058,Cancelled
O04934,12/9/2022 0:00,C0592,P047,E098,B08,PAY04934,D04934,5,1369.33,0.18,5614.25,3848.92,1765.33,3080,Delivered
O04935,12/3/2021 0:00,C1040,P208,E033,B12,PAY04935,D04935,1,360.43,0.15,306.37,250.53,55.84,4034,Pending
O04936,9/28/2024 0:00,C0695,P298,E022,B10,PAY04936,D04936,1,1413.98,0.11,1258.44,1118.68,139.76,1929,Pending
O04937,9/29/2022 0:00,C0073,P055,E122,B03,PAY04937,D04937,1,1116.12,0.18,915.22,736.22,179,3072,Cancelled
O04938,5/24/2021 0:00,C1131,P154,E141,B11,PAY04938,D04938,5,514.27,0.09,2339.93,1891.3,448.63,3007,Pending
O04939,8/12/2022 0:00,C0103,P139,E140,B05,PAY04939,D04939,3,1250.09,0.07,3487.75,3103.25,384.5,2345,Delivered
O04940,4/25/2023 0:00,C0983,P229,E095,B03,PAY04940,D04940,4,444.26,0.1,1599.34,1365.8,233.54,3742,Pending
O04941,5/9/2024 0:00,C0202,P072,E107,B12,PAY04941,D04941,2,889.28,0.16,1493.99,1282.58,211.41,1204,Pending
O04942,9/27/2023 0:00,C0913,P010,E037,B13,PAY04942,D04942,5,41.13,0.05,195.37,172.96,22.41,3443,Pending
O04943,1/14/2025 0:00,C0206,P039,E104,B13,PAY04943,D04943,4,985.57,0.07,3666.32,2694.68,971.64,2749,Delivered
O04944,4/27/2021 0:00,C0833,P178,E017,B03,PAY04944,D04944,1,849.38,0.1,764.44,558.48,205.96,1421,Delivered
O04945,12/8/2022 0:00,C0087,P086,E017,B01,PAY04945,D04945,5,51.05,0.06,239.93,214.31,25.62,3632,Delivered
O04946,3/7/2025 0:00,C0722,P136,E081,B08,PAY04946,D04946,1,1413.8,0.01,1399.66,1035.82,363.84,3768,Cancelled
O04947,9/2/2024 0:00,C0193,P061,E147,B09,PAY04947,D04947,2,387.34,0.19,627.49,398.92,228.57,2488,Pending
O04948,1/10/2025 0:00,C0099,P178,E024,B12,PAY04948,D04948,2,1150.56,0.19,1863.91,1294.86,569.05,962,Pending
O04949,9/17/2025 0:00,C0076,P137,E103,B10,PAY04949,D04949,5,351.31,0.12,1545.76,1223.59,322.17,2747,Cancelled
O04950,11/27/2021 0:00,C0769,P023,E076,B12,PAY04950,D04950,2,456.93,0.1,822.47,736.98,85.49,3341,Delivered
O04951,4/5/2025 0:00,C0331,P144,E102,B11,PAY04951,D04951,2,152.71,0.06,287.09,256.53,30.56,3131,Pending
O04952,7/2/2024 0:00,C0543,P043,E126,B06,PAY04952,D04952,5,890.21,0.06,4183.99,2693.05,1490.94,905,Pending
O04953,5/2/2025 0:00,C0113,P072,E136,B13,PAY04953,D04953,4,888.12,0.08,3268.28,2491,777.28,3495,Cancelled
O04954,10/17/2022 0:00,C0349,P026,E006,B10,PAY04954,D04954,5,284.67,0.11,1266.78,1118.97,147.81,1285,Cancelled
O04955,12/29/2020 0:00,C0355,P070,E126,B04,PAY04955,D04955,3,1086.94,0.02,3195.6,1972.22,1223.38,2074,Delivered
O04956,11/20/2022 0:00,C0676,P225,E041,B05,PAY04956,D04956,2,722.42,0.2,1155.87,937.01,218.86,2298,Delivered
O04957,7/14/2024 0:00,C0928,P178,E031,B07,PAY04957,D04957,4,1044.58,0,4178.32,3699.83,478.49,545,Cancelled
O04958,6/20/2025 0:00,C0448,P117,E004,B11,PAY04958,D04958,4,308.6,0.14,1061.58,697.41,364.17,3173,Cancelled
O04959,12/28/2020 0:00,C0195,P099,E145,B06,PAY04959,D04959,1,348.4,0.2,278.72,221.9,56.82,1824,Pending
O04960,8/13/2023 0:00,C0344,P051,E117,B09,PAY04960,D04960,2,1281.12,0.11,2280.39,1784.33,496.06,3870,Delivered
O04961,6/22/2025 0:00,C1069,P167,E037,B08,PAY04961,D04961,5,1336.06,0.08,6145.88,5517.3,628.58,771,Delivered
O04962,6/17/2023 0:00,C0509,P094,E087,B03,PAY04962,D04962,1,704.41,0.17,584.66,514.09,70.57,3864,Pending
O04963,12/9/2020 0:00,C0350,P162,E049,B05,PAY04963,D04963,2,127.61,0.06,239.91,155.27,84.64,1114,Cancelled
O04964,9/12/2020 0:00,C0243,P250,E122,B03,PAY04964,D04964,1,742.62,0.06,698.06,604.03,94.03,4121,Pending
O04965,12/4/2023 0:00,C0035,P061,E029,B09,PAY04965,D04965,4,1082.32,0.16,3636.6,2657.48,979.12,2099,Delivered
O04966,9/15/2023 0:00,C1108,P009,E125,B08,PAY04966,D04966,4,173.67,0.2,555.74,355.46,200.28,2231,Delivered
O04967,2/24/2025 0:00,C0405,P263,E024,B08,PAY04967,D04967,5,551.08,0.02,2700.29,2399.14,301.15,3535,Cancelled
O04968,7/3/2021 0:00,C0292,P153,E125,B14,PAY04968,D04968,5,1137.73,0.1,5119.78,4128.01,991.77,3944,Cancelled
O04969,9/29/2024 0:00,C0067,P039,E083,B05,PAY04969,D04969,5,656.16,0.08,3018.34,2591.79,426.55,2498,Delivered
O04970,10/2/2020 0:00,C0025,P272,E137,B07,PAY04970,D04970,1,842.22,0.14,724.31,454.31,270,4668,Cancelled
O04971,3/4/2025 0:00,C0626,P193,E078,B12,PAY04971,D04971,2,988.38,0.11,1759.32,1104.87,654.45,2000,Cancelled
O04972,10/23/2022 0:00,C0275,P231,E101,B03,PAY04972,D04972,3,1220.77,0.03,3552.44,2567.81,984.63,4459,Cancelled
O04973,3/2/2020 0:00,C0050,P218,E008,B01,PAY04973,D04973,5,394.19,0.19,1596.47,1221.95,374.52,1660,Delivered
O04974,6/1/2025 0:00,C0985,P080,E034,B05,PAY04974,D04974,5,328.82,0.1,1479.69,1239.84,239.85,2829,Pending
O04975,6/11/2025 0:00,C0366,P157,E110,B06,PAY04975,D04975,2,352.48,0.01,697.91,488.11,209.8,621,Delivered
O04976,9/12/2023 0:00,C1051,P258,E033,B02,PAY04976,D04976,1,1337.5,0.18,1096.75,898.6,198.15,3739,Pending
O04977,10/10/2025 0:00,C0874,P149,E038,B07,PAY04977,D04977,5,1389.59,0.07,6461.59,5073.43,1388.16,3812,Pending
O04978,10/29/2022 0:00,C0445,P099,E126,B13,PAY04978,D04978,1,525.96,0.1,473.36,338.61,134.75,4098,Pending
O04979,4/7/2023 0:00,C0731,P131,E096,B08,PAY04979,D04979,1,434.08,0.16,364.63,326.28,38.35,1146,Pending
O04980,4/5/2024 0:00,C0958,P106,E110,B02,PAY04980,D04980,2,137.51,0.14,236.52,202.57,33.95,682,Delivered
O04981,7/1/2020 0:00,C0785,P152,E118,B09,PAY04981,D04981,4,1239.39,0.05,4709.68,3003.59,1706.09,2631,Delivered
O04982,12/31/2025 0:00,C0706,P055,E126,B06,PAY04982,D04982,2,146.88,0.07,273.2,224.16,49.04,2043,Pending
O04983,8/28/2021 0:00,C0238,P183,E063,B06,PAY04983,D04983,2,302.64,0.06,568.96,508.99,59.97,1572,Delivered
O04984,10/25/2025 0:00,C0019,P001,E118,B01,PAY04984,D04984,5,1141.38,0.12,5022.07,3619.81,1402.26,3855,Delivered
O04985,5/3/2023 0:00,C0207,P255,E049,B12,PAY04985,D04985,2,1007.62,0.06,1894.33,1535.51,358.82,3587,Pending
O04986,11/6/2024 0:00,C0885,P036,E098,B10,PAY04986,D04986,5,1287.17,0.14,5534.83,4386.35,1148.48,3013,Cancelled
O04987,2/11/2020 0:00,C0130,P034,E035,B06,PAY04987,D04987,3,1123.25,0.05,3201.26,2549.99,651.27,3248,Delivered
O04988,6/5/2024 0:00,C0074,P138,E016,B01,PAY04988,D04988,1,470.39,0.03,456.28,330.82,125.46,4941,Cancelled
O04989,6/30/2023 0:00,C0266,P098,E084,B08,PAY04989,D04989,4,24.38,0.01,96.54,77.65,18.89,4265,Delivered
O04990,7/10/2025 0:00,C0033,P101,E075,B04,PAY04990,D04990,5,765.27,0.03,3711.56,2710.96,1000.6,1684,Delivered
O04991,7/7/2020 0:00,C0986,P147,E005,B14,PAY04991,D04991,3,807.03,0.12,2130.56,1354.68,775.88,3682,Pending
O04992,5/18/2021 0:00,C0130,P026,E009,B06,PAY04992,D04992,1,383.87,0.18,314.77,259.08,55.69,2038,Delivered
O04993,11/9/2024 0:00,C1098,P137,E096,B06,PAY04993,D04993,5,319.97,0.04,1535.86,946.05,589.81,1956,Delivered
O04994,5/10/2020 0:00,C1052,P024,E138,B01,PAY04994,D04994,1,379.99,0.16,319.19,194.77,124.42,643,Pending
O04995,9/3/2021 0:00,C0356,P292,E128,B02,PAY04995,D04995,5,84.26,0.03,408.66,297.72,110.94,3143,Cancelled
O04996,2/6/2025 0:00,C1096,P239,E064,B01,PAY04996,D04996,2,1002.33,0.13,1744.05,1327.47,416.58,4764,Delivered
O04997,7/27/2021 0:00,C1168,P286,E106,B05,PAY04997,D04997,4,1053.98,0.19,3414.9,2268.21,1146.69,2874,Delivered
O04998,9/10/2020 0:00,C0145,P240,E066,B08,PAY04998,D04998,4,576.05,0.12,2027.7,1236.98,790.72,698,Pending
O04999,8/15/2020 0:00,C0083,P074,E136,B06,PAY04999,D04999,4,81.39,0.19,263.7,168.07,95.63,2687,Delivered
O05000,12/23/2020 0:00,C0440,P006,E097,B10,PAY05000,D05000,2,1175.53,0.02,2304.04,1751.63,552.41,1625,Delivered
